Id:,11059
Estación:,LA MAGDALENA-GTO
Posición:,21.3086111111N -101.169444444W
Variable:,Temp Promedio (oC)
Fecha Inicial:,12/01/2011
Fecha Final:,04/01/2013
No Dato:,nan
Mes,Día,Anio,Datos
12,01,2011,13.75
12,02,2011,13.75
12,03,2011,14.25
12,04,2011,15.0
12,05,2011,17.25
12,06,2011,16.5
12,07,2011,17.5
12,08,2011,15.25
12,09,2011,16.0
12,10,2011,15.75
12,11,2011,16.5
12,12,2011,15.5
12,13,2011,15.5
12,14,2011,16.5
12,15,2011,16.5
12,16,2011,17.25
12,17,2011,18.0
12,18,2011,17.0
12,19,2011,17.0
12,20,2011,16.75
12,21,2011,16.0
12,22,2011,16.0
12,23,2011,16.25
12,24,2011,15.0
12,25,2011,16.5
12,26,2011,17.25
12,27,2011,15.5
12,28,2011,16.75
12,29,2011,14.0
12,30,2011,15.75
12,31,2011,16.5
01,01,2012,17.0
01,02,2012,17.5
01,03,2012,12.5
01,04,2012,12.0
01,05,2012,13.0
01,06,2012,14.5
01,07,2012,13.0
01,08,2012,15.5
01,09,2012,16.0
01,10,2012,15.0
01,11,2012,16.25
01,12,2012,13.25
01,13,2012,15.5
01,14,2012,16.5
01,15,2012,15.0
01,16,2012,16.5
01,17,2012,16.25
01,18,2012,16.0
01,19,2012,17.5
01,20,2012,17.0
01,21,2012,17.25
01,22,2012,17.5
01,23,2012,17.5
01,24,2012,17.5
01,25,2012,17.5
01,26,2012,16.5
01,27,2012,15.0
01,28,2012,15.5
01,29,2012,17.0
01,30,2012,14.75
01,31,2012,17.0
02,01,2012,14.5
02,02,2012,15.5
02,03,2012,17.0
02,04,2012,16.5
02,05,2012,17.5
02,06,2012,16.0
02,07,2012,15.5
02,08,2012,11.5
02,09,2012,14.5
02,10,2012,13.0
02,11,2012,10.5
02,12,2012,11.25
02,13,2012,11.0
02,14,2012,15.0
02,15,2012,17.0
02,16,2012,15.5
02,17,2012,17.5
02,18,2012,17.5
02,19,2012,18.5
02,20,2012,18.0
02,21,2012,18.6
02,22,2012,18.5
02,23,2012,19.0
02,24,2012,18.5
02,25,2012,17.75
02,26,2012,18.5
02,27,2012,17.5
02,28,2012,19.0
02,29,2012,20.0
03,01,2012,20.5
03,02,2012,20.25
03,03,2012,20.0
03,04,2012,20.75
03,05,2012,19.5
03,06,2012,18.0
03,07,2012,19.5
03,08,2012,20.0
03,09,2012,20.5
03,10,2012,21.5
03,11,2012,19.5
03,12,2012,18.5
03,13,2012,20.5
03,14,2012,21.0
03,15,2012,20.0
03,16,2012,20.0
03,17,2012,19.0
03,18,2012,20.0
03,19,2012,19.5
03,20,2012,17.0
03,21,2012,18.5
03,22,2012,19.0
03,23,2012,19.5
03,24,2012,18.5
03,25,2012,19.0
03,26,2012,20.0
03,27,2012,21.0
03,28,2012,20.5
03,29,2012,19.5
03,30,2012,20.0
03,31,2012,19.0
04,01,2012,19.0
04,02,2012,18.0
04,03,2012,18.5
04,04,2012,18.75
04,05,2012,20.0
04,06,2012,20.25
04,07,2012,21.5
04,08,2012,21.75
04,09,2012,21.25
04,10,2012,22.0
04,11,2012,20.75
04,12,2012,22.0
04,13,2012,22.0
04,14,2012,20.0
04,15,2012,21.25
04,16,2012,23.5
04,17,2012,21.5
04,18,2012,20.5
04,19,2012,22.0
04,20,2012,22.0
04,21,2012,21.0
04,22,2012,21.25
04,23,2012,21.0
04,24,2012,20.0
04,25,2012,22.0
04,26,2012,21.5
04,27,2012,22.5
04,28,2012,24.5
04,29,2012,24.0
04,30,2012,23.5
05,01,2012,24.0
05,02,2012,24.5
05,03,2012,25.25
05,04,2012,25.0
05,05,2012,23.0
05,06,2012,24.25
05,07,2012,23.5
05,08,2012,24.25
05,09,2012,24.75
05,10,2012,24.5
05,11,2012,22.5
05,12,2012,23.25
05,13,2012,23.5
05,14,2012,23.5
05,15,2012,22.5
05,16,2012,23.5
05,17,2012,23.0
05,18,2012,22.75
05,19,2012,23.5
05,20,2012,24.5
05,21,2012,22.25
05,22,2012,22.25
05,23,2012,22.25
05,24,2012,23.75
05,25,2012,23.5
05,26,2012,21.5
05,27,2012,22.25
05,28,2012,24.5
05,29,2012,24.75
05,30,2012,25.25
05,31,2012,24.0
06,01,2012,23.0
06,02,2012,23.25
06,03,2012,22.5
06,04,2012,21.25
06,05,2012,22.25
06,06,2012,25.25
06,07,2012,24.5
06,08,2012,24.25
06,09,2012,25.0
06,10,2012,24.5
06,11,2012,24.25
06,12,2012,25.0
06,13,2012,23.75
06,14,2012,24.0
06,15,2012,23.75
06,16,2012,22.5
06,17,2012,23.25
06,18,2012,22.0
06,19,2012,21.5
06,20,2012,22.0
06,21,2012,22.25
06,22,2012,20.0
06,23,2012,19.0
06,24,2012,21.0
06,25,2012,21.5
06,26,2012,21.5
06,27,2012,21.5
06,28,2012,21.25
06,29,2012,22.25
06,30,2012,22.75
07,01,2012,20.0
07,02,2012,19.0
07,03,2012,18.0
07,04,2012,20.5
07,05,2012,20.0
07,06,2012,20.0
07,07,2012,20.25
07,08,2012,21.25
07,09,2012,21.75
07,10,2012,22.0
07,11,2012,17.75
07,12,2012,21.5
07,13,2012,20.0
07,14,2012,17.25
07,15,2012,18.5
07,16,2012,20.25
07,17,2012,20.25
07,18,2012,19.75
07,19,2012,19.25
07,20,2012,19.75
07,21,2012,19.5
07,22,2012,21.25
07,23,2012,20.75
07,24,2012,21.0
07,25,2012,21.25
07,26,2012,20.0
07,27,2012,19.5
07,28,2012,20.75
07,29,2012,19.75
07,30,2012,19.75
07,31,2012,21.0
08,01,2012,20.5
08,02,2012,21.0
08,03,2012,21.5
08,04,2012,21.25
08,05,2012,20.25
08,06,2012,19.75
08,07,2012,20.0
08,08,2012,20.75
08,09,2012,19.75
08,10,2012,18.25
08,11,2012,19.5
08,12,2012,18.0
08,13,2012,17.5
08,14,2012,19.25
08,15,2012,20.5
08,16,2012,21.0
08,17,2012,19.5
08,18,2012,20.0
08,19,2012,20.25
08,20,2012,19.25
08,21,2012,20.25
08,22,2012,19.25
08,23,2012,20.0
08,24,2012,20.25
08,25,2012,20.75
08,26,2012,21.25
08,27,2012,20.25
08,28,2012,19.75
08,29,2012,21.5
08,30,2012,20.0
08,31,2012,21.0
09,01,2012,19.75
09,02,2012,21.0
09,03,2012,20.5
09,04,2012,20.0
09,05,2012,21.25
09,06,2012,21.0
09,07,2012,20.25
09,08,2012,20.0
09,09,2012,19.25
09,10,2012,20.0
09,11,2012,19.25
09,12,2012,20.5
09,13,2012,21.25
09,14,2012,20.0
09,15,2012,20.25
09,16,2012,19.5
09,17,2012,18.75
09,18,2012,19.5
09,19,2012,18.25
09,20,2012,17.75
09,21,2012,16.0
09,22,2012,18.75
09,23,2012,18.25
09,24,2012,18.0
09,25,2012,19.75
09,26,2012,21.0
09,27,2012,21.0
09,28,2012,20.0
09,29,2012,20.5
09,30,2012,21.75
10,01,2012,20.0
10,02,2012,19.0
10,03,2012,18.75
10,04,2012,17.25
10,05,2012,20.0
10,06,2012,19.0
10,07,2012,18.5
10,08,2012,18.25
10,09,2012,19.5
10,10,2012,20.0
10,11,2012,19.5
10,12,2012,20.25
10,13,2012,21.75
10,14,2012,20.5
10,15,2012,20.5
10,16,2012,19.05
10,17,2012,18.0
10,18,2012,21.0
10,19,2012,20.75
10,20,2012,19.0
10,21,2012,23.0
10,22,2012,19.5
10,23,2012,19.75
10,24,2012,20.25
10,25,2012,19.25
10,26,2012,19.5
10,27,2012,17.0
10,28,2012,20.0
10,29,2012,20.25
10,30,2012,22.0
10,31,2012,20.0
11,01,2012,18.0
11,02,2012,18.25
11,03,2012,18.5
11,04,2012,18.0
11,05,2012,18.5
11,06,2012,15.75
11,07,2012,16.5
11,08,2012,16.25
11,09,2012,16.5
11,10,2012,20.0
11,11,2012,16.0
11,12,2012,21.0
11,13,2012,18.5
11,14,2012,17.0
11,15,2012,16.5
11,16,2012,15.0
11,17,2012,19.0
11,18,2012,17.5
11,19,2012,17.0
11,20,2012,16.75
11,21,2012,17.5
11,22,2012,18.0
11,23,2012,15.25
11,24,2012,16.5
11,25,2012,16.75
11,26,2012,15.0
11,27,2012,17.0
11,28,2012,16.75
11,29,2012,17.25
11,30,2012,17.5
12,01,2012,17.5
12,02,2012,18.0
12,03,2012,18.0
12,04,2012,18.0
12,05,2012,18.0
12,06,2012,18.0
12,07,2012,18.0
12,08,2012,16.25
12,09,2012,15.75
12,10,2012,16.0
12,11,2012,16.5
12,12,2012,17.0
12,13,2012,16.75
12,14,2012,17.5
12,15,2012,16.5
12,16,2012,17.5
12,17,2012,17.5
12,18,2012,17.5
12,19,2012,17.0
12,20,2012,17.5
12,21,2012,16.75
12,22,2012,16.5
12,23,2012,16.5
12,24,2012,16.75
12,25,2012,16.75
12,26,2012,15.0
12,27,2012,16.0
12,28,2012,16.5
12,29,2012,16.0
12,30,2012,17.0
12,31,2012,16.0
01,01,2013,18.5
01,02,2013,18.0
01,03,2013,17.0
01,04,2013,17.5
01,05,2013,17.0
01,06,2013,16.5
01,07,2013,13.5
01,08,2013,14.5
01,09,2013,15.5
01,10,2013,14.5
01,11,2013,15.5
01,12,2013,16.5
01,13,2013,18.0
01,14,2013,16.5
01,15,2013,17.5
01,16,2013,17.0
01,17,2013,18.0
01,18,2013,11.5
01,19,2013,11.0
01,20,2013,14.0
01,21,2013,17.0
01,22,2013,15.5
01,23,2013,15.0
01,24,2013,15.5
01,25,2013,16.0
01,26,2013,16.5
01,27,2013,16.5
01,28,2013,15.5
01,29,2013,17.0
01,30,2013,17.0
01,31,2013,16.0
02,01,2013,17.0
02,02,2013,18.75
02,03,2013,19.0
02,04,2013,17.5
02,05,2013,18.0
02,06,2013,18.75
02,07,2013,18.25
02,08,2013,19.5
02,09,2013,19.75
02,10,2013,20.25
02,11,2013,19.75
02,12,2013,18.5
02,13,2013,18.75
02,14,2013,18.25
02,15,2013,17.5
02,16,2013,18.25
02,17,2013,17.0
02,18,2013,17.75
02,19,2013,19.5
02,20,2013,20.25
02,21,2013,19.5
02,22,2013,19.25
02,23,2013,19.0
02,24,2013,18.5
02,25,2013,17.25
02,26,2013,20.0
02,27,2013,19.25
02,28,2013,19.0
03,01,2013,20.25
03,02,2013,17.75
03,03,2013,15.5
03,04,2013,13.5
03,05,2013,16.75
03,06,2013,17.5
03,07,2013,18.75
03,08,2013,19.25
03,09,2013,19.5
03,10,2013,20.25
03,11,2013,19.75
03,12,2013,17.0
03,13,2013,18.0
03,14,2013,16.5
03,15,2013,10.5
03,16,2013,15.75
03,17,2013,16.25
03,18,2013,16.5
03,19,2013,19.0
03,20,2013,22.5
03,21,2013,19.5
03,22,2013,20.5
03,23,2013,19.5
03,24,2013,21.25
03,25,2013,20.0
03,26,2013,17.5
03,27,2013,19.0
03,28,2013,19.5
03,29,2013,18.5
03,30,2013,19.0
03,31,2013,19.5
