Id:,32148
Estación:,LAS HUERTAS-ZAC
Posición:,24.3938888889N -101.084722222W
Variable:,Temp Promedio (oC)
Fecha Inicial:,01/01/2005
Fecha Final:,01/01/2013
No Dato:,nan
Mes,Día,Anio,Datos
01,01,2005,12.0
01,02,2005,13.0
01,03,2005,12.5
01,04,2005,11.5
01,05,2005,10.5
01,06,2005,10.5
01,07,2005,11.0
01,08,2005,11.0
01,09,2005,12.5
01,10,2005,12.5
01,11,2005,12.0
01,12,2005,13.0
01,13,2005,13.0
01,14,2005,14.5
01,15,2005,15.0
01,16,2005,14.5
01,17,2005,13.5
01,18,2005,14.0
01,19,2005,13.5
01,20,2005,12.5
01,21,2005,11.5
01,22,2005,11.5
01,23,2005,11.5
01,24,2005,11.5
01,25,2005,13.0
01,26,2005,14.5
01,27,2005,13.5
01,28,2005,12.5
01,29,2005,12.0
01,30,2005,12.0
01,31,2005,11.0
02,01,2005,11.0
02,02,2005,9.5
02,03,2005,9.0
02,04,2005,8.5
02,05,2005,10.5
02,06,2005,10.5
02,07,2005,11.0
02,08,2005,15.0
02,09,2005,12.5
02,10,2005,12.5
02,11,2005,12.5
02,12,2005,11.5
02,13,2005,14.0
02,14,2005,15.0
02,15,2005,15.0
02,16,2005,16.5
02,17,2005,18.5
02,18,2005,19.5
02,19,2005,20.5
02,20,2005,20.5
02,21,2005,19.0
02,22,2005,18.0
02,23,2005,14.5
02,24,2005,12.5
02,25,2005,11.5
02,26,2005,12.5
02,27,2005,14.5
02,28,2005,14.0
03,01,2005,15.0
03,02,2005,15.0
03,03,2005,15.0
03,04,2005,15.5
03,05,2005,14.0
03,06,2005,16.0
03,07,2005,18.0
03,08,2005,19.5
03,09,2005,21.0
03,10,2005,23.0
03,11,2005,22.0
03,12,2005,16.5
03,13,2005,14.0
03,14,2005,13.0
03,15,2005,15.5
03,16,2005,16.5
03,17,2005,16.5
03,18,2005,16.0
03,19,2005,15.5
03,20,2005,16.5
03,21,2005,18.0
03,22,2005,20.0
03,23,2005,17.5
03,24,2005,17.5
03,25,2005,20.0
03,26,2005,21.5
03,27,2005,22.0
03,28,2005,20.0
03,29,2005,20.0
03,30,2005,21.5
03,31,2005,19.0
04,01,2005,19.5
04,02,2005,19.0
04,03,2005,17.0
04,04,2005,18.0
04,05,2005,19.0
04,06,2005,18.5
04,07,2005,20.0
04,08,2005,19.5
04,09,2005,19.0
04,10,2005,19.0
04,11,2005,20.0
04,12,2005,20.5
04,13,2005,21.0
04,14,2005,22.0
04,15,2005,21.5
04,16,2005,20.0
04,17,2005,20.0
04,18,2005,19.5
04,19,2005,22.0
04,20,2005,23.0
04,21,2005,22.0
04,22,2005,22.0
04,23,2005,21.0
04,24,2005,20.0
04,25,2005,19.0
04,26,2005,21.5
04,27,2005,21.0
04,28,2005,22.5
04,29,2005,22.0
04,30,2005,23.0
05,01,2005,20.0
05,02,2005,20.0
05,03,2005,19.5
05,04,2005,20.5
05,05,2005,21.5
05,06,2005,19.0
05,07,2005,20.5
05,08,2005,20.0
05,09,2005,21.0
05,10,2005,22.5
05,11,2005,21.5
05,12,2005,22.0
05,13,2005,21.0
05,14,2005,17.5
05,15,2005,18.5
05,16,2005,22.0
05,17,2005,19.5
05,18,2005,18.5
05,19,2005,19.0
05,20,2005,22.0
05,21,2005,21.0
05,22,2005,21.5
05,23,2005,21.5
05,24,2005,20.5
05,25,2005,24.0
05,26,2005,22.0
05,27,2005,20.5
05,28,2005,19.5
05,29,2005,23.0
05,30,2005,22.5
05,31,2005,22.5
06,01,2005,23.5
06,02,2005,23.5
06,03,2005,24.0
06,04,2005,25.5
06,05,2005,24.0
06,06,2005,24.5
06,07,2005,25.5
06,08,2005,25.0
06,09,2005,23.5
06,10,2005,23.0
06,11,2005,24.5
06,12,2005,23.0
06,13,2005,21.5
06,14,2005,24.5
06,15,2005,24.5
06,16,2005,20.0
06,17,2005,21.5
06,18,2005,22.0
06,19,2005,21.0
06,20,2005,20.0
06,21,2005,19.5
06,22,2005,20.5
06,23,2005,22.5
06,24,2005,22.0
06,25,2005,21.5
06,26,2005,22.0
06,27,2005,23.0
06,28,2005,21.0
06,29,2005,21.0
06,30,2005,19.5
07,01,2005,19.5
07,02,2005,20.0
07,03,2005,22.0
07,04,2005,17.5
07,05,2005,19.0
07,06,2005,21.5
07,07,2005,21.5
07,08,2005,19.0
07,09,2005,19.5
07,10,2005,16.5
07,11,2005,16.5
07,12,2005,19.5
07,13,2005,19.5
07,14,2005,18.0
07,15,2005,19.0
07,16,2005,18.0
07,17,2005,17.0
07,18,2005,16.5
07,19,2005,15.0
07,20,2005,15.5
07,21,2005,14.0
07,22,2005,18.0
07,23,2005,18.0
07,24,2005,16.0
07,25,2005,16.5
07,26,2005,17.0
07,27,2005,17.5
07,28,2005,19.0
07,29,2005,21.0
07,30,2005,21.5
07,31,2005,21.0
08,01,2005,19.0
08,02,2005,20.5
08,03,2005,21.5
08,04,2005,21.0
08,05,2005,19.5
08,06,2005,21.0
08,07,2005,20.0
08,08,2005,22.0
08,09,2005,21.0
08,10,2005,20.5
08,11,2005,18.5
08,12,2005,19.5
08,13,2005,20.5
08,14,2005,20.5
08,15,2005,21.5
08,16,2005,21.5
08,17,2005,20.5
08,18,2005,20.5
08,19,2005,20.5
08,20,2005,20.5
08,21,2005,20.5
08,22,2005,21.0
08,23,2005,22.5
08,24,2005,21.5
08,25,2005,21.5
08,26,2005,22.5
08,27,2005,20.0
08,28,2005,19.0
08,29,2005,19.0
08,30,2005,19.0
08,31,2005,19.5
09,01,2005,20.0
09,02,2005,21.0
09,03,2005,20.5
09,04,2005,20.0
09,05,2005,19.5
09,06,2005,18.0
09,07,2005,18.0
09,08,2005,18.0
09,09,2005,18.0
09,10,2005,18.5
09,11,2005,18.5
09,12,2005,19.0
09,13,2005,20.0
09,14,2005,19.0
09,15,2005,20.0
09,16,2005,21.0
09,17,2005,20.5
09,18,2005,20.5
09,19,2005,19.5
09,20,2005,20.5
09,21,2005,19.0
09,22,2005,18.5
09,23,2005,20.0
09,24,2005,20.0
09,25,2005,21.0
09,26,2005,19.5
09,27,2005,19.0
09,28,2005,19.0
09,29,2005,19.0
09,30,2005,20.5
10,01,2005,22.5
10,02,2005,19.5
10,03,2005,22.5
10,04,2005,20.0
10,05,2005,22.5
10,06,2005,19.0
10,07,2005,19.0
10,08,2005,16.5
10,09,2005,21.0
10,10,2005,21.5
10,11,2005,19.0
10,12,2005,17.0
10,13,2005,18.5
10,14,2005,18.5
10,15,2005,17.0
10,16,2005,19.0
10,17,2005,21.5
10,18,2005,20.5
10,19,2005,21.5
10,20,2005,20.5
10,21,2005,20.0
10,22,2005,20.0
10,23,2005,19.5
10,24,2005,19.5
10,25,2005,19.0
10,26,2005,18.0
10,27,2005,18.5
10,28,2005,18.5
10,29,2005,18.0
10,30,2005,18.0
10,31,2005,19.0
11,01,2005,14.5
11,02,2005,14.0
11,03,2005,16.0
11,04,2005,16.0
11,05,2005,16.0
11,06,2005,18.0
11,07,2005,16.5
11,08,2005,17.0
11,09,2005,17.5
11,10,2005,18.0
11,11,2005,16.0
11,12,2005,16.5
11,13,2005,16.5
11,14,2005,17.5
11,15,2005,15.5
11,16,2005,14.0
11,17,2005,14.0
11,18,2005,15.0
11,19,2005,15.0
11,20,2005,10.5
11,21,2005,10.0
11,22,2005,11.0
11,23,2005,11.5
11,24,2005,14.0
11,25,2005,15.0
11,26,2005,16.5
11,27,2005,13.5
11,28,2005,13.5
11,29,2005,15.5
11,30,2005,16.5
12,01,2005,null
12,02,2005,null
12,03,2005,null
12,04,2005,null
12,05,2005,null
12,06,2005,null
12,07,2005,null
12,08,2005,null
12,09,2005,null
12,10,2005,null
12,11,2005,null
12,12,2005,null
12,13,2005,null
12,14,2005,null
12,15,2005,null
12,16,2005,null
12,17,2005,null
12,18,2005,null
12,19,2005,null
12,20,2005,null
12,21,2005,null
12,22,2005,null
12,23,2005,null
12,24,2005,null
12,25,2005,null
12,26,2005,null
12,27,2005,null
12,28,2005,null
12,29,2005,null
12,30,2005,null
12,31,2005,null
01,01,2006,13.5
01,02,2006,15.0
01,03,2006,16.0
01,04,2006,14.0
01,05,2006,13.5
01,06,2006,10.5
01,07,2006,9.0
01,08,2006,12.0
01,09,2006,10.0
01,10,2006,9.0
01,11,2006,10.5
01,12,2006,12.0
01,13,2006,12.5
01,14,2006,13.0
01,15,2006,13.5
01,16,2006,11.0
01,17,2006,2.5
01,18,2006,5.0
01,19,2006,9.0
01,20,2006,12.5
01,21,2006,13.5
01,22,2006,13.5
01,23,2006,13.5
01,24,2006,12.5
01,25,2006,12.5
01,26,2006,13.0
01,27,2006,11.5
01,28,2006,13.0
01,29,2006,14.5
01,30,2006,15.5
01,31,2006,15.0
02,01,2006,15.0
02,02,2006,15.0
02,03,2006,15.0
02,04,2006,15.5
02,05,2006,14.0
02,06,2006,13.5
02,07,2006,14.5
02,08,2006,15.0
02,09,2006,16.0
02,10,2006,16.0
02,11,2006,15.0
02,12,2006,16.0
02,13,2006,16.0
02,14,2006,16.0
02,15,2006,16.0
02,16,2006,16.5
02,17,2006,16.0
02,18,2006,15.0
02,19,2006,16.0
02,20,2006,16.0
02,21,2006,16.5
02,22,2006,16.5
02,23,2006,18.0
02,24,2006,17.0
02,25,2006,18.0
02,26,2006,17.5
02,27,2006,16.5
02,28,2006,18.0
03,01,2006,17.5
03,02,2006,18.0
03,03,2006,17.0
03,04,2006,17.5
03,05,2006,18.5
03,06,2006,17.0
03,07,2006,17.5
03,08,2006,17.5
03,09,2006,16.5
03,10,2006,17.5
03,11,2006,19.5
03,12,2006,17.0
03,13,2006,16.5
03,14,2006,15.0
03,15,2006,19.5
03,16,2006,20.0
03,17,2006,20.5
03,18,2006,19.5
03,19,2006,19.5
03,20,2006,20.0
03,21,2006,18.0
03,22,2006,16.0
03,23,2006,14.0
03,24,2006,12.5
03,25,2006,15.5
03,26,2006,16.0
03,27,2006,12.5
03,28,2006,14.0
03,29,2006,19.0
03,30,2006,19.5
03,31,2006,20.5
04,01,2006,20.5
04,02,2006,20.0
04,03,2006,20.5
04,04,2006,20.5
04,05,2006,20.0
04,06,2006,20.0
04,07,2006,20.5
04,08,2006,20.0
04,09,2006,19.0
04,10,2006,19.5
04,11,2006,19.0
04,12,2006,20.5
04,13,2006,22.5
04,14,2006,21.5
04,15,2006,21.0
04,16,2006,21.5
04,17,2006,22.5
04,18,2006,20.0
04,19,2006,22.0
04,20,2006,24.0
04,21,2006,21.5
04,22,2006,20.0
04,23,2006,21.5
04,24,2006,23.5
04,25,2006,22.0
04,26,2006,19.5
04,27,2006,21.5
04,28,2006,21.5
04,29,2006,22.5
04,30,2006,21.5
05,01,2006,19.5
05,02,2006,19.0
05,03,2006,22.0
05,04,2006,21.5
05,05,2006,24.5
05,06,2006,23.5
05,07,2006,24.0
05,08,2006,24.0
05,09,2006,22.5
05,10,2006,23.0
05,11,2006,21.0
05,12,2006,18.0
05,13,2006,22.0
05,14,2006,21.5
05,15,2006,20.0
05,16,2006,17.0
05,17,2006,24.0
05,18,2006,20.0
05,19,2006,22.5
05,20,2006,24.0
05,21,2006,24.0
05,22,2006,24.0
05,23,2006,24.0
05,24,2006,23.0
05,25,2006,22.5
05,26,2006,22.5
05,27,2006,22.0
05,28,2006,22.0
05,29,2006,23.0
05,30,2006,22.0
05,31,2006,22.0
06,01,2006,20.5
06,02,2006,19.5
06,03,2006,21.5
06,04,2006,20.5
06,05,2006,22.5
06,06,2006,20.0
06,07,2006,22.5
06,08,2006,22.0
06,09,2006,22.0
06,10,2006,23.5
06,11,2006,24.0
06,12,2006,24.5
06,13,2006,24.5
06,14,2006,25.0
06,15,2006,25.0
06,16,2006,23.0
06,17,2006,24.0
06,18,2006,25.5
06,19,2006,25.5
06,20,2006,23.5
06,21,2006,23.0
06,22,2006,24.0
06,23,2006,24.5
06,24,2006,24.0
06,25,2006,24.0
06,26,2006,24.5
06,27,2006,23.0
06,28,2006,21.5
06,29,2006,23.0
06,30,2006,23.0
07,01,2006,23.0
07,02,2006,19.0
07,03,2006,21.5
07,04,2006,22.5
07,05,2006,21.5
07,06,2006,21.0
07,07,2006,22.5
07,08,2006,23.0
07,09,2006,24.0
07,10,2006,23.5
07,11,2006,23.5
07,12,2006,24.5
07,13,2006,22.0
07,14,2006,24.0
07,15,2006,24.5
07,16,2006,20.5
07,17,2006,22.5
07,18,2006,21.0
07,19,2006,20.5
07,20,2006,22.0
07,21,2006,23.5
07,22,2006,23.0
07,23,2006,21.0
07,24,2006,23.5
07,25,2006,21.0
07,26,2006,19.5
07,27,2006,21.0
07,28,2006,19.5
07,29,2006,22.0
07,30,2006,22.0
07,31,2006,20.5
08,01,2006,20.5
08,02,2006,23.5
08,03,2006,22.0
08,04,2006,21.5
08,05,2006,20.5
08,06,2006,20.5
08,07,2006,20.0
08,08,2006,20.0
08,09,2006,21.5
08,10,2006,21.0
08,11,2006,24.0
08,12,2006,22.0
08,13,2006,22.0
08,14,2006,20.5
08,15,2006,21.0
08,16,2006,22.5
08,17,2006,24.5
08,18,2006,23.5
08,19,2006,23.0
08,20,2006,22.5
08,21,2006,22.5
08,22,2006,24.0
08,23,2006,24.0
08,24,2006,23.5
08,25,2006,23.0
08,26,2006,22.0
08,27,2006,21.5
08,28,2006,22.0
08,29,2006,21.5
08,30,2006,21.5
08,31,2006,22.5
09,01,2006,22.5
09,02,2006,22.5
09,03,2006,22.5
09,04,2006,21.5
09,05,2006,21.0
09,06,2006,21.5
09,07,2006,22.5
09,08,2006,21.5
09,09,2006,19.5
09,10,2006,21.0
09,11,2006,19.5
09,12,2006,18.5
09,13,2006,20.5
09,14,2006,22.0
09,15,2006,20.0
09,16,2006,21.5
09,17,2006,19.5
09,18,2006,19.0
09,19,2006,19.5
09,20,2006,19.0
09,21,2006,19.0
09,22,2006,18.0
09,23,2006,18.0
09,24,2006,16.5
09,25,2006,17.5
09,26,2006,20.0
09,27,2006,18.0
09,28,2006,18.0
09,29,2006,18.0
09,30,2006,18.0
10,01,2006,17.5
10,02,2006,18.0
10,03,2006,18.0
10,04,2006,17.0
10,05,2006,18.0
10,06,2006,18.5
10,07,2006,17.5
10,08,2006,17.5
10,09,2006,17.5
10,10,2006,18.5
10,11,2006,18.0
10,12,2006,17.5
10,13,2006,18.0
10,14,2006,17.0
10,15,2006,19.5
10,16,2006,20.0
10,17,2006,19.5
10,18,2006,19.5
10,19,2006,19.0
10,20,2006,18.5
10,21,2006,18.5
10,22,2006,17.0
10,23,2006,16.0
10,24,2006,18.5
10,25,2006,18.5
10,26,2006,18.5
10,27,2006,16.0
10,28,2006,15.5
10,29,2006,15.0
10,30,2006,14.0
10,31,2006,15.5
11,01,2006,17.0
11,02,2006,15.0
11,03,2006,15.0
11,04,2006,15.0
11,05,2006,16.5
11,06,2006,14.0
11,07,2006,16.0
11,08,2006,15.0
11,09,2006,17.5
11,10,2006,17.0
11,11,2006,12.5
11,12,2006,17.5
11,13,2006,18.5
11,14,2006,15.5
11,15,2006,16.0
11,16,2006,14.0
11,17,2006,14.5
11,18,2006,12.5
11,19,2006,13.0
11,20,2006,12.0
11,21,2006,11.5
11,22,2006,9.0
11,23,2006,9.0
11,24,2006,10.5
11,25,2006,11.0
11,26,2006,11.0
11,27,2006,12.5
11,28,2006,13.0
11,29,2006,14.0
11,30,2006,16.5
12,01,2006,15.0
12,02,2006,13.5
12,03,2006,13.0
12,04,2006,13.0
12,05,2006,14.0
12,06,2006,11.5
12,07,2006,6.0
12,08,2006,5.0
12,09,2006,14.0
12,10,2006,12.5
12,11,2006,14.0
12,12,2006,13.5
12,13,2006,12.5
12,14,2006,13.5
12,15,2006,12.0
12,16,2006,12.5
12,17,2006,13.0
12,18,2006,12.0
12,19,2006,12.0
12,20,2006,13.0
12,21,2006,12.0
12,22,2006,11.5
12,23,2006,7.5
12,24,2006,4.5
12,25,2006,6.0
12,26,2006,10.0
12,27,2006,12.0
12,28,2006,13.5
12,29,2006,13.0
12,30,2006,12.5
12,31,2006,12.5
01,01,2007,null
01,02,2007,null
01,03,2007,null
01,04,2007,null
01,05,2007,null
01,06,2007,null
01,07,2007,null
01,08,2007,null
01,09,2007,null
01,10,2007,null
01,11,2007,null
01,12,2007,null
01,13,2007,null
01,14,2007,null
01,15,2007,null
01,16,2007,null
01,17,2007,null
01,18,2007,null
01,19,2007,null
01,20,2007,null
01,21,2007,null
01,22,2007,null
01,23,2007,null
01,24,2007,null
01,25,2007,null
01,26,2007,null
01,27,2007,null
01,28,2007,null
01,29,2007,null
01,30,2007,null
01,31,2007,null
02,01,2007,null
02,02,2007,null
02,03,2007,null
02,04,2007,null
02,05,2007,null
02,06,2007,null
02,07,2007,null
02,08,2007,null
02,09,2007,null
02,10,2007,null
02,11,2007,null
02,12,2007,null
02,13,2007,null
02,14,2007,null
02,15,2007,null
02,16,2007,null
02,17,2007,null
02,18,2007,null
02,19,2007,null
02,20,2007,null
02,21,2007,null
02,22,2007,null
02,23,2007,null
02,24,2007,null
02,25,2007,null
02,26,2007,null
02,27,2007,null
02,28,2007,null
03,01,2007,null
03,02,2007,null
03,03,2007,null
03,04,2007,null
03,05,2007,null
03,06,2007,null
03,07,2007,null
03,08,2007,null
03,09,2007,null
03,10,2007,null
03,11,2007,null
03,12,2007,null
03,13,2007,null
03,14,2007,null
03,15,2007,null
03,16,2007,null
03,17,2007,null
03,18,2007,null
03,19,2007,null
03,20,2007,null
03,21,2007,null
03,22,2007,null
03,23,2007,null
03,24,2007,null
03,25,2007,null
03,26,2007,null
03,27,2007,null
03,28,2007,null
03,29,2007,null
03,30,2007,null
03,31,2007,null
04,01,2007,null
04,02,2007,null
04,03,2007,null
04,04,2007,null
04,05,2007,null
04,06,2007,null
04,07,2007,null
04,08,2007,null
04,09,2007,null
04,10,2007,null
04,11,2007,null
04,12,2007,null
04,13,2007,null
04,14,2007,null
04,15,2007,null
04,16,2007,null
04,17,2007,null
04,18,2007,null
04,19,2007,null
04,20,2007,null
04,21,2007,null
04,22,2007,null
04,23,2007,null
04,24,2007,null
04,25,2007,null
04,26,2007,null
04,27,2007,null
04,28,2007,null
04,29,2007,null
04,30,2007,null
05,01,2007,null
05,02,2007,null
05,03,2007,null
05,04,2007,null
05,05,2007,null
05,06,2007,null
05,07,2007,null
05,08,2007,null
05,09,2007,null
05,10,2007,null
05,11,2007,null
05,12,2007,null
05,13,2007,null
05,14,2007,null
05,15,2007,null
05,16,2007,null
05,17,2007,null
05,18,2007,null
05,19,2007,null
05,20,2007,null
05,21,2007,null
05,22,2007,null
05,23,2007,null
05,24,2007,null
05,25,2007,null
05,26,2007,null
05,27,2007,null
05,28,2007,null
05,29,2007,null
05,30,2007,null
05,31,2007,null
06,01,2007,null
06,02,2007,null
06,03,2007,null
06,04,2007,null
06,05,2007,null
06,06,2007,null
06,07,2007,null
06,08,2007,null
06,09,2007,null
06,10,2007,null
06,11,2007,null
06,12,2007,null
06,13,2007,null
06,14,2007,null
06,15,2007,null
06,16,2007,null
06,17,2007,null
06,18,2007,null
06,19,2007,null
06,20,2007,null
06,21,2007,null
06,22,2007,null
06,23,2007,null
06,24,2007,null
06,25,2007,null
06,26,2007,null
06,27,2007,null
06,28,2007,null
06,29,2007,null
06,30,2007,null
07,01,2007,null
07,02,2007,null
07,03,2007,null
07,04,2007,null
07,05,2007,null
07,06,2007,null
07,07,2007,null
07,08,2007,null
07,09,2007,null
07,10,2007,null
07,11,2007,null
07,12,2007,null
07,13,2007,null
07,14,2007,null
07,15,2007,null
07,16,2007,null
07,17,2007,null
07,18,2007,null
07,19,2007,null
07,20,2007,null
07,21,2007,null
07,22,2007,null
07,23,2007,null
07,24,2007,null
07,25,2007,null
07,26,2007,null
07,27,2007,null
07,28,2007,null
07,29,2007,null
07,30,2007,null
07,31,2007,null
08,01,2007,null
08,02,2007,null
08,03,2007,null
08,04,2007,null
08,05,2007,null
08,06,2007,null
08,07,2007,null
08,08,2007,null
08,09,2007,null
08,10,2007,null
08,11,2007,null
08,12,2007,null
08,13,2007,null
08,14,2007,null
08,15,2007,null
08,16,2007,null
08,17,2007,null
08,18,2007,null
08,19,2007,null
08,20,2007,null
08,21,2007,null
08,22,2007,null
08,23,2007,null
08,24,2007,null
08,25,2007,null
08,26,2007,null
08,27,2007,null
08,28,2007,null
08,29,2007,null
08,30,2007,null
08,31,2007,null
09,01,2007,null
09,02,2007,null
09,03,2007,null
09,04,2007,null
09,05,2007,null
09,06,2007,null
09,07,2007,null
09,08,2007,null
09,09,2007,null
09,10,2007,null
09,11,2007,null
09,12,2007,null
09,13,2007,null
09,14,2007,null
09,15,2007,null
09,16,2007,null
09,17,2007,null
09,18,2007,null
09,19,2007,null
09,20,2007,null
09,21,2007,null
09,22,2007,null
09,23,2007,null
09,24,2007,null
09,25,2007,null
09,26,2007,null
09,27,2007,null
09,28,2007,null
09,29,2007,null
09,30,2007,null
10,01,2007,null
10,02,2007,null
10,03,2007,null
10,04,2007,null
10,05,2007,null
10,06,2007,null
10,07,2007,null
10,08,2007,null
10,09,2007,null
10,10,2007,null
10,11,2007,null
10,12,2007,null
10,13,2007,null
10,14,2007,null
10,15,2007,null
10,16,2007,null
10,17,2007,null
10,18,2007,null
10,19,2007,null
10,20,2007,null
10,21,2007,null
10,22,2007,null
10,23,2007,null
10,24,2007,null
10,25,2007,null
10,26,2007,null
10,27,2007,null
10,28,2007,null
10,29,2007,null
10,30,2007,null
10,31,2007,null
11,01,2007,null
11,02,2007,null
11,03,2007,null
11,04,2007,null
11,05,2007,null
11,06,2007,null
11,07,2007,null
11,08,2007,null
11,09,2007,null
11,10,2007,null
11,11,2007,null
11,12,2007,null
11,13,2007,null
11,14,2007,null
11,15,2007,null
11,16,2007,null
11,17,2007,null
11,18,2007,null
11,19,2007,null
11,20,2007,null
11,21,2007,null
11,22,2007,null
11,23,2007,null
11,24,2007,null
11,25,2007,null
11,26,2007,null
11,27,2007,null
11,28,2007,null
11,29,2007,null
11,30,2007,null
12,01,2007,null
12,02,2007,null
12,03,2007,null
12,04,2007,null
12,05,2007,null
12,06,2007,null
12,07,2007,null
12,08,2007,null
12,09,2007,null
12,10,2007,null
12,11,2007,null
12,12,2007,null
12,13,2007,null
12,14,2007,null
12,15,2007,null
12,16,2007,null
12,17,2007,null
12,18,2007,null
12,19,2007,null
12,20,2007,null
12,21,2007,null
12,22,2007,null
12,23,2007,null
12,24,2007,null
12,25,2007,null
12,26,2007,null
12,27,2007,null
12,28,2007,null
12,29,2007,null
12,30,2007,null
12,31,2007,null
01,01,2008,8.0
01,02,2008,3.5
01,03,2008,3.5
01,04,2008,8.0
01,05,2008,11.0
01,06,2008,10.0
01,07,2008,10.5
01,08,2008,9.5
01,09,2008,12.0
01,10,2008,12.5
01,11,2008,11.0
01,12,2008,9.5
01,13,2008,10.0
01,14,2008,10.0
01,15,2008,8.5
01,16,2008,10.0
01,17,2008,11.0
01,18,2008,7.5
01,19,2008,6.0
01,20,2008,8.5
01,21,2008,9.5
01,22,2008,10.5
01,23,2008,11.0
01,24,2008,14.0
01,25,2008,12.5
01,26,2008,12.5
01,27,2008,13.5
01,28,2008,14.0
01,29,2008,13.0
01,30,2008,10.5
01,31,2008,12.0
02,01,2008,9.5
02,02,2008,10.5
02,03,2008,13.0
02,04,2008,10.5
02,05,2008,9.5
02,06,2008,11.0
02,07,2008,13.5
02,08,2008,14.0
02,09,2008,14.5
02,10,2008,14.5
02,11,2008,15.0
02,12,2008,13.5
02,13,2008,12.5
02,14,2008,13.0
02,15,2008,15.0
02,16,2008,15.0
02,17,2008,14.5
02,18,2008,12.0
02,19,2008,14.5
02,20,2008,12.5
02,21,2008,14.0
02,22,2008,16.5
02,23,2008,16.5
02,24,2008,15.0
02,25,2008,15.5
02,26,2008,12.5
02,27,2008,13.5
02,28,2008,15.5
02,29,2008,17.0
03,01,2008,13.0
03,02,2008,12.5
03,03,2008,12.5
03,04,2008,13.5
03,05,2008,13.5
03,06,2008,10.5
03,07,2008,8.5
03,08,2008,11.0
03,09,2008,15.0
03,10,2008,16.0
03,11,2008,15.0
03,12,2008,14.5
03,13,2008,15.0
03,14,2008,16.5
03,15,2008,15.5
03,16,2008,15.0
03,17,2008,11.5
03,18,2008,15.0
03,19,2008,16.0
03,20,2008,16.0
03,21,2008,15.5
03,22,2008,14.5
03,23,2008,12.5
03,24,2008,11.5
03,25,2008,15.0
03,26,2008,17.0
03,27,2008,18.0
03,28,2008,20.5
03,29,2008,21.5
03,30,2008,20.0
03,31,2008,19.0
04,01,2008,18.0
04,02,2008,20.0
04,03,2008,19.5
04,04,2008,20.5
04,05,2008,20.5
04,06,2008,20.0
04,07,2008,18.0
04,08,2008,21.0
04,09,2008,22.0
04,10,2008,22.0
04,11,2008,19.5
04,12,2008,15.0
04,13,2008,15.5
04,14,2008,15.0
04,15,2008,15.0
04,16,2008,16.5
04,17,2008,21.0
04,18,2008,23.0
04,19,2008,24.5
04,20,2008,26.0
04,21,2008,24.5
04,22,2008,23.5
04,23,2008,23.5
04,24,2008,23.5
04,25,2008,23.0
04,26,2008,23.0
04,27,2008,23.5
04,28,2008,20.5
04,29,2008,22.5
04,30,2008,20.0
05,01,2008,24.0
05,02,2008,23.0
05,03,2008,25.0
05,04,2008,24.5
05,05,2008,24.0
05,06,2008,26.5
05,07,2008,26.5
05,08,2008,26.5
05,09,2008,29.0
05,10,2008,27.5
05,11,2008,28.0
05,12,2008,25.0
05,13,2008,23.0
05,14,2008,23.0
05,15,2008,21.0
05,16,2008,19.0
05,17,2008,22.0
05,18,2008,21.5
05,19,2008,22.5
05,20,2008,22.5
05,21,2008,24.0
05,22,2008,25.5
05,23,2008,23.5
05,24,2008,22.5
05,25,2008,25.5
05,26,2008,21.5
05,27,2008,24.0
05,28,2008,23.0
05,29,2008,23.5
05,30,2008,24.0
05,31,2008,23.5
06,01,2008,25.0
06,02,2008,24.5
06,03,2008,22.5
06,04,2008,24.0
06,05,2008,23.5
06,06,2008,23.5
06,07,2008,20.5
06,08,2008,20.5
06,09,2008,23.0
06,10,2008,22.5
06,11,2008,23.5
06,12,2008,24.5
06,13,2008,25.0
06,14,2008,27.5
06,15,2008,28.5
06,16,2008,24.5
06,17,2008,23.0
06,18,2008,24.0
06,19,2008,23.0
06,20,2008,24.0
06,21,2008,24.0
06,22,2008,25.0
06,23,2008,25.5
06,24,2008,25.0
06,25,2008,26.0
06,26,2008,23.5
06,27,2008,26.0
06,28,2008,26.0
06,29,2008,25.0
06,30,2008,26.5
07,01,2008,24.0
07,02,2008,21.0
07,03,2008,19.5
07,04,2008,19.5
07,05,2008,19.0
07,06,2008,20.5
07,07,2008,18.5
07,08,2008,17.5
07,09,2008,17.5
07,10,2008,20.5
07,11,2008,24.0
07,12,2008,26.5
07,13,2008,24.5
07,14,2008,24.5
07,15,2008,26.5
07,16,2008,23.0
07,17,2008,23.5
07,18,2008,24.0
07,19,2008,23.0
07,20,2008,23.5
07,21,2008,22.5
07,22,2008,23.5
07,23,2008,26.5
07,24,2008,27.0
07,25,2008,27.5
07,26,2008,27.5
07,27,2008,27.0
07,28,2008,24.0
07,29,2008,25.0
07,30,2008,26.5
07,31,2008,24.0
08,01,2008,null
08,02,2008,null
08,03,2008,null
08,04,2008,null
08,05,2008,null
08,06,2008,null
08,07,2008,null
08,08,2008,null
08,09,2008,null
08,10,2008,null
08,11,2008,null
08,12,2008,null
08,13,2008,null
08,14,2008,null
08,15,2008,null
08,16,2008,null
08,17,2008,null
08,18,2008,null
08,19,2008,null
08,20,2008,null
08,21,2008,null
08,22,2008,null
08,23,2008,null
08,24,2008,null
08,25,2008,null
08,26,2008,null
08,27,2008,null
08,28,2008,null
08,29,2008,null
08,30,2008,null
08,31,2008,null
09,01,2008,null
09,02,2008,null
09,03,2008,null
09,04,2008,null
09,05,2008,null
09,06,2008,null
09,07,2008,null
09,08,2008,null
09,09,2008,null
09,10,2008,null
09,11,2008,null
09,12,2008,null
09,13,2008,null
09,14,2008,null
09,15,2008,null
09,16,2008,null
09,17,2008,null
09,18,2008,null
09,19,2008,null
09,20,2008,null
09,21,2008,null
09,22,2008,null
09,23,2008,null
09,24,2008,null
09,25,2008,null
09,26,2008,null
09,27,2008,null
09,28,2008,null
09,29,2008,null
09,30,2008,null
10,01,2008,null
10,02,2008,null
10,03,2008,null
10,04,2008,null
10,05,2008,null
10,06,2008,null
10,07,2008,null
10,08,2008,null
10,09,2008,null
10,10,2008,null
10,11,2008,null
10,12,2008,null
10,13,2008,null
10,14,2008,null
10,15,2008,null
10,16,2008,null
10,17,2008,null
10,18,2008,null
10,19,2008,null
10,20,2008,null
10,21,2008,null
10,22,2008,null
10,23,2008,null
10,24,2008,null
10,25,2008,null
10,26,2008,null
10,27,2008,null
10,28,2008,null
10,29,2008,null
10,30,2008,null
10,31,2008,null
11,01,2008,null
11,02,2008,null
11,03,2008,null
11,04,2008,null
11,05,2008,null
11,06,2008,null
11,07,2008,null
11,08,2008,null
11,09,2008,null
11,10,2008,null
11,11,2008,null
11,12,2008,null
11,13,2008,null
11,14,2008,null
11,15,2008,null
11,16,2008,null
11,17,2008,null
11,18,2008,null
11,19,2008,null
11,20,2008,null
11,21,2008,null
11,22,2008,null
11,23,2008,null
11,24,2008,null
11,25,2008,null
11,26,2008,null
11,27,2008,null
11,28,2008,null
11,29,2008,null
11,30,2008,null
12,01,2008,11.5
12,02,2008,11.5
12,03,2008,12.5
12,04,2008,13.5
12,05,2008,13.0
12,06,2008,13.0
12,07,2008,14.0
12,08,2008,12.5
12,09,2008,10.0
12,10,2008,8.0
12,11,2008,7.0
12,12,2008,9.5
12,13,2008,12.0
12,14,2008,12.5
12,15,2008,10.5
12,16,2008,11.0
12,17,2008,11.5
12,18,2008,10.0
12,19,2008,11.5
12,20,2008,12.0
12,21,2008,11.5
12,22,2008,9.5
12,23,2008,9.0
12,24,2008,8.5
12,25,2008,8.5
12,26,2008,10.0
12,27,2008,9.5
12,28,2008,10.0
12,29,2008,9.5
12,30,2008,8.5
12,31,2008,7.0
01,01,2009,7.0
01,02,2009,10.5
01,03,2009,10.0
01,04,2009,10.5
01,05,2009,9.5
01,06,2009,9.5
01,07,2009,8.5
01,08,2009,8.5
01,09,2009,10.5
01,10,2009,11.5
01,11,2009,9.5
01,12,2009,9.0
01,13,2009,11.5
01,14,2009,14.0
01,15,2009,13.0
01,16,2009,11.5
01,17,2009,9.5
01,18,2009,11.0
01,19,2009,11.5
01,20,2009,11.5
01,21,2009,12.5
01,22,2009,12.5
01,23,2009,13.0
01,24,2009,11.0
01,25,2009,11.0
01,26,2009,12.0
01,27,2009,12.0
01,28,2009,11.0
01,29,2009,10.5
01,30,2009,9.5
01,31,2009,7.5
02,01,2009,5.5
02,02,2009,6.5
02,03,2009,10.0
02,04,2009,14.5
02,05,2009,15.5
02,06,2009,11.5
02,07,2009,13.5
02,08,2009,14.5
02,09,2009,15.0
02,10,2009,15.0
02,11,2009,13.5
02,12,2009,11.0
02,13,2009,14.0
02,14,2009,14.5
02,15,2009,14.5
02,16,2009,13.5
02,17,2009,14.5
02,18,2009,12.0
02,19,2009,12.0
02,20,2009,14.5
02,21,2009,14.5
02,22,2009,14.5
02,23,2009,15.5
02,24,2009,15.5
02,25,2009,16.0
02,26,2009,16.0
02,27,2009,16.5
02,28,2009,17.0
03,01,2009,16.0
03,02,2009,16.0
03,03,2009,18.5
03,04,2009,16.5
03,05,2009,15.0
03,06,2009,17.5
03,07,2009,17.5
03,08,2009,18.5
03,09,2009,19.0
03,10,2009,17.5
03,11,2009,16.5
03,12,2009,18.0
03,13,2009,16.5
03,14,2009,15.5
03,15,2009,14.0
03,16,2009,15.5
03,17,2009,18.5
03,18,2009,19.0
03,19,2009,20.0
03,20,2009,19.5
03,21,2009,19.5
03,22,2009,19.0
03,23,2009,20.0
03,24,2009,18.5
03,25,2009,18.0
03,26,2009,19.0
03,27,2009,18.0
03,28,2009,17.0
03,29,2009,19.0
03,30,2009,19.0
03,31,2009,20.0
04,01,2009,19.5
04,02,2009,17.5
04,03,2009,18.0
04,04,2009,20.5
04,05,2009,17.5
04,06,2009,15.0
04,07,2009,14.5
04,08,2009,17.5
04,09,2009,18.0
04,10,2009,20.5
04,11,2009,20.5
04,12,2009,19.0
04,13,2009,19.0
04,14,2009,19.0
04,15,2009,20.5
04,16,2009,20.5
04,17,2009,19.5
04,18,2009,21.0
04,19,2009,21.5
04,20,2009,21.5
04,21,2009,22.5
04,22,2009,23.0
04,23,2009,23.0
04,24,2009,22.5
04,25,2009,22.0
04,26,2009,20.5
04,27,2009,21.5
04,28,2009,23.0
04,29,2009,23.5
04,30,2009,21.0
05,01,2009,21.5
05,02,2009,22.0
05,03,2009,22.5
05,04,2009,22.5
05,05,2009,23.5
05,06,2009,22.0
05,07,2009,22.5
05,08,2009,22.5
05,09,2009,23.0
05,10,2009,23.0
05,11,2009,22.5
05,12,2009,22.0
05,13,2009,20.5
05,14,2009,21.5
05,15,2009,18.5
05,16,2009,18.0
05,17,2009,17.5
05,18,2009,18.5
05,19,2009,18.5
05,20,2009,19.0
05,21,2009,18.0
05,22,2009,20.5
05,23,2009,22.0
05,24,2009,20.5
05,25,2009,22.0
05,26,2009,22.5
05,27,2009,23.5
05,28,2009,23.5
05,29,2009,23.5
05,30,2009,20.5
05,31,2009,19.5
06,01,2009,22.5
06,02,2009,22.5
06,03,2009,23.5
06,04,2009,24.0
06,05,2009,22.5
06,06,2009,22.0
06,07,2009,22.5
06,08,2009,23.5
06,09,2009,23.0
06,10,2009,23.0
06,11,2009,24.0
06,12,2009,23.0
06,13,2009,23.0
06,14,2009,25.5
06,15,2009,24.5
06,16,2009,24.5
06,17,2009,23.0
06,18,2009,25.5
06,19,2009,24.5
06,20,2009,23.0
06,21,2009,22.0
06,22,2009,23.0
06,23,2009,24.0
06,24,2009,25.0
06,25,2009,25.0
06,26,2009,23.5
06,27,2009,23.0
06,28,2009,24.5
06,29,2009,24.5
06,30,2009,23.0
07,01,2009,22.5
07,02,2009,21.0
07,03,2009,22.0
07,04,2009,21.0
07,05,2009,19.0
07,06,2009,20.5
07,07,2009,18.5
07,08,2009,18.0
07,09,2009,22.0
07,10,2009,22.5
07,11,2009,21.5
07,12,2009,24.0
07,13,2009,23.5
07,14,2009,22.0
07,15,2009,22.5
07,16,2009,24.5
07,17,2009,26.5
07,18,2009,25.0
07,19,2009,22.5
07,20,2009,23.0
07,21,2009,27.0
07,22,2009,23.5
07,23,2009,23.5
07,24,2009,25.5
07,25,2009,25.5
07,26,2009,25.0
07,27,2009,25.0
07,28,2009,22.5
07,29,2009,21.0
07,30,2009,27.5
07,31,2009,26.5
08,01,2009,26.0
08,02,2009,27.0
08,03,2009,25.5
08,04,2009,25.5
08,05,2009,25.0
08,06,2009,25.5
08,07,2009,25.0
08,08,2009,24.0
08,09,2009,24.0
08,10,2009,23.5
08,11,2009,24.0
08,12,2009,23.5
08,13,2009,24.5
08,14,2009,25.0
08,15,2009,26.0
08,16,2009,24.5
08,17,2009,21.5
08,18,2009,20.5
08,19,2009,19.5
08,20,2009,20.0
08,21,2009,20.5
08,22,2009,19.5
08,23,2009,21.5
08,24,2009,19.0
08,25,2009,21.5
08,26,2009,21.0
08,27,2009,22.0
08,28,2009,21.0
08,29,2009,18.0
08,30,2009,18.0
08,31,2009,20.0
09,01,2009,18.5
09,02,2009,18.5
09,03,2009,18.5
09,04,2009,17.5
09,05,2009,16.5
09,06,2009,19.0
09,07,2009,19.0
09,08,2009,15.5
09,09,2009,15.5
09,10,2009,18.0
09,11,2009,16.0
09,12,2009,19.0
09,13,2009,17.5
09,14,2009,16.5
09,15,2009,18.5
09,16,2009,20.0
09,17,2009,18.0
09,18,2009,17.5
09,19,2009,17.0
09,20,2009,16.5
09,21,2009,16.0
09,22,2009,16.0
09,23,2009,18.5
09,24,2009,15.5
09,25,2009,15.0
09,26,2009,16.0
09,27,2009,15.5
09,28,2009,15.5
09,29,2009,15.0
09,30,2009,14.0
10,01,2009,10.5
10,02,2009,13.5
10,03,2009,13.5
10,04,2009,14.0
10,05,2009,15.0
10,06,2009,14.5
10,07,2009,15.5
10,08,2009,16.0
10,09,2009,15.5
10,10,2009,15.5
10,11,2009,16.0
10,12,2009,16.5
10,13,2009,16.5
10,14,2009,14.5
10,15,2009,15.0
10,16,2009,14.5
10,17,2009,14.5
10,18,2009,12.0
10,19,2009,11.0
10,20,2009,10.5
10,21,2009,11.5
10,22,2009,11.5
10,23,2009,13.5
10,24,2009,12.5
10,25,2009,14.0
10,26,2009,15.5
10,27,2009,15.5
10,28,2009,15.0
10,29,2009,16.5
10,30,2009,15.5
10,31,2009,16.0
11,01,2009,11.5
11,02,2009,11.5
11,03,2009,12.0
11,04,2009,13.0
11,05,2009,13.5
11,06,2009,13.5
11,07,2009,11.5
11,08,2009,13.0
11,09,2009,12.0
11,10,2009,12.0
11,11,2009,10.5
11,12,2009,13.0
11,13,2009,10.5
11,14,2009,12.0
11,15,2009,12.5
11,16,2009,13.5
11,17,2009,13.0
11,18,2009,13.5
11,19,2009,15.0
11,20,2009,12.5
11,21,2009,11.25
11,22,2009,12.0
11,23,2009,14.5
11,24,2009,13.0
11,25,2009,13.0
11,26,2009,15.0
11,27,2009,14.5
11,28,2009,14.5
11,29,2009,15.0
11,30,2009,14.0
12,01,2009,10.5
12,02,2009,10.5
12,03,2009,6.5
12,04,2009,10.0
12,05,2009,8.5
12,06,2009,7.5
12,07,2009,10.5
12,08,2009,13.5
12,09,2009,10.5
12,10,2009,13.0
12,11,2009,13.5
12,12,2009,12.5
12,13,2009,10.5
12,14,2009,10.5
12,15,2009,7.0
12,16,2009,8.0
12,17,2009,10.5
12,18,2009,11.5
12,19,2009,12.0
12,20,2009,12.0
12,21,2009,10.0
12,22,2009,10.0
12,23,2009,10.5
12,24,2009,10.5
12,25,2009,9.0
12,26,2009,9.5
12,27,2009,11.5
12,28,2009,10.5
12,29,2009,9.5
12,30,2009,8.5
12,31,2009,8.0
01,01,2010,10.0
01,02,2010,10.5
01,03,2010,11.0
01,04,2010,11.5
01,05,2010,10.0
01,06,2010,7.5
01,07,2010,4.5
01,08,2010,1.5
01,09,2010,7.5
01,10,2010,7.5
01,11,2010,7.0
01,12,2010,4.5
01,13,2010,4.0
01,14,2010,6.5
01,15,2010,8.0
01,16,2010,8.0
01,17,2010,7.5
01,18,2010,9.0
01,19,2010,9.5
01,20,2010,10.5
01,21,2010,9.0
01,22,2010,10.0
01,23,2010,11.5
01,24,2010,10.5
01,25,2010,10.0
01,26,2010,10.0
01,27,2010,10.5
01,28,2010,12.0
01,29,2010,9.0
01,30,2010,9.5
01,31,2010,11.5
02,01,2010,9.5
02,02,2010,11.5
02,03,2010,10.0
02,04,2010,9.0
02,05,2010,9.0
02,06,2010,9.0
02,07,2010,11.5
02,08,2010,11.5
02,09,2010,12.5
02,10,2010,11.5
02,11,2010,10.5
02,12,2010,9.5
02,13,2010,11.0
02,14,2010,10.0
02,15,2010,9.5
02,16,2010,7.0
02,17,2010,5.5
02,18,2010,8.0
02,19,2010,11.5
02,20,2010,11.0
02,21,2010,12.0
02,22,2010,10.5
02,23,2010,8.0
02,24,2010,7.5
02,25,2010,9.5
02,26,2010,11.0
02,27,2010,11.0
02,28,2010,13.0
03,01,2010,12.0
03,02,2010,11.0
03,03,2010,12.5
03,04,2010,12.0
03,05,2010,12.0
03,06,2010,15.0
03,07,2010,18.0
03,08,2010,17.0
03,09,2010,13.5
03,10,2010,15.5
03,11,2010,13.0
03,12,2010,11.5
03,13,2010,13.0
03,14,2010,14.0
03,15,2010,15.25
03,16,2010,14.0
03,17,2010,13.0
03,18,2010,14.0
03,19,2010,16.5
03,20,2010,17.5
03,21,2010,14.5
03,22,2010,15.0
03,23,2010,18.5
03,24,2010,18.5
03,25,2010,16.0
03,26,2010,18.5
03,27,2010,19.0
03,28,2010,15.25
03,29,2010,17.0
03,30,2010,18.5
03,31,2010,19.5
04,01,2010,22.5
04,02,2010,21.0
04,03,2010,20.0
04,04,2010,19.5
04,05,2010,20.0
04,06,2010,19.75
04,07,2010,19.5
04,08,2010,20.0
04,09,2010,21.25
04,10,2010,17.75
04,11,2010,18.0
04,12,2010,20.5
04,13,2010,22.5
04,14,2010,24.5
04,15,2010,24.0
04,16,2010,21.5
04,17,2010,25.0
04,18,2010,24.0
04,19,2010,23.0
04,20,2010,22.5
04,21,2010,25.0
04,22,2010,23.0
04,23,2010,22.5
04,24,2010,21.0
04,25,2010,20.5
04,26,2010,20.5
04,27,2010,21.5
04,28,2010,23.0
04,29,2010,23.0
04,30,2010,22.5
05,01,2010,22.0
05,02,2010,21.5
05,03,2010,23.0
05,04,2010,22.0
05,05,2010,22.0
05,06,2010,21.0
05,07,2010,21.0
05,08,2010,20.0
05,09,2010,22.0
05,10,2010,23.75
05,11,2010,23.0
05,12,2010,22.5
05,13,2010,22.0
05,14,2010,21.5
05,15,2010,22.0
05,16,2010,21.5
05,17,2010,23.0
05,18,2010,24.5
05,19,2010,24.0
05,20,2010,24.0
05,21,2010,23.75
05,22,2010,24.25
05,23,2010,23.5
05,24,2010,23.0
05,25,2010,22.5
05,26,2010,22.75
05,27,2010,23.0
05,28,2010,23.75
05,29,2010,23.0
05,30,2010,22.0
05,31,2010,22.75
06,01,2010,23.5
06,02,2010,22.25
06,03,2010,21.5
06,04,2010,22.5
06,05,2010,23.5
06,06,2010,22.75
06,07,2010,22.0
06,08,2010,21.5
06,09,2010,19.5
06,10,2010,19.5
06,11,2010,20.0
06,12,2010,20.25
06,13,2010,22.5
06,14,2010,22.25
06,15,2010,21.0
06,16,2010,19.5
06,17,2010,19.0
06,18,2010,22.75
06,19,2010,23.5
06,20,2010,23.5
06,21,2010,24.25
06,22,2010,23.75
06,23,2010,22.5
06,24,2010,23.25
06,25,2010,22.25
06,26,2010,21.75
06,27,2010,24.5
06,28,2010,23.5
06,29,2010,21.5
06,30,2010,19.5
07,01,2010,15.5
07,02,2010,16.0
07,03,2010,17.5
07,04,2010,16.5
07,05,2010,17.0
07,06,2010,16.5
07,07,2010,17.5
07,08,2010,15.5
07,09,2010,15.25
07,10,2010,17.5
07,11,2010,20.25
07,12,2010,21.5
07,13,2010,21.25
07,14,2010,21.75
07,15,2010,21.75
07,16,2010,22.25
07,17,2010,22.5
07,18,2010,23.0
07,19,2010,20.5
07,20,2010,22.0
07,21,2010,22.75
07,22,2010,23.0
07,23,2010,23.5
07,24,2010,22.25
07,25,2010,22.5
07,26,2010,21.25
07,27,2010,21.0
07,28,2010,21.5
07,29,2010,21.25
07,30,2010,22.25
07,31,2010,22.0
08,01,2010,24.25
08,02,2010,23.75
08,03,2010,24.5
08,04,2010,25.0
08,05,2010,24.75
08,06,2010,24.5
08,07,2010,24.0
08,08,2010,25.5
08,09,2010,25.0
08,10,2010,24.5
08,11,2010,25.0
08,12,2010,23.5
08,13,2010,24.5
08,14,2010,23.0
08,15,2010,21.5
08,16,2010,22.5
08,17,2010,22.5
08,18,2010,24.5
08,19,2010,24.0
08,20,2010,24.0
08,21,2010,23.25
08,22,2010,22.0
08,23,2010,19.5
08,24,2010,20.5
08,25,2010,22.0
08,26,2010,24.0
08,27,2010,23.5
08,28,2010,23.0
08,29,2010,23.5
08,30,2010,24.25
08,31,2010,24.0
09,01,2010,22.75
09,02,2010,23.75
09,03,2010,23.25
09,04,2010,20.75
09,05,2010,22.25
09,06,2010,21.75
09,07,2010,21.25
09,08,2010,23.25
09,09,2010,22.5
09,10,2010,21.75
09,11,2010,22.5
09,12,2010,22.5
09,13,2010,24.0
09,14,2010,24.25
09,15,2010,23.0
09,16,2010,22.0
09,17,2010,22.5
09,18,2010,22.0
09,19,2010,24.0
09,20,2010,22.0
09,21,2010,21.5
09,22,2010,21.5
09,23,2010,20.75
09,24,2010,22.25
09,25,2010,20.25
09,26,2010,19.0
09,27,2010,20.5
09,28,2010,20.5
09,29,2010,17.0
09,30,2010,17.0
10,01,2010,15.0
10,02,2010,18.0
10,03,2010,18.0
10,04,2010,15.5
10,05,2010,17.0
10,06,2010,17.5
10,07,2010,16.75
10,08,2010,18.0
10,09,2010,15.25
10,10,2010,17.75
10,11,2010,19.5
10,12,2010,19.5
10,13,2010,17.75
10,14,2010,16.5
10,15,2010,16.75
10,16,2010,16.0
10,17,2010,17.0
10,18,2010,16.5
10,19,2010,18.5
10,20,2010,19.75
10,21,2010,20.5
10,22,2010,17.0
10,23,2010,16.75
10,24,2010,19.0
10,25,2010,19.0
10,26,2010,19.0
10,27,2010,17.25
10,28,2010,15.0
10,29,2010,17.0
10,30,2010,16.75
10,31,2010,14.5
11,01,2010,12.5
11,02,2010,9.0
11,03,2010,8.0
11,04,2010,9.5
11,05,2010,11.5
11,06,2010,11.0
11,07,2010,11.25
11,08,2010,9.0
11,09,2010,11.5
11,10,2010,10.75
11,11,2010,14.0
11,12,2010,17.0
11,13,2010,14.75
11,14,2010,16.5
11,15,2010,13.5
11,16,2010,7.5
11,17,2010,8.0
11,18,2010,11.0
11,19,2010,10.5
11,20,2010,11.0
11,21,2010,13.5
11,22,2010,15.0
11,23,2010,13.75
11,24,2010,10.25
11,25,2010,9.5
11,26,2010,9.0
11,27,2010,11.0
11,28,2010,14.0
11,29,2010,13.0
11,30,2010,10.0
12,01,2010,9.0
12,02,2010,9.5
12,03,2010,10.0
12,04,2010,12.5
12,05,2010,11.5
12,06,2010,11.0
12,07,2010,11.5
12,08,2010,10.0
12,09,2010,8.5
12,10,2010,9.5
12,11,2010,8.75
12,12,2010,11.0
12,13,2010,10.5
12,14,2010,11.0
12,15,2010,12.25
12,16,2010,11.5
12,17,2010,11.5
12,18,2010,10.75
12,19,2010,9.5
12,20,2010,9.0
12,21,2010,9.75
12,22,2010,11.25
12,23,2010,10.5
12,24,2010,11.25
12,25,2010,9.75
12,26,2010,8.0
12,27,2010,10.0
12,28,2010,11.5
12,29,2010,10.5
12,30,2010,10.5
12,31,2010,11.0
01,01,2011,10.5
01,02,2011,10.75
01,03,2011,9.0
01,04,2011,8.25
01,05,2011,8.5
01,06,2011,8.5
01,07,2011,8.0
01,08,2011,6.5
01,09,2011,6.75
01,10,2011,8.0
01,11,2011,7.25
01,12,2011,6.5
01,13,2011,8.5
01,14,2011,8.0
01,15,2011,10.0
01,16,2011,9.0
01,17,2011,9.25
01,18,2011,9.5
01,19,2011,11.0
01,20,2011,10.5
01,21,2011,10.75
01,22,2011,10.75
01,23,2011,10.0
01,24,2011,8.5
01,25,2011,9.0
01,26,2011,9.75
01,27,2011,8.5
01,28,2011,7.5
01,29,2011,9.5
01,30,2011,8.0
01,31,2011,9.0
02,01,2011,6.0
02,02,2011,8.5
02,03,2011,7.25
02,04,2011,4.25
02,05,2011,7.5
02,06,2011,9.0
02,07,2011,9.0
02,08,2011,11.0
02,09,2011,12.25
02,10,2011,11.5
02,11,2011,11.0
02,12,2011,11.75
02,13,2011,12.5
02,14,2011,12.0
02,15,2011,14.0
02,16,2011,14.25
02,17,2011,15.0
02,18,2011,16.0
02,19,2011,17.0
02,20,2011,17.75
02,21,2011,17.5
02,22,2011,17.0
02,23,2011,16.0
02,24,2011,17.0
02,25,2011,16.5
02,26,2011,17.0
02,27,2011,17.5
02,28,2011,15.25
03,01,2011,16.5
03,02,2011,16.25
03,03,2011,16.5
03,04,2011,16.25
03,05,2011,16.75
03,06,2011,15.5
03,07,2011,15.5
03,08,2011,19.0
03,09,2011,17.0
03,10,2011,15.0
03,11,2011,14.5
03,12,2011,17.0
03,13,2011,19.5
03,14,2011,17.5
03,15,2011,15.5
03,16,2011,16.25
03,17,2011,15.5
03,18,2011,15.0
03,19,2011,16.0
03,20,2011,16.5
03,21,2011,17.5
03,22,2011,19.0
03,23,2011,20.5
03,24,2011,20.25
03,25,2011,21.25
03,26,2011,20.0
03,27,2011,19.5
03,28,2011,19.25
03,29,2011,20.5
03,30,2011,20.5
03,31,2011,18.0
04,01,2011,16.5
04,02,2011,19.0
04,03,2011,19.0
04,04,2011,19.5
04,05,2011,19.0
04,06,2011,19.5
04,07,2011,19.5
04,08,2011,20.0
04,09,2011,20.0
04,10,2011,18.75
04,11,2011,19.5
04,12,2011,20.5
04,13,2011,20.5
04,14,2011,21.5
04,15,2011,18.5
04,16,2011,19.5
04,17,2011,17.5
04,18,2011,20.0
04,19,2011,20.5
04,20,2011,19.75
04,21,2011,19.5
04,22,2011,20.0
04,23,2011,20.5
04,24,2011,22.0
04,25,2011,20.0
04,26,2011,19.25
04,27,2011,19.5
04,28,2011,19.5
04,29,2011,20.25
04,30,2011,21.0
05,01,2011,21.5
05,02,2011,21.5
05,03,2011,23.0
05,04,2011,24.0
05,05,2011,20.75
05,06,2011,22.0
05,07,2011,23.0
05,08,2011,20.25
05,09,2011,21.5
05,10,2011,21.25
05,11,2011,22.25
05,12,2011,21.5
05,13,2011,23.5
05,14,2011,21.5
05,15,2011,23.25
05,16,2011,22.75
05,17,2011,23.0
05,18,2011,23.75
05,19,2011,23.5
05,20,2011,22.25
05,21,2011,22.0
05,22,2011,22.0
05,23,2011,23.0
05,24,2011,23.0
05,25,2011,23.75
05,26,2011,24.0
05,27,2011,24.5
05,28,2011,24.5
05,29,2011,24.5
05,30,2011,25.5
05,31,2011,25.25
06,01,2011,23.5
06,02,2011,27.0
06,03,2011,25.25
06,04,2011,23.5
06,05,2011,24.5
06,06,2011,25.0
06,07,2011,25.5
06,08,2011,24.5
06,09,2011,25.75
06,10,2011,25.0
06,11,2011,23.5
06,12,2011,25.0
06,13,2011,25.0
06,14,2011,25.75
06,15,2011,25.0
06,16,2011,26.0
06,17,2011,24.75
06,18,2011,26.0
06,19,2011,26.5
06,20,2011,24.5
06,21,2011,24.0
06,22,2011,23.75
06,23,2011,21.75
06,24,2011,24.5
06,25,2011,23.25
06,26,2011,22.75
06,27,2011,25.5
06,28,2011,26.5
06,29,2011,25.5
06,30,2011,24.0
07,01,2011,20.5
07,02,2011,19.0
07,03,2011,17.75
07,04,2011,21.75
07,05,2011,22.0
07,06,2011,22.5
07,07,2011,24.0
07,08,2011,20.5
07,09,2011,20.5
07,10,2011,20.0
07,11,2011,21.5
07,12,2011,23.25
07,13,2011,22.5
07,14,2011,25.0
07,15,2011,22.25
07,16,2011,20.5
07,17,2011,20.0
07,18,2011,25.0
07,19,2011,23.0
07,20,2011,19.0
07,21,2011,20.25
07,22,2011,20.5
07,23,2011,19.75
07,24,2011,19.0
07,25,2011,23.25
07,26,2011,25.0
07,27,2011,25.0
07,28,2011,26.0
07,29,2011,24.75
07,30,2011,25.5
07,31,2011,24.0
08,01,2011,24.25
08,02,2011,24.5
08,03,2011,23.25
08,04,2011,24.5
08,05,2011,25.0
08,06,2011,24.25
08,07,2011,25.0
08,08,2011,25.75
08,09,2011,24.0
08,10,2011,24.5
08,11,2011,25.75
08,12,2011,24.25
08,13,2011,24.25
08,14,2011,26.0
08,15,2011,26.5
08,16,2011,22.5
08,17,2011,25.0
08,18,2011,26.75
08,19,2011,26.5
08,20,2011,24.5
08,21,2011,25.0
08,22,2011,25.25
08,23,2011,24.5
08,24,2011,23.5
08,25,2011,24.0
08,26,2011,23.5
08,27,2011,22.0
08,28,2011,22.75
08,29,2011,21.0
08,30,2011,20.75
08,31,2011,19.75
09,01,2011,20.25
09,02,2011,20.25
09,03,2011,19.0
09,04,2011,19.0
09,05,2011,20.25
09,06,2011,21.0
09,07,2011,21.0
09,08,2011,18.75
09,09,2011,18.5
09,10,2011,19.25
09,11,2011,18.25
09,12,2011,20.75
09,13,2011,21.0
09,14,2011,21.25
09,15,2011,21.0
09,16,2011,18.25
09,17,2011,19.0
09,18,2011,20.5
09,19,2011,20.5
09,20,2011,18.5
09,21,2011,18.0
09,22,2011,17.5
09,23,2011,20.75
09,24,2011,21.0
09,25,2011,18.5
09,26,2011,17.75
09,27,2011,18.75
09,28,2011,19.25
09,29,2011,18.0
09,30,2011,18.0
10,01,2011,18.0
10,02,2011,17.0
10,03,2011,16.75
10,04,2011,17.0
10,05,2011,16.0
10,06,2011,16.5
10,07,2011,17.5
10,08,2011,18.25
10,09,2011,17.75
10,10,2011,17.0
10,11,2011,16.5
10,12,2011,14.25
10,13,2011,15.5
10,14,2011,14.5
10,15,2011,16.0
10,16,2011,17.25
10,17,2011,18.5
10,18,2011,17.0
10,19,2011,18.0
10,20,2011,17.25
10,21,2011,17.5
10,22,2011,16.5
10,23,2011,18.5
10,24,2011,18.5
10,25,2011,17.5
10,26,2011,16.25
10,27,2011,17.75
10,28,2011,18.0
10,29,2011,17.0
10,30,2011,19.25
10,31,2011,16.0
11,01,2011,16.0
11,02,2011,16.0
11,03,2011,15.0
11,04,2011,14.5
11,05,2011,14.0
11,06,2011,14.0
11,07,2011,13.5
11,08,2011,14.5
11,09,2011,12.75
11,10,2011,13.0
11,11,2011,11.5
11,12,2011,12.0
11,13,2011,11.5
11,14,2011,9.75
11,15,2011,10.5
11,16,2011,10.5
11,17,2011,11.5
11,18,2011,11.25
11,19,2011,10.25
11,20,2011,11.5
11,21,2011,11.0
11,22,2011,12.25
11,23,2011,10.25
11,24,2011,10.0
11,25,2011,11.0
11,26,2011,9.0
11,27,2011,7.0
11,28,2011,2.0
11,29,2011,6.5
11,30,2011,7.0
12,01,2011,9.0
12,02,2011,12.0
12,03,2011,10.5
12,04,2011,13.5
12,05,2011,15.5
12,06,2011,14.5
12,07,2011,13.0
12,08,2011,14.0
12,09,2011,9.0
12,10,2011,12.0
12,11,2011,12.0
12,12,2011,11.25
12,13,2011,11.5
12,14,2011,14.0
12,15,2011,15.5
12,16,2011,12.75
12,17,2011,9.0
12,18,2011,9.5
12,19,2011,10.75
12,20,2011,8.0
12,21,2011,7.75
12,22,2011,6.5
12,23,2011,5.25
12,24,2011,8.5
12,25,2011,8.0
12,26,2011,7.25
12,27,2011,7.25
12,28,2011,6.5
12,29,2011,9.75
12,30,2011,7.5
12,31,2011,7.5
01,01,2012,11.0
01,02,2012,9.75
01,03,2012,8.75
01,04,2012,10.0
01,05,2012,10.5
01,06,2012,9.75
01,07,2012,9.75
01,08,2012,11.5
01,09,2012,13.0
01,10,2012,10.5
01,11,2012,10.0
01,12,2012,13.25
01,13,2012,11.5
01,14,2012,11.0
01,15,2012,10.5
01,16,2012,15.0
01,17,2012,13.25
01,18,2012,11.75
01,19,2012,14.0
01,20,2012,12.5
01,21,2012,12.25
01,22,2012,13.5
01,23,2012,14.75
01,24,2012,14.75
01,25,2012,13.75
01,26,2012,14.25
01,27,2012,14.5
01,28,2012,13.0
01,29,2012,12.5
01,30,2012,12.5
01,31,2012,13.0
02,01,2012,15.75
02,02,2012,14.5
02,03,2012,12.5
02,04,2012,11.25
02,05,2012,9.0
02,06,2012,8.25
02,07,2012,10.0
02,08,2012,9.5
02,09,2012,9.5
02,10,2012,10.25
02,11,2012,8.5
02,12,2012,10.0
02,13,2012,12.25
02,14,2012,12.5
02,15,2012,9.5
02,16,2012,11.5
02,17,2012,11.5
02,18,2012,14.75
02,19,2012,14.25
02,20,2012,15.0
02,21,2012,16.0
02,22,2012,17.0
02,23,2012,14.25
02,24,2012,13.5
02,25,2012,11.5
02,26,2012,15.0
02,27,2012,16.5
02,28,2012,18.75
02,29,2012,17.5
03,01,2012,15.25
03,02,2012,15.75
03,03,2012,17.0
03,04,2012,17.0
03,05,2012,17.5
03,06,2012,17.0
03,07,2012,15.75
03,08,2012,18.25
03,09,2012,19.75
03,10,2012,18.0
03,11,2012,17.75
03,12,2012,19.5
03,13,2012,19.5
03,14,2012,20.25
03,15,2012,19.75
03,16,2012,18.5
03,17,2012,18.25
03,18,2012,18.5
03,19,2012,18.5
03,20,2012,18.75
03,21,2012,17.75
03,22,2012,18.5
03,23,2012,20.0
03,24,2012,21.0
03,25,2012,20.5
03,26,2012,21.0
03,27,2012,20.75
03,28,2012,21.75
03,29,2012,20.5
03,30,2012,19.75
03,31,2012,20.5
04,01,2012,19.25
04,02,2012,21.25
04,03,2012,20.5
04,04,2012,20.0
04,05,2012,19.75
04,06,2012,21.5
04,07,2012,20.0
04,08,2012,20.75
04,09,2012,21.25
04,10,2012,18.0
04,11,2012,18.0
04,12,2012,16.5
04,13,2012,17.25
04,14,2012,18.0
04,15,2012,21.0
04,16,2012,21.5
04,17,2012,21.25
04,18,2012,21.5
04,19,2012,22.0
04,20,2012,22.0
04,21,2012,21.75
04,22,2012,21.0
04,23,2012,22.75
04,24,2012,22.5
04,25,2012,22.5
04,26,2012,21.5
04,27,2012,21.0
04,28,2012,22.75
04,29,2012,24.0
04,30,2012,24.0
05,01,2012,24.0
05,02,2012,24.75
05,03,2012,24.0
05,04,2012,24.75
05,05,2012,24.25
05,06,2012,24.0
05,07,2012,24.5
05,08,2012,25.25
05,09,2012,23.5
05,10,2012,21.75
05,11,2012,22.5
05,12,2012,19.75
05,13,2012,21.0
05,14,2012,20.75
05,15,2012,22.5
05,16,2012,23.75
05,17,2012,24.75
05,18,2012,23.0
05,19,2012,24.25
05,20,2012,24.25
05,21,2012,24.5
05,22,2012,25.5
05,23,2012,26.5
05,24,2012,24.75
05,25,2012,25.5
05,26,2012,25.0
05,27,2012,25.0
05,28,2012,25.0
05,29,2012,24.75
05,30,2012,25.5
05,31,2012,25.0
06,01,2012,22.0
06,02,2012,16.0
06,03,2012,15.75
06,04,2012,15.5
06,05,2012,21.0
06,06,2012,23.0
06,07,2012,20.25
06,08,2012,21.0
06,09,2012,24.0
06,10,2012,23.5
06,11,2012,23.0
06,12,2012,24.0
06,13,2012,23.5
06,14,2012,24.0
06,15,2012,24.25
06,16,2012,24.5
06,17,2012,23.25
06,18,2012,21.0
06,19,2012,22.0
06,20,2012,22.0
06,21,2012,21.5
06,22,2012,21.0
06,23,2012,23.75
06,24,2012,22.5
06,25,2012,22.75
06,26,2012,20.0
06,27,2012,20.5
06,28,2012,22.25
06,29,2012,null
06,30,2012,null
07,01,2012,18.0
07,02,2012,20.25
07,03,2012,21.0
07,04,2012,21.0
07,05,2012,23.0
07,06,2012,20.5
07,07,2012,20.25
07,08,2012,24.0
07,09,2012,25.0
07,10,2012,22.5
07,11,2012,21.5
07,12,2012,22.0
07,13,2012,21.75
07,14,2012,22.5
07,15,2012,21.5
07,16,2012,22.25
07,17,2012,24.0
07,18,2012,23.0
07,19,2012,21.25
07,20,2012,21.75
07,21,2012,23.25
07,22,2012,23.0
07,23,2012,22.5
07,24,2012,23.75
07,25,2012,23.0
07,26,2012,23.75
07,27,2012,23.25
07,28,2012,23.25
07,29,2012,24.0
07,30,2012,24.5
07,31,2012,23.0
08,01,2012,23.25
08,02,2012,24.25
08,03,2012,24.0
08,04,2012,25.0
08,05,2012,24.75
08,06,2012,25.5
08,07,2012,26.25
08,08,2012,26.0
08,09,2012,24.5
08,10,2012,24.25
08,11,2012,25.5
08,12,2012,25.25
08,13,2012,24.25
08,14,2012,25.25
08,15,2012,24.0
08,16,2012,23.0
08,17,2012,24.0
08,18,2012,24.5
08,19,2012,26.0
08,20,2012,26.0
08,21,2012,26.25
08,22,2012,25.5
08,23,2012,24.5
08,24,2012,23.75
08,25,2012,24.25
08,26,2012,25.0
08,27,2012,24.75
08,28,2012,24.5
08,29,2012,23.25
08,30,2012,23.25
08,31,2012,23.75
09,01,2012,25.5
09,02,2012,25.25
09,03,2012,23.5
09,04,2012,25.0
09,05,2012,24.75
09,06,2012,24.0
09,07,2012,22.5
09,08,2012,23.0
09,09,2012,21.5
09,10,2012,18.75
09,11,2012,21.5
09,12,2012,21.0
09,13,2012,22.0
09,14,2012,19.25
09,15,2012,20.0
09,16,2012,19.0
09,17,2012,20.25
09,18,2012,20.5
09,19,2012,21.0
09,20,2012,20.75
09,21,2012,21.5
09,22,2012,20.25
09,23,2012,19.0
09,24,2012,19.5
09,25,2012,20.5
09,26,2012,21.0
09,27,2012,22.5
09,28,2012,20.0
09,29,2012,19.0
09,30,2012,19.5
10,01,2012,17.25
10,02,2012,17.0
10,03,2012,16.75
10,04,2012,16.5
10,05,2012,16.25
10,06,2012,16.0
10,07,2012,18.5
10,08,2012,19.0
10,09,2012,18.5
10,10,2012,17.25
10,11,2012,15.5
10,12,2012,17.5
10,13,2012,18.0
10,14,2012,16.0
10,15,2012,16.75
10,16,2012,17.5
10,17,2012,17.5
10,18,2012,17.0
10,19,2012,18.25
10,20,2012,17.5
10,21,2012,17.75
10,22,2012,18.0
10,23,2012,17.0
10,24,2012,18.0
10,25,2012,16.5
10,26,2012,17.75
10,27,2012,16.5
10,28,2012,16.0
10,29,2012,17.25
10,30,2012,16.75
10,31,2012,16.5
11,01,2012,15.5
11,02,2012,15.75
11,03,2012,14.5
11,04,2012,15.5
11,05,2012,14.75
11,06,2012,13.0
11,07,2012,13.0
11,08,2012,13.0
11,09,2012,13.5
11,10,2012,14.25
11,11,2012,13.5
11,12,2012,12.75
11,13,2012,12.5
11,14,2012,14.0
11,15,2012,15.75
11,16,2012,15.75
11,17,2012,15.5
11,18,2012,14.5
11,19,2012,15.0
11,20,2012,13.0
11,21,2012,13.0
11,22,2012,13.0
11,23,2012,15.5
11,24,2012,14.75
11,25,2012,15.25
11,26,2012,14.25
11,27,2012,14.0
11,28,2012,12.75
11,29,2012,13.75
11,30,2012,14.75
12,01,2012,12.0
12,02,2012,13.5
12,03,2012,12.25
12,04,2012,12.75
12,05,2012,13.5
12,06,2012,13.5
12,07,2012,12.5
12,08,2012,11.0
12,09,2012,11.75
12,10,2012,12.5
12,11,2012,13.25
12,12,2012,13.5
12,13,2012,11.25
12,14,2012,9.75
12,15,2012,10.0
12,16,2012,9.25
12,17,2012,9.0
12,18,2012,8.5
12,19,2012,9.25
12,20,2012,9.75
12,21,2012,10.0
12,22,2012,9.25
12,23,2012,10.0
12,24,2012,10.0
12,25,2012,9.5
12,26,2012,9.25
12,27,2012,8.5
12,28,2012,9.5
12,29,2012,8.5
12,30,2012,7.75
12,31,2012,8.0
