<metadata xml:lang="en"><Esri><CreaDate>20160203</CreaDate><CreaTime>10511800</CreaTime><ArcGISFormat>1.0</ArcGISFormat><ArcGISstyle>FGDC CSDGM Metadata</ArcGISstyle><SyncOnce>FALSE</SyncOnce><DataProperties><itemProps><itemName Sync="TRUE">nlcd2011_usfs_prusvi_canopy_cartographic.img</itemName><itemLocation><linkage Sync="TRUE">file://R:\TCC2011_Islands\Caribbean\FINAL_TCC_IMAGES\ImagePreparation\Cartographic\nlcd2011_usfs_prusvi_canopy_cartographic.img</linkage><protocol Sync="TRUE">Local Area Network</protocol></itemLocation><nativeExtBox><westBL Sync="TRUE">3042585.000000</westBL><eastBL Sync="TRUE">3407865.000000</eastBL><southBL Sync="TRUE">-78285.000000</southBL><northBL Sync="TRUE">61395.000000</northBL><exTypeCode Sync="TRUE">1</exTypeCode></nativeExtBox><imsContentType Sync="TRUE">002</imsContentType></itemProps><coordRef><type Sync="TRUE">Projected</type><geogcsn Sync="TRUE">GCS_North_American_1983</geogcsn><csUnits Sync="TRUE">Linear Unit: Meter (1.000000)</csUnits><projcsn Sync="TRUE">Albers_Conical_Equal_Area</projcsn><peXml Sync="TRUE">&lt;ProjectedCoordinateSystem xsi:type='typens:ProjectedCoordinateSystem' xmlns:xsi='http://www.w3.org/2001/XMLSchema-instance' xmlns:xs='http://www.w3.org/2001/XMLSchema' xmlns:typens='http://www.esri.com/schemas/ArcGIS/10.0'&gt;&lt;WKT&gt;PROJCS[&amp;quot;Albers_Conical_Equal_Area&amp;quot;,GEOGCS[&amp;quot;GCS_North_American_1983&amp;quot;,DATUM[&amp;quot;D_North_American_1983&amp;quot;,SPHEROID[&amp;quot;GRS_1980&amp;quot;,6378137.0,298.257222101]],PRIMEM[&amp;quot;Greenwich&amp;quot;,0.0],UNIT[&amp;quot;Degree&amp;quot;,0.0174532925199433]],PROJECTION[&amp;quot;Albers&amp;quot;],PARAMETER[&amp;quot;false_easting&amp;quot;,0.0],PARAMETER[&amp;quot;false_northing&amp;quot;,0.0],PARAMETER[&amp;quot;central_meridian&amp;quot;,-96.0],PARAMETER[&amp;quot;standard_parallel_1&amp;quot;,29.5],PARAMETER[&amp;quot;standard_parallel_2&amp;quot;,45.5],PARAMETER[&amp;quot;latitude_of_origin&amp;quot;,23.0],UNIT[&amp;quot;Meter&amp;quot;,1.0]]&lt;/WKT&gt;&lt;XOrigin&gt;-16901100&lt;/XOrigin&gt;&lt;YOrigin&gt;-6972200&lt;/YOrigin&gt;&lt;XYScale&gt;266467840.99085236&lt;/XYScale&gt;&lt;ZOrigin&gt;-100000&lt;/ZOrigin&gt;&lt;ZScale&gt;10000&lt;/ZScale&gt;&lt;MOrigin&gt;-100000&lt;/MOrigin&gt;&lt;MScale&gt;10000&lt;/MScale&gt;&lt;XYTolerance&gt;0.001&lt;/XYTolerance&gt;&lt;ZTolerance&gt;0.001&lt;/ZTolerance&gt;&lt;MTolerance&gt;0.001&lt;/MTolerance&gt;&lt;HighPrecision&gt;true&lt;/HighPrecision&gt;&lt;/ProjectedCoordinateSystem&gt;</peXml></coordRef><RasterProperties><General><PixelDepth Sync="TRUE">8</PixelDepth><HasColormap Sync="TRUE">TRUE</HasColormap><CompressionType Sync="TRUE">RLE</CompressionType><NumBands Sync="TRUE">1</NumBands><Format Sync="TRUE">IMAGINE Image</Format><HasPyramids Sync="TRUE">TRUE</HasPyramids><SourceType Sync="TRUE">discrete</SourceType><PixelType Sync="TRUE">unsigned integer</PixelType><NoDataValue Sync="TRUE">256</NoDataValue></General></RasterProperties></DataProperties><SyncDate>20160203</SyncDate><SyncTime>11101400</SyncTime><ModDate>20160203</ModDate><ModTime>11101400</ModTime><ArcGISProfile>FGDC</ArcGISProfile></Esri><mdLang><languageCode value="eng"/><countryCode value="USA" Sync="TRUE"/></mdLang><mdChar><CharSetCd value="004"/></mdChar><mdHrLv><ScopeCd value="005"/></mdHrLv><mdContact><rpOrgName>U.S. Geological Survey</rpOrgName><rpPosName>Customer Services Representative</rpPosName><rpCntInfo><cntPhone><voiceNum>605/594-6151</voiceNum><voiceNum tddtty="True">605/594-6933</voiceNum><faxNum>605/594-6589</faxNum></cntPhone><cntAddress addressType="both"><delPoint>47914 252nd Street</delPoint><delPoint>USGS/EROS</delPoint><city>Sioux Falls</city><adminArea>SD</adminArea><postCode>57198-0001</postCode><country>US</country><eMailAdd>custserv@usgs.gov</eMailAdd></cntAddress><cntHours>0800 - 1600 CT, M - F (-6h CST/-5h CDT GMT)</cntHours><cntInstr>The USGS point of contact is for questions relating to the data display and download from this web site. For questions regarding data content and quality, refer to: &lt;http://www.mrlc.gov/mrlc2k.asp&gt; or email: mrlc@usgs.gov</cntInstr></rpCntInfo><role><RoleCd value="007"/></role></mdContact><mdStanName>ArcGIS Metadata</mdStanName><mdStanVer>1.0</mdStanVer><distInfo><distributor><distorCont><rpOrgName>U.S. Geological Survey</rpOrgName><rpPosName>Customer Services Representative</rpPosName><rpCntInfo><cntPhone><voiceNum>605-594-6151</voiceNum><voiceNum tddtty="True">605/594-6933</voiceNum><faxNum>605-594-6589</faxNum></cntPhone><cntAddress addressType="both"><delPoint>USGS/EROS</delPoint><delPoint>47914 252nd Street</delPoint><city>Sioux Falls</city><adminArea>SD</adminArea><postCode>57198-0001</postCode><country>US</country><eMailAdd>custserv@usgs.gov</eMailAdd></cntAddress><cntHours>0800 - 1600 CT, M - F (-6h CST/-5h CDT GMT)</cntHours><cntInstr>The USGS point of contact is for questions relating to the data display and download from this web site. For questions regarding data content and quality, refer to: &lt;http://www.mrlc.gov/mrlc2k.asp&gt; or email: mrlc@usgs.gov</cntInstr></rpCntInfo><role><RoleCd value="005"/></role></distorCont></distributor><distFormat><formatName Sync="TRUE">Raster Dataset</formatName></distFormat></distInfo><dataIdInfo><idCitation><resTitle Sync="FALSE">Puerto Rico and the US Virgin Islands NLCD2011 USFS Percent Tree Canopy (Cartographic Version)</resTitle><date><pubDate>2016-01-31</pubDate></date><resEd>1.0</resEd><citRespParty><rpOrgName>U.S. Geological Survey</rpOrgName><rpCntInfo><cntAddress><delPoint>USGS/EROS, Sioux Falls, SD, 57198-0001, US, 47914 252nd Street</delPoint></cntAddress></rpCntInfo><role><RoleCd value="010"/></role></citRespParty><presForm><PresFormCd value="005"/></presForm><presForm><fgdcGeoform>raster digital data</fgdcGeoform></presForm><datasetSeries><seriesName>none</seriesName><issId>none</issId></datasetSeries><otherCitDet>References: Baig, M.H.A., L. Zhang, T. Shuai, and Q. Tong, 2014. Derivation of a tasselled cap transformation based on Landsat 8 at-satellite reflectance, Remote Sensing Letters, 5(5):423-431. Brand, G.J., M.D. Nelson, D.G. Wendt, and K.K. Nimerfro, 2000. The hexagon/panel system for selecting FIA plots under an annual inventory. In: McRoberts, R. E., G.A. Reams, and P.C. Van Deusen, eds. Proceedings of the First Annual Forest Inventory and Analysis Symposium; Gen. Tech. Rep. NC-213. St. Paul, MN: U.S. Department of Agriculture, Forest Service, North Central Research Station: 8-13. Breiman, L. 2001. Random forests. Machine Learning 45:15-32. Coulston, J.W., D.M. Jacobs, C.R. King, and I.C. Elmore, 2013. The influence of multi-season imagery on models of canopy cover: a case study. Photogrammetric Engineering &amp; Remote Sensing 79(5):469-477. Coulston, J.W., G.G. Moisen, B.T. Wilson, M.V. Finco, W.B. Cohen, C.K. Brewer, 2012. Modeling percent tree canopy cover: a pilot study. Photogrammetric Engineering &amp; Remote Sensing 78(7):715-727. Cutler, R.D., T.C. Edwards, K.H. Beard, A. Cutler, K.T. Hess, J. Gibson, and J.J. Lawler, 2007. Random forest for classification in ecology. Ecology 88 (11):2783-2792. Huang, C., L. Yang, B. Wylie, and C. Homer, 2001. A strategy for estimating tree canopy density using Landsat 7 ETM+ and high resolution images over large areas. In: Third International Conference on Geospatial Information in Agriculture and Forestry; November 5-7, 2001; Denver, Colorado. CD-ROM, 1 disk. Liaw, A. and M. Wiener, 2002. Classification and regression by randomForest. R News. 2(3): 18-22. McRoberts, R.E., M.H. Hansen, 1999. Annual forest inventories for the north central region of the United States. Journal of Agricultural, Biological, and Environmental Statistics. 4(4): 361-371. Moisen, G.G., J.W. Coulston, B.T. Wilson, W.B. Cohen, and M.V. Finco, 2012. Choosing appropriate subpopulations for modeling tree canopy cover nationwide. In: McWilliams, Will; Roesch, Francis A., eds. 2012. Monitoring Across Borders: 2010 Joint Meeting of the Forest Inventory and Analysis (FIA) Symposium and the Southern Mensurationists. e-Gen. Tech. Rep. SRS-157. Asheville, NC: U.S. Department of Agriculture, Forest Service, Southern Research Station: 195-200. Nowacki, G, P. Spencer, M. Fleming, T. Brock, and T. Jorgenson, 2001. Ecoregions of Alaska: 2001. U.S. Geological Survey. Open-File Report 02-297 (map). R Core Team, 2013. R: A language and environment for statistical computing. Vienna, Austria: R Foundation for Statistical Computing. http://www.R-project.org. (Accessed: 24 Feb 2015.) Ruefenacht, B., 2016. Using Landsat-5 TM composites to model percent tree canopy cover. Photogrammetric Engineering &amp; Remote Sensing (In Press). Tipton, J., G.Moisen, P. Patterson, T.A. Jackson, and J. Coulston, 2012. Sampling intensity and normalizations: Exploring cost-driving factors in nationwide mapping of tree canopy cover. In: McWilliams, Will; Roesch, Francis A., eds. 2012. Monitoring Across Borders: 2010 Joint Meeting of the Forest Inventory and Analysis (FIA) Symposium and the Southern Mensurationists. e-Gen. Tech. Rep. SRS-157. Asheville, NC: U.S. Department of Agriculture, Forest Service, Southern Research Station: 201-208. Zhu, Z. and C.E. Woodcock, 2012. Object-based cloud and cloud shadow detection in Landsat imagery. Remote Sensing of Environment. 118(2012): 83-94.</otherCitDet></idCitation><idAbs>&lt;DIV STYLE="text-align:Left;"&gt;&lt;DIV&gt;&lt;DIV&gt;&lt;P&gt;&lt;SPAN&gt;The National Land Cover Database 2011 (NLCD2011) percent tree canopy cover layer (TCC 2011) was produced through a cooperative project conducted by the Multi-Resolution Land Characteristics (MRLC) Consortium (www.mrlc.gov). The MRLC Consortium is a partnership of federal agencies, consisting of the U.S. Geological Survey, the National Oceanic and Atmospheric Administration, the U.S. Environmental Protection Agency, the U.S. Department of Agriculture (USDA) National Agricultural Statistics Service, the U.S. Forest Service, the National Park Service, the U.S. Fish and Wildlife Service, the Bureau of Land Management, NASA, and the U.S. Army Corps of Engineers. One of the primary goals of the project was to generate a current, consistent, and seamless national land cover, percent tree canopy cover (PTCC), and percent impervious cover at medium spatial resolution. Puerto Rico and the US Virgin Islands TCC 2011 was produced by the USDA Forest Service Remote Sensing Applications Center (RSAC). For the PTCC layer, the pixel values range from 0 to 100 percent; 255 represents the background value. The PTCC layer was produced using random forest. PTCC values that were less than a calculated uncertainty were set to zero. The PTCC has data gaps due to persistent clouds/shadows in the Landsat images used for modeling. These data gaps are represented by the number 127.&lt;/SPAN&gt;&lt;/P&gt;&lt;/DIV&gt;&lt;/DIV&gt;&lt;/DIV&gt;</idAbs><idPurp>The goal of this project is to provide the Nation with complete, current and consistent public domain information on its tree canopy cover.</idPurp><idCredit>USDA Forest Service Remote Sensing Applications Center</idCredit><idPoC><rpOrgName>U.S. Geological Survey</rpOrgName><rpPosName>Customer Services Representative</rpPosName><rpCntInfo><cntPhone><voiceNum>605/594-6151</voiceNum><voiceNum tddtty="True">605/594-6933</voiceNum><faxNum>605/594-6589</faxNum></cntPhone><cntAddress addressType="both"><delPoint>USGS/EROS</delPoint><delPoint>47914 252nd Street</delPoint><city>Sioux Falls</city><adminArea>SD</adminArea><postCode>57198-0001</postCode><country>US</country><eMailAdd>custserv@usgs.gov</eMailAdd></cntAddress><cntHours>0800 - 1600 CT, M - F (-6h CST/-5h CDT GMT)</cntHours><cntInstr>The USGS point of contact is for questions relating to the data display and download from this web site. For questions regarding data content and quality, refer to: &lt;http://www.mrlc.gov/mrlc2k.asp&gt; or email: mrlc@usgs.gov</cntInstr></rpCntInfo><role><RoleCd value="007"/></role></idPoC><resMaint><maintFreq><MaintFreqCd value="009"/></maintFreq></resMaint><placeKeys><thesaName><resTitle>U.S. Department of Commerce, 1995, Countries, dependencies, areas of special sovereignty, and their principal administrative divisions, Federal Information Processing Standard 10-4: Washington, D.C., National Institute of Standards and Technology</resTitle></thesaName><keyword>U.S.</keyword><keyword>USVI</keyword><keyword>USA</keyword><keyword>United States of America</keyword><keyword>PR</keyword><keyword>US Virgin Islands</keyword><keyword>U.S. Virgin Islands</keyword><keyword>US</keyword><keyword>Puerto Rico</keyword><keyword>United States</keyword><keyword>U.S.A.</keyword></placeKeys><themeKeys><thesaName><resTitle>ISO 19115 Category</resTitle></thesaName><keyword>Earth Covers</keyword><keyword>Imagery</keyword><keyword>Base Map</keyword></themeKeys><themeKeys><keyword>GIS</keyword><keyword>Percent Tree Canopy</keyword><keyword>USFS</keyword><keyword>Tree Canopy Cover</keyword><keyword>Remote Sensing</keyword><keyword>Continuous</keyword><keyword>Digital Spatial Data</keyword><keyword>U.S. Forest Service</keyword></themeKeys><searchKeys><keyword>U.S.</keyword><keyword>USVI</keyword><keyword>Earth Covers</keyword><keyword>GIS</keyword><keyword>USA</keyword><keyword>United States of America</keyword><keyword>Percent Tree Canopy</keyword><keyword>Imagery</keyword><keyword>PR</keyword><keyword>US Virgin Islands</keyword><keyword>USFS</keyword><keyword>U.S. Virgin Islands</keyword><keyword>US</keyword><keyword>Puerto Rico</keyword><keyword>Tree Canopy Cover</keyword><keyword>Remote Sensing</keyword><keyword>United States</keyword><keyword>Continuous</keyword><keyword>Base Map</keyword><keyword>U.S.A.</keyword><keyword>Digital Spatial Data</keyword><keyword>U.S. Forest Service</keyword></searchKeys><resConst><LegConsts><useLimit>See access and use constraints information.</useLimit></LegConsts></resConst><resConst><SecConsts><class><ClasscationCd value="001"/></class></SecConsts></resConst><resConst><Consts><useLimit>&lt;DIV STYLE="text-align:Left;"&gt;&lt;DIV&gt;&lt;DIV&gt;&lt;P&gt;&lt;SPAN&gt;Any hardcopy or electronic products utilizing these datasets will clearly indicate their source. If the user has modified the data in any way, they are obligated to describe the types of modifications they have performed. User specifically agrees not to misrepresent these data sets, nor to imply that the MRLC approved the changes. Any data downloaded must be properly cited.&lt;/SPAN&gt;&lt;/P&gt;&lt;/DIV&gt;&lt;/DIV&gt;&lt;/DIV&gt;</useLimit></Consts></resConst><dataLang><languageCode value="eng"/><countryCode value="USA" Sync="TRUE"/></dataLang><dataExt><geoEle><GeoBndBox><westBL>-69.628175</westBL><eastBL>-62.422481</eastBL><southBL>15.177592</southBL><northBL>20.8712</northBL></GeoBndBox></geoEle></dataExt><dataExt><exDesc>Ground condition at time of imagery capture</exDesc><tempEle><TempExtent><exTemp><TM_Period><tmBegin>2013-11-11</tmBegin><tmEnd>2015-02-25</tmEnd></TM_Period></exTemp></TempExtent></tempEle></dataExt><suppInfo>Corner Coordinates (center of pixel, meters): upper left: 2890755 (X), 189555 (Y); lower right: 3591885 (X), -219375 (Y).</suppInfo><dataChar><CharSetCd value="004"/></dataChar><envirDesc Sync="TRUE">Microsoft Windows 7 Version 6.1 (Build 7601) Service Pack 1; ESRI ArcGIS 10.0.5.4400</envirDesc><spatRpType><SpatRepTypCd value="002" Sync="TRUE"/></spatRpType><dataExt><geoEle><GeoBndBox esriExtentType="search"><exTypeCode Sync="TRUE">1</exTypeCode><westBL Sync="TRUE">-67.950181</westBL><eastBL Sync="TRUE">-64.398022</eastBL><northBL Sync="TRUE">19.319894</northBL><southBL Sync="TRUE">17.013923</southBL></GeoBndBox></geoEle></dataExt><tpCat><TopicCatCd value="010"/></tpCat></dataIdInfo><dqInfo xmlns=""><dqScope><scpLvl><ScopeCd value="005"/></scpLvl></dqScope><report type="DQCompOm" dimension="" xmlns=""><measDesc>This product is the cartographic version of the Puerto Rico and the US Virgin Islands NLCD2011 USFS percent tree canopy product, version 1, dated 2016.</measDesc></report><report type="DQQuanAttAcc" dimension="" xmlns=""><measDesc>No formal independent accuracy assessment of the Puerto Rico and the US Virgin Islands TCC 2011 has been made. The random forest regression algorithm (Breiman 2001; Liaw and Wiener 2002; Cutler et al. 2007) employed in the Puerto Rico and the US Virgin Islands TCC 2011 mapping calculates the mean of squared residuals along with percent variability explained by the model for assessing prediction reliability. The random forest models consisted of 500 decision trees, which were used to determine the final response value. The response of each tree depended on a randomly chosen subset of predictor variables chosen independently (with replacement) for evaluation by that tree. The responses of the trees were averaged to obtain an estimate of the dependent variable. The standard error is the square root of the variance of the estimates given by all trees. A summary of the random forest model is available in the supplemental metadata.</measDesc></report><dataLineage><prcStep xmlns=""><stepDesc>Creation of the Puerto Rico and the US Virgin Islands TCC 2011 Percent Tree Canopy Cover (PTCC), cartographic version (main process). The cartographic version of the PTCC product is a filtered version of the corresponding analytic product, in which values less than a calculated uncertainty have been set to zero. In essence, the filtering process reduces errors of commission by eliminating values that are not significantly different from zero. A threshold value was determined using data from 500 runs of the Random Forest™ algorithm on bootstrap samples. From these data, t-statistics were calculated. The t-statistic at the 95th interval was selected as the threshold value, which was 2.25. To create the cartographic layer, the product of the t-statistic threshold value and the standard error from the analytical layer was subtracted from the analytical PTCC value. If the result was less than 0, the PTCC value for that pixel was set to zero in the cartographic layer; otherwise, the PTCC value from the analytical layer was used.</stepDesc><stepDateTm>2016-01-29T00:00:00</stepDateTm><stepSrc type="used" xmlns=""><srcCitatn xmlns=""><resAltTitle>PTCC</resAltTitle></srcCitatn></stepSrc></prcStep><dataSource xmlns="" type=""><srcCitatn xmlns=""><resTitle>Percent Tree Canopy Cover</resTitle><resAltTitle>PTCC</resAltTitle><citRespParty xmlns=""><rpOrgName>U.S. Geological Survey</rpOrgName><rpCntInfo><cntAddress><delPoint>Sioux Falls, SD</delPoint></cntAddress></rpCntInfo><role><RoleCd value="010"/></role></citRespParty><presForm xmlns=""><PresFormCd value="005"/></presForm><presForm xmlns=""><fgdcGeoform>raster digital data</fgdcGeoform></presForm></srcCitatn></dataSource></dataLineage></dqInfo><spatRepInfo><Georect><axisDimension type="001"><dimSize Sync="TRUE">4656</dimSize><dimResol><value Sync="TRUE" uom="Meter">30.000000</value></dimResol></axisDimension><axisDimension type="002"><dimSize Sync="TRUE">12176</dimSize><dimResol><value Sync="TRUE" uom="Meter">30.000000</value></dimResol></axisDimension><cellGeo><CellGeoCd Sync="TRUE" value="002"/></cellGeo><numDims Sync="TRUE">2</numDims><tranParaAv Sync="TRUE">1</tranParaAv><chkPtAv Sync="TRUE">0</chkPtAv><cornerPts><pos Sync="TRUE">3042585.000000 -78285.000000</pos></cornerPts><cornerPts><pos Sync="TRUE">3042585.000000 61395.000000</pos></cornerPts><cornerPts><pos Sync="TRUE">3407865.000000 61395.000000</pos></cornerPts><cornerPts><pos Sync="TRUE">3407865.000000 -78285.000000</pos></cornerPts><centerPt><pos Sync="TRUE">3225225.000000 -8445.000000</pos></centerPt><ptInPixel><PixOrientCd Sync="TRUE" value="001"/></ptInPixel></Georect></spatRepInfo><contInfo><ImgDesc><covDim><Band><valUnit><UOM type="length"><unitSymbol Sync="TRUE">Meter</unitSymbol></UOM></valUnit><dimDescrp Sync="TRUE">Layer_1</dimDescrp><maxVal Sync="TRUE">255.000000</maxVal><minVal Sync="TRUE">0.000000</minVal><bitsPerVal Sync="TRUE">8</bitsPerVal></Band></covDim><contentTyp><ContentTypCd Sync="TRUE" value="002"/></contentTyp></ImgDesc></contInfo><eainfo><detailed Name="nlcd2011_usfs_prusvi_canopy_cartographic.img.vat"><enttyp><enttypl Sync="TRUE">nlcd2011_usfs_prusvi_canopy_cartographic.img.vat</enttypl><enttypt Sync="TRUE">Table</enttypt><enttypc Sync="TRUE">256</enttypc></enttyp><attr><attrlabl Sync="TRUE">OID</attrlabl><attalias Sync="TRUE">OID</attalias><attrtype Sync="TRUE">OID</attrtype><attwidth Sync="TRUE">4</attwidth><atprecis Sync="TRUE">0</atprecis><attscale Sync="TRUE">0</attscale><attrdef Sync="TRUE">Internal feature number.</attrdef><attrdefs Sync="TRUE">ESRI</attrdefs><attrdomv><udom Sync="TRUE">Sequential unique whole numbers that are automatically generated.</udom></attrdomv></attr><attr><attrlabl Sync="TRUE">Value</attrlabl><attalias Sync="TRUE">Value</attalias><attrtype Sync="TRUE">Integer</attrtype><attwidth Sync="TRUE">0</attwidth><atprecis Sync="TRUE">0</atprecis><attscale Sync="TRUE">0</attscale><attrdomv><udom> 127 = No data available 255 = Background</udom></attrdomv></attr><attr><attrlabl Sync="TRUE">Count</attrlabl><attalias Sync="TRUE">Count</attalias><attrtype Sync="TRUE">Double</attrtype><attwidth Sync="TRUE">0</attwidth><atprecis Sync="TRUE">0</atprecis><attscale Sync="TRUE">0</attscale></attr><attr><attrlabl Sync="TRUE">Red</attrlabl><attalias Sync="TRUE">Red</attalias><attrtype Sync="TRUE">Double</attrtype><attwidth Sync="TRUE">0</attwidth><atprecis Sync="TRUE">0</atprecis><attscale Sync="TRUE">0</attscale></attr><attr><attrlabl Sync="TRUE">Green</attrlabl><attalias Sync="TRUE">Green</attalias><attrtype Sync="TRUE">Double</attrtype><attwidth Sync="TRUE">0</attwidth><atprecis Sync="TRUE">0</atprecis><attscale Sync="TRUE">0</attscale></attr><attr><attrlabl Sync="TRUE">Blue</attrlabl><attalias Sync="TRUE">Blue</attalias><attrtype Sync="TRUE">Double</attrtype><attwidth Sync="TRUE">0</attwidth><atprecis Sync="TRUE">0</atprecis><attscale Sync="TRUE">0</attscale></attr><attr><attrlabl Sync="TRUE">Opacity</attrlabl><attalias Sync="TRUE">Opacity</attalias><attrtype Sync="TRUE">Double</attrtype><attwidth Sync="TRUE">0</attwidth><atprecis Sync="TRUE">0</atprecis><attscale Sync="TRUE">0</attscale></attr></detailed></eainfo><mdHrLvName Sync="TRUE">dataset</mdHrLvName><refSysInfo><RefSystem><refSysID><identCode code="0" Sync="TRUE" value="0"/></refSysID></RefSystem></refSysInfo><mdDateSt Sync="TRUE">20160203</mdDateSt></metadata>
