Id:,4079
Estación:,VISTA ALEGRE-CAMP
Posición:,18.0433333333N -91.6608333333W
Variable:,Precipitación (mm)
Fecha Inicial:,01/01/1996
Fecha Final:,01/01/2011
No Dato:,nan
Mes,Día,Anio,Datos
01,01,1996,0.0
01,02,1996,0.0
01,03,1996,0.0
01,04,1996,0.0
01,05,1996,0.0
01,06,1996,0.0
01,07,1996,8.6
01,08,1996,15.0
01,09,1996,0.0
01,10,1996,0.0
01,11,1996,18.0
01,12,1996,0.0
01,13,1996,0.0
01,14,1996,0.0
01,15,1996,0.0
01,16,1996,0.0
01,17,1996,0.0
01,18,1996,0.0
01,19,1996,0.0
01,20,1996,0.0
01,21,1996,0.0
01,22,1996,0.0
01,23,1996,0.0
01,24,1996,0.0
01,25,1996,0.0
01,26,1996,0.0
01,27,1996,19.6
01,28,1996,0.0
01,29,1996,0.0
01,30,1996,0.0
01,31,1996,0.0
02,01,1996,0.0
02,02,1996,0.0
02,03,1996,0.0
02,04,1996,0.0
02,05,1996,0.0
02,06,1996,0.0
02,07,1996,0.0
02,08,1996,0.0
02,09,1996,0.0
02,10,1996,0.0
02,11,1996,0.0
02,12,1996,10.5
02,13,1996,0.0
02,14,1996,0.0
02,15,1996,0.0
02,16,1996,0.0
02,17,1996,0.0
02,18,1996,0.0
02,19,1996,0.0
02,20,1996,0.0
02,21,1996,0.0
02,22,1996,0.0
02,23,1996,0.0
02,24,1996,0.0
02,25,1996,0.0
02,26,1996,0.0
02,27,1996,0.0
02,28,1996,0.0
02,29,1996,0.0
03,01,1996,0.0
03,02,1996,0.0
03,03,1996,0.0
03,04,1996,0.0
03,05,1996,0.0
03,06,1996,0.0
03,07,1996,20.8
03,08,1996,19.0
03,09,1996,0.0
03,10,1996,0.0
03,11,1996,0.0
03,12,1996,0.0
03,13,1996,0.0
03,14,1996,0.0
03,15,1996,0.0
03,16,1996,0.0
03,17,1996,0.0
03,18,1996,0.0
03,19,1996,0.0
03,20,1996,0.0
03,21,1996,0.0
03,22,1996,0.0
03,23,1996,0.0
03,24,1996,0.0
03,25,1996,0.0
03,26,1996,0.0
03,27,1996,0.0
03,28,1996,0.0
03,29,1996,0.0
03,30,1996,0.0
03,31,1996,0.0
04,01,1996,0.0
04,02,1996,0.0
04,03,1996,0.0
04,04,1996,0.0
04,05,1996,0.0
04,06,1996,0.0
04,07,1996,21.4
04,08,1996,8.0
04,09,1996,0.0
04,10,1996,0.0
04,11,1996,0.0
04,12,1996,13.5
04,13,1996,0.0
04,14,1996,0.0
04,15,1996,49.4
04,16,1996,0.0
04,17,1996,0.0
04,18,1996,0.0
04,19,1996,0.0
04,20,1996,0.0
04,21,1996,0.0
04,22,1996,0.0
04,23,1996,4.4
04,24,1996,0.0
04,25,1996,0.0
04,26,1996,0.0
04,27,1996,0.0
04,28,1996,0.0
04,29,1996,0.0
04,30,1996,0.0
05,01,1996,0.0
05,02,1996,0.0
05,03,1996,0.0
05,04,1996,16.4
05,05,1996,0.0
05,06,1996,0.0
05,07,1996,0.0
05,08,1996,0.0
05,09,1996,0.0
05,10,1996,0.0
05,11,1996,36.0
05,12,1996,0.0
05,13,1996,0.0
05,14,1996,0.0
05,15,1996,16.4
05,16,1996,14.0
05,17,1996,0.0
05,18,1996,0.0
05,19,1996,0.0
05,20,1996,0.0
05,21,1996,0.0
05,22,1996,0.0
05,23,1996,0.0
05,24,1996,0.0
05,25,1996,0.0
05,26,1996,0.0
05,27,1996,0.0
05,28,1996,0.0
05,29,1996,8.5
05,30,1996,0.0
05,31,1996,0.0
06,01,1996,0.0
06,02,1996,0.0
06,03,1996,0.0
06,04,1996,0.0
06,05,1996,0.0
06,06,1996,0.0
06,07,1996,0.0
06,08,1996,0.0
06,09,1996,10.8
06,10,1996,36.0
06,11,1996,34.8
06,12,1996,15.0
06,13,1996,18.0
06,14,1996,9.0
06,15,1996,15.5
06,16,1996,15.0
06,17,1996,0.0
06,18,1996,0.0
06,19,1996,0.0
06,20,1996,10.8
06,21,1996,18.4
06,22,1996,19.0
06,23,1996,10.0
06,24,1996,0.0
06,25,1996,0.0
06,26,1996,0.0
06,27,1996,0.0
06,28,1996,10.4
06,29,1996,18.5
06,30,1996,0.0
07,01,1996,18.0
07,02,1996,0.0
07,03,1996,0.0
07,04,1996,16.4
07,05,1996,0.0
07,06,1996,19.5
07,07,1996,18.4
07,08,1996,0.0
07,09,1996,0.0
07,10,1996,10.0
07,11,1996,0.0
07,12,1996,0.0
07,13,1996,9.5
07,14,1996,0.0
07,15,1996,0.0
07,16,1996,0.0
07,17,1996,9.5
07,18,1996,0.0
07,19,1996,18.0
07,20,1996,0.0
07,21,1996,0.0
07,22,1996,0.0
07,23,1996,15.5
07,24,1996,0.0
07,25,1996,0.0
07,26,1996,9.0
07,27,1996,0.0
07,28,1996,0.0
07,29,1996,0.0
07,30,1996,0.0
07,31,1996,0.0
08,01,1996,10.0
08,02,1996,23.0
08,03,1996,0.0
08,04,1996,0.0
08,05,1996,0.0
08,06,1996,0.0
08,07,1996,0.0
08,08,1996,0.0
08,09,1996,0.0
08,10,1996,0.0
08,11,1996,0.0
08,12,1996,0.0
08,13,1996,0.0
08,14,1996,19.3
08,15,1996,0.0
08,16,1996,0.0
08,17,1996,18.5
08,18,1996,0.0
08,19,1996,0.0
08,20,1996,15.4
08,21,1996,0.0
08,22,1996,0.0
08,23,1996,26.5
08,24,1996,10.0
08,25,1996,20.0
08,26,1996,0.0
08,27,1996,0.0
08,28,1996,0.0
08,29,1996,0.0
08,30,1996,0.0
08,31,1996,0.0
09,01,1996,12.0
09,02,1996,10.8
09,03,1996,9.0
09,04,1996,0.0
09,05,1996,0.0
09,06,1996,0.0
09,07,1996,0.0
09,08,1996,21.4
09,09,1996,26.3
09,10,1996,18.0
09,11,1996,0.0
09,12,1996,6.7
09,13,1996,0.0
09,14,1996,31.4
09,15,1996,28.1
09,16,1996,0.0
09,17,1996,0.0
09,18,1996,0.0
09,19,1996,11.4
09,20,1996,7.6
09,21,1996,0.0
09,22,1996,0.0
09,23,1996,0.0
09,24,1996,0.0
09,25,1996,0.0
09,26,1996,0.0
09,27,1996,0.0
09,28,1996,31.4
09,29,1996,26.0
09,30,1996,8.4
10,01,1996,20.0
10,02,1996,42.0
10,03,1996,21.0
10,04,1996,39.5
10,05,1996,14.2
10,06,1996,19.0
10,07,1996,24.4
10,08,1996,0.0
10,09,1996,0.0
10,10,1996,0.0
10,11,1996,0.0
10,12,1996,22.0
10,13,1996,58.4
10,14,1996,40.2
10,15,1996,16.1
10,16,1996,27.6
10,17,1996,14.2
10,18,1996,16.4
10,19,1996,0.0
10,20,1996,0.0
10,21,1996,0.0
10,22,1996,0.0
10,23,1996,7.4
10,24,1996,4.0
10,25,1996,1.0
10,26,1996,0.0
10,27,1996,0.0
10,28,1996,12.0
10,29,1996,36.0
10,30,1996,0.0
10,31,1996,0.0
11,01,1996,1.0
11,02,1996,7.0
11,03,1996,0.0
11,04,1996,32.4
11,05,1996,1.6
11,06,1996,1.4
11,07,1996,0.0
11,08,1996,0.0
11,09,1996,0.0
11,10,1996,0.0
11,11,1996,2.1
11,12,1996,23.4
11,13,1996,2.2
11,14,1996,0.0
11,15,1996,1.7
11,16,1996,12.2
11,17,1996,4.1
11,18,1996,0.0
11,19,1996,0.0
11,20,1996,0.0
11,21,1996,0.0
11,22,1996,0.0
11,23,1996,0.0
11,24,1996,0.0
11,25,1996,0.0
11,26,1996,0.0
11,27,1996,0.0
11,28,1996,2.8
11,29,1996,12.6
11,30,1996,1.1
12,01,1996,0.0
12,02,1996,0.0
12,03,1996,0.0
12,04,1996,0.0
12,05,1996,0.0
12,06,1996,0.0
12,07,1996,0.0
12,08,1996,0.0
12,09,1996,0.0
12,10,1996,0.0
12,11,1996,10.0
12,12,1996,0.0
12,13,1996,1.9
12,14,1996,6.0
12,15,1996,4.2
12,16,1996,0.0
12,17,1996,4.0
12,18,1996,9.0
12,19,1996,6.0
12,20,1996,4.0
12,21,1996,5.2
12,22,1996,2.0
12,23,1996,0.0
12,24,1996,0.0
12,25,1996,0.0
12,26,1996,0.0
12,27,1996,0.0
12,28,1996,1.0
12,29,1996,4.2
12,30,1996,2.4
12,31,1996,14.7
01,01,1997,30.0
01,02,1997,0.0
01,03,1997,0.0
01,04,1997,0.0
01,05,1997,0.0
01,06,1997,0.0
01,07,1997,0.0
01,08,1997,0.0
01,09,1997,0.0
01,10,1997,0.0
01,11,1997,0.0
01,12,1997,0.0
01,13,1997,0.0
01,14,1997,10.4
01,15,1997,9.0
01,16,1997,3.8
01,17,1997,0.0
01,18,1997,0.0
01,19,1997,0.0
01,20,1997,0.0
01,21,1997,0.0
01,22,1997,0.0
01,23,1997,0.0
01,24,1997,0.0
01,25,1997,0.0
01,26,1997,0.0
01,27,1997,0.0
01,28,1997,28.0
01,29,1997,0.0
01,30,1997,0.0
01,31,1997,0.0
02,01,1997,0.0
02,02,1997,0.0
02,03,1997,0.0
02,04,1997,0.0
02,05,1997,0.0
02,06,1997,0.0
02,07,1997,0.0
02,08,1997,0.0
02,09,1997,2.0
02,10,1997,0.0
02,11,1997,0.0
02,12,1997,0.0
02,13,1997,0.0
02,14,1997,0.0
02,15,1997,0.0
02,16,1997,61.0
02,17,1997,15.0
02,18,1997,0.0
02,19,1997,10.4
02,20,1997,0.0
02,21,1997,0.0
02,22,1997,20.0
02,23,1997,0.0
02,24,1997,0.0
02,25,1997,0.0
02,26,1997,0.0
02,27,1997,0.0
02,28,1997,0.0
03,01,1997,0.0
03,02,1997,15.0
03,03,1997,0.0
03,04,1997,0.0
03,05,1997,0.0
03,06,1997,35.0
03,07,1997,0.0
03,08,1997,0.0
03,09,1997,28.4
03,10,1997,0.0
03,11,1997,0.0
03,12,1997,0.0
03,13,1997,0.0
03,14,1997,0.0
03,15,1997,0.0
03,16,1997,0.0
03,17,1997,0.0
03,18,1997,0.0
03,19,1997,0.0
03,20,1997,0.0
03,21,1997,0.0
03,22,1997,0.0
03,23,1997,8.4
03,24,1997,0.0
03,25,1997,0.0
03,26,1997,0.0
03,27,1997,0.0
03,28,1997,0.0
03,29,1997,0.0
03,30,1997,0.0
03,31,1997,0.0
04,01,1997,0.0
04,02,1997,0.0
04,03,1997,0.0
04,04,1997,0.0
04,05,1997,0.0
04,06,1997,0.0
04,07,1997,0.0
04,08,1997,20.0
04,09,1997,10.0
04,10,1997,0.0
04,11,1997,0.0
04,12,1997,0.0
04,13,1997,0.0
04,14,1997,0.0
04,15,1997,0.0
04,16,1997,0.0
04,17,1997,0.0
04,18,1997,0.0
04,19,1997,0.0
04,20,1997,0.0
04,21,1997,0.0
04,22,1997,0.0
04,23,1997,0.0
04,24,1997,0.0
04,25,1997,0.0
04,26,1997,0.0
04,27,1997,0.0
04,28,1997,0.0
04,29,1997,0.0
04,30,1997,0.0
05,01,1997,0.0
05,02,1997,0.0
05,03,1997,0.0
05,04,1997,10.0
05,05,1997,0.0
05,06,1997,0.0
05,07,1997,10.0
05,08,1997,0.0
05,09,1997,0.0
05,10,1997,0.0
05,11,1997,0.0
05,12,1997,0.0
05,13,1997,0.0
05,14,1997,0.0
05,15,1997,0.0
05,16,1997,25.0
05,17,1997,22.4
05,18,1997,8.4
05,19,1997,25.4
05,20,1997,0.0
05,21,1997,0.0
05,22,1997,0.0
05,23,1997,18.0
05,24,1997,0.0
05,25,1997,10.4
05,26,1997,0.0
05,27,1997,12.5
05,28,1997,10.0
05,29,1997,0.0
05,30,1997,33.0
05,31,1997,10.0
06,01,1997,10.6
06,02,1997,9.0
06,03,1997,0.0
06,04,1997,0.0
06,05,1997,0.0
06,06,1997,0.0
06,07,1997,0.0
06,08,1997,0.0
06,09,1997,0.0
06,10,1997,0.0
06,11,1997,10.0
06,12,1997,6.0
06,13,1997,0.0
06,14,1997,0.0
06,15,1997,21.5
06,16,1997,15.0
06,17,1997,0.0
06,18,1997,0.0
06,19,1997,0.0
06,20,1997,0.0
06,21,1997,0.0
06,22,1997,10.0
06,23,1997,9.0
06,24,1997,0.0
06,25,1997,0.0
06,26,1997,9.0
06,27,1997,10.0
06,28,1997,6.0
06,29,1997,9.0
06,30,1997,15.0
07,01,1997,50.0
07,02,1997,0.0
07,03,1997,0.0
07,04,1997,0.0
07,05,1997,0.0
07,06,1997,0.0
07,07,1997,5.0
07,08,1997,0.0
07,09,1997,6.8
07,10,1997,7.4
07,11,1997,16.0
07,12,1997,33.4
07,13,1997,0.0
07,14,1997,0.0
07,15,1997,0.0
07,16,1997,0.0
07,17,1997,0.0
07,18,1997,0.0
07,19,1997,0.0
07,20,1997,9.4
07,21,1997,6.6
07,22,1997,2.6
07,23,1997,0.0
07,24,1997,0.0
07,25,1997,6.0
07,26,1997,0.0
07,27,1997,0.0
07,28,1997,0.0
07,29,1997,6.0
07,30,1997,3.0
07,31,1997,5.0
08,01,1997,0.0
08,02,1997,0.0
08,03,1997,13.5
08,04,1997,36.4
08,05,1997,0.0
08,06,1997,0.0
08,07,1997,0.0
08,08,1997,0.0
08,09,1997,0.0
08,10,1997,0.0
08,11,1997,0.0
08,12,1997,0.0
08,13,1997,0.0
08,14,1997,12.4
08,15,1997,0.0
08,16,1997,0.0
08,17,1997,0.0
08,18,1997,0.0
08,19,1997,30.4
08,20,1997,8.4
08,21,1997,0.0
08,22,1997,0.0
08,23,1997,18.4
08,24,1997,15.4
08,25,1997,0.0
08,26,1997,0.0
08,27,1997,33.4
08,28,1997,0.0
08,29,1997,10.4
08,30,1997,45.0
08,31,1997,0.0
09,01,1997,0.0
09,02,1997,0.0
09,03,1997,6.4
09,04,1997,0.0
09,05,1997,9.0
09,06,1997,8.0
09,07,1997,0.0
09,08,1997,0.0
09,09,1997,10.4
09,10,1997,0.0
09,11,1997,0.0
09,12,1997,10.0
09,13,1997,0.0
09,14,1997,19.0
09,15,1997,9.0
09,16,1997,0.0
09,17,1997,0.0
09,18,1997,13.0
09,19,1997,0.0
09,20,1997,0.0
09,21,1997,0.0
09,22,1997,0.0
09,23,1997,0.0
09,24,1997,8.0
09,25,1997,8.0
09,26,1997,0.0
09,27,1997,12.0
09,28,1997,0.0
09,29,1997,0.0
09,30,1997,0.0
10,01,1997,60.0
10,02,1997,0.0
10,03,1997,0.0
10,04,1997,65.0
10,05,1997,48.0
10,06,1997,42.0
10,07,1997,45.0
10,08,1997,35.0
10,09,1997,38.0
10,10,1997,30.0
10,11,1997,28.0
10,12,1997,35.0
10,13,1997,10.0
10,14,1997,35.0
10,15,1997,0.0
10,16,1997,0.0
10,17,1997,0.0
10,18,1997,0.0
10,19,1997,0.0
10,20,1997,21.0
10,21,1997,17.0
10,22,1997,0.0
10,23,1997,0.0
10,24,1997,0.0
10,25,1997,0.0
10,26,1997,0.0
10,27,1997,0.0
10,28,1997,0.0
10,29,1997,0.0
10,30,1997,0.0
10,31,1997,0.0
11,01,1997,0.0
11,02,1997,0.0
11,03,1997,0.0
11,04,1997,0.0
11,05,1997,10.0
11,06,1997,0.0
11,07,1997,0.0
11,08,1997,0.0
11,09,1997,30.0
11,10,1997,0.0
11,11,1997,0.0
11,12,1997,0.0
11,13,1997,0.0
11,14,1997,6.0
11,15,1997,24.0
11,16,1997,9.0
11,17,1997,9.5
11,18,1997,6.0
11,19,1997,10.0
11,20,1997,9.0
11,21,1997,16.0
11,22,1997,6.5
11,23,1997,8.0
11,24,1997,8.9
11,25,1997,5.5
11,26,1997,5.6
11,27,1997,6.5
11,28,1997,6.0
11,29,1997,5.5
11,30,1997,9.5
12,01,1997,0.0
12,02,1997,10.0
12,03,1997,0.0
12,04,1997,0.0
12,05,1997,0.0
12,06,1997,0.0
12,07,1997,0.0
12,08,1997,0.0
12,09,1997,9.0
12,10,1997,16.0
12,11,1997,100.0
12,12,1997,0.0
12,13,1997,16.0
12,14,1997,0.0
12,15,1997,10.0
12,16,1997,0.0
12,17,1997,0.0
12,18,1997,0.0
12,19,1997,0.0
12,20,1997,0.0
12,21,1997,0.0
12,22,1997,0.0
12,23,1997,0.0
12,24,1997,0.0
12,25,1997,45.0
12,26,1997,66.0
12,27,1997,0.0
12,28,1997,0.0
12,29,1997,24.0
12,30,1997,10.0
12,31,1997,0.0
01,01,1998,0.0
01,02,1998,0.0
01,03,1998,20.0
01,04,1998,0.0
01,05,1998,0.0
01,06,1998,0.0
01,07,1998,0.0
01,08,1998,0.0
01,09,1998,0.0
01,10,1998,null
01,11,1998,0.0
01,12,1998,0.0
01,13,1998,0.0
01,14,1998,0.0
01,15,1998,25.1
01,16,1998,10.4
01,17,1998,0.0
01,18,1998,0.0
01,19,1998,0.0
01,20,1998,0.0
01,21,1998,0.0
01,22,1998,0.0
01,23,1998,0.0
01,24,1998,0.0
01,25,1998,0.0
01,26,1998,0.0
01,27,1998,0.0
01,28,1998,0.0
01,29,1998,0.0
01,30,1998,0.0
01,31,1998,0.0
02,01,1998,0.0
02,02,1998,0.0
02,03,1998,0.0
02,04,1998,0.0
02,05,1998,35.0
02,06,1998,0.0
02,07,1998,0.0
02,08,1998,0.0
02,09,1998,0.0
02,10,1998,0.0
02,11,1998,0.0
02,12,1998,0.0
02,13,1998,0.0
02,14,1998,0.0
02,15,1998,0.0
02,16,1998,0.0
02,17,1998,0.0
02,18,1998,0.0
02,19,1998,0.0
02,20,1998,0.0
02,21,1998,0.0
02,22,1998,0.0
02,23,1998,0.0
02,24,1998,0.0
02,25,1998,0.0
02,26,1998,0.0
02,27,1998,0.0
02,28,1998,0.0
03,01,1998,0.0
03,02,1998,0.0
03,03,1998,0.0
03,04,1998,0.0
03,05,1998,0.0
03,06,1998,0.0
03,07,1998,0.0
03,08,1998,0.0
03,09,1998,0.0
03,10,1998,0.0
03,11,1998,0.0
03,12,1998,0.0
03,13,1998,0.0
03,14,1998,0.0
03,15,1998,0.0
03,16,1998,0.0
03,17,1998,0.0
03,18,1998,0.0
03,19,1998,0.0
03,20,1998,0.0
03,21,1998,0.0
03,22,1998,0.0
03,23,1998,0.0
03,24,1998,0.0
03,25,1998,0.0
03,26,1998,0.0
03,27,1998,0.0
03,28,1998,0.0
03,29,1998,0.0
03,30,1998,0.0
03,31,1998,0.0
04,01,1998,0.0
04,02,1998,0.0
04,03,1998,0.0
04,04,1998,0.0
04,05,1998,0.0
04,06,1998,0.0
04,07,1998,0.0
04,08,1998,0.0
04,09,1998,0.0
04,10,1998,0.0
04,11,1998,0.0
04,12,1998,0.0
04,13,1998,0.0
04,14,1998,0.0
04,15,1998,0.0
04,16,1998,0.0
04,17,1998,0.0
04,18,1998,0.0
04,19,1998,0.0
04,20,1998,0.0
04,21,1998,0.0
04,22,1998,0.0
04,23,1998,0.0
04,24,1998,0.0
04,25,1998,0.0
04,26,1998,0.0
04,27,1998,0.0
04,28,1998,0.0
04,29,1998,0.0
04,30,1998,0.0
05,01,1998,0.0
05,02,1998,0.0
05,03,1998,0.0
05,04,1998,0.0
05,05,1998,0.0
05,06,1998,0.0
05,07,1998,0.0
05,08,1998,0.0
05,09,1998,0.0
05,10,1998,0.0
05,11,1998,0.0
05,12,1998,0.0
05,13,1998,0.0
05,14,1998,0.0
05,15,1998,0.0
05,16,1998,0.0
05,17,1998,0.0
05,18,1998,0.0
05,19,1998,0.0
05,20,1998,0.0
05,21,1998,0.0
05,22,1998,0.0
05,23,1998,0.0
05,24,1998,0.0
05,25,1998,0.0
05,26,1998,0.0
05,27,1998,0.0
05,28,1998,0.0
05,29,1998,0.0
05,30,1998,0.0
05,31,1998,0.0
06,01,1998,0.0
06,02,1998,0.0
06,03,1998,0.0
06,04,1998,0.0
06,05,1998,0.0
06,06,1998,0.0
06,07,1998,0.0
06,08,1998,0.0
06,09,1998,0.0
06,10,1998,0.0
06,11,1998,0.0
06,12,1998,0.0
06,13,1998,10.5
06,14,1998,0.0
06,15,1998,36.4
06,16,1998,0.0
06,17,1998,0.0
06,18,1998,0.0
06,19,1998,0.0
06,20,1998,13.0
06,21,1998,0.0
06,22,1998,0.0
06,23,1998,31.0
06,24,1998,21.4
06,25,1998,48.4
06,26,1998,0.0
06,27,1998,15.4
06,28,1998,20.0
06,29,1998,0.0
06,30,1998,0.0
07,01,1998,null
07,02,1998,null
07,03,1998,null
07,04,1998,null
07,05,1998,null
07,06,1998,null
07,07,1998,null
07,08,1998,null
07,09,1998,null
07,10,1998,null
07,11,1998,null
07,12,1998,null
07,13,1998,null
07,14,1998,null
07,15,1998,null
07,16,1998,null
07,17,1998,null
07,18,1998,null
07,19,1998,null
07,20,1998,null
07,21,1998,null
07,22,1998,null
07,23,1998,null
07,24,1998,null
07,25,1998,null
07,26,1998,null
07,27,1998,null
07,28,1998,null
07,29,1998,null
07,30,1998,null
07,31,1998,null
08,01,1998,65.0
08,02,1998,35.0
08,03,1998,35.0
08,04,1998,35.0
08,05,1998,0.0
08,06,1998,0.0
08,07,1998,0.0
08,08,1998,0.0
08,09,1998,0.0
08,10,1998,0.0
08,11,1998,0.0
08,12,1998,0.0
08,13,1998,26.0
08,14,1998,0.0
08,15,1998,0.0
08,16,1998,0.0
08,17,1998,0.0
08,18,1998,0.0
08,19,1998,2.0
08,20,1998,3.0
08,21,1998,5.0
08,22,1998,0.0
08,23,1998,1.0
08,24,1998,0.0
08,25,1998,0.0
08,26,1998,0.0
08,27,1998,0.0
08,28,1998,18.5
08,29,1998,34.5
08,30,1998,3.0
08,31,1998,5.0
09,01,1998,4.0
09,02,1998,10.0
09,03,1998,3.0
09,04,1998,4.0
09,05,1998,0.0
09,06,1998,4.0
09,07,1998,65.0
09,08,1998,0.0
09,09,1998,4.0
09,10,1998,10.0
09,11,1998,23.0
09,12,1998,3.0
09,13,1998,39.0
09,14,1998,19.0
09,15,1998,10.0
09,16,1998,7.0
09,17,1998,3.0
09,18,1998,2.0
09,19,1998,3.0
09,20,1998,223.0
09,21,1998,0.0
09,22,1998,3.5
09,23,1998,17.0
09,24,1998,3.0
09,25,1998,39.0
09,26,1998,1.0
09,27,1998,45.0
09,28,1998,50.0
09,29,1998,5.0
09,30,1998,0.0
10,01,1998,23.0
10,02,1998,0.0
10,03,1998,0.0
10,04,1998,3.0
10,05,1998,0.0
10,06,1998,1.0
10,07,1998,16.0
10,08,1998,4.0
10,09,1998,10.0
10,10,1998,76.0
10,11,1998,10.0
10,12,1998,20.0
10,13,1998,10.0
10,14,1998,19.0
10,15,1998,0.0
10,16,1998,0.0
10,17,1998,0.0
10,18,1998,30.0
10,19,1998,10.0
10,20,1998,17.0
10,21,1998,7.0
10,22,1998,3.0
10,23,1998,30.0
10,24,1998,17.0
10,25,1998,11.0
10,26,1998,41.0
10,27,1998,3.0
10,28,1998,23.0
10,29,1998,18.5
10,30,1998,0.0
10,31,1998,0.0
11,01,1998,48.0
11,02,1998,5.0
11,03,1998,6.5
11,04,1998,0.0
11,05,1998,0.0
11,06,1998,0.0
11,07,1998,0.0
11,08,1998,0.0
11,09,1998,0.0
11,10,1998,5.0
11,11,1998,0.0
11,12,1998,0.0
11,13,1998,0.0
11,14,1998,0.0
11,15,1998,0.0
11,16,1998,0.0
11,17,1998,0.0
11,18,1998,1.0
11,19,1998,3.0
11,20,1998,2.0
11,21,1998,2.0
11,22,1998,5.0
11,23,1998,5.0
11,24,1998,0.0
11,25,1998,0.0
11,26,1998,0.0
11,27,1998,6.5
11,28,1998,0.0
11,29,1998,0.0
11,30,1998,0.0
12,01,1998,0.0
12,02,1998,0.0
12,03,1998,0.0
12,04,1998,7.0
12,05,1998,0.0
12,06,1998,3.0
12,07,1998,9.0
12,08,1998,8.0
12,09,1998,13.0
12,10,1998,0.0
12,11,1998,0.0
12,12,1998,1.0
12,13,1998,31.0
12,14,1998,0.0
12,15,1998,1.0
12,16,1998,0.0
12,17,1998,0.0
12,18,1998,0.0
12,19,1998,0.0
12,20,1998,0.0
12,21,1998,0.0
12,22,1998,0.0
12,23,1998,0.0
12,24,1998,0.0
12,25,1998,0.0
12,26,1998,0.0
12,27,1998,0.0
12,28,1998,0.0
12,29,1998,0.0
12,30,1998,0.0
12,31,1998,0.0
01,01,1999,0.0
01,02,1999,0.0
01,03,1999,0.0
01,04,1999,0.0
01,05,1999,0.0
01,06,1999,0.0
01,07,1999,0.0
01,08,1999,0.0
01,09,1999,10.0
01,10,1999,0.0
01,11,1999,0.0
01,12,1999,0.0
01,13,1999,0.0
01,14,1999,0.0
01,15,1999,0.0
01,16,1999,0.0
01,17,1999,0.0
01,18,1999,0.0
01,19,1999,0.0
01,20,1999,0.0
01,21,1999,0.0
01,22,1999,0.0
01,23,1999,0.0
01,24,1999,0.0
01,25,1999,0.0
01,26,1999,0.0
01,27,1999,0.0
01,28,1999,20.0
01,29,1999,0.0
01,30,1999,0.0
01,31,1999,0.0
02,01,1999,null
02,02,1999,0.0
02,03,1999,0.0
02,04,1999,0.0
02,05,1999,0.0
02,06,1999,0.0
02,07,1999,0.0
02,08,1999,0.0
02,09,1999,0.0
02,10,1999,0.0
02,11,1999,10.0
02,12,1999,20.0
02,13,1999,10.0
02,14,1999,0.0
02,15,1999,0.0
02,16,1999,0.0
02,17,1999,0.0
02,18,1999,0.0
02,19,1999,0.0
02,20,1999,0.0
02,21,1999,0.0
02,22,1999,12.5
02,23,1999,0.0
02,24,1999,0.0
02,25,1999,0.0
02,26,1999,0.0
02,27,1999,0.0
02,28,1999,0.0
03,01,1999,0.0
03,02,1999,0.0
03,03,1999,0.0
03,04,1999,0.0
03,05,1999,0.0
03,06,1999,0.0
03,07,1999,0.0
03,08,1999,0.0
03,09,1999,0.0
03,10,1999,0.0
03,11,1999,0.0
03,12,1999,0.0
03,13,1999,0.0
03,14,1999,0.0
03,15,1999,0.0
03,16,1999,0.0
03,17,1999,0.0
03,18,1999,0.0
03,19,1999,5.0
03,20,1999,0.0
03,21,1999,0.0
03,22,1999,0.0
03,23,1999,0.0
03,24,1999,0.0
03,25,1999,0.0
03,26,1999,0.0
03,27,1999,0.0
03,28,1999,0.0
03,29,1999,0.0
03,30,1999,0.0
03,31,1999,0.0
04,01,1999,0.0
04,02,1999,0.0
04,03,1999,0.0
04,04,1999,0.0
04,05,1999,0.0
04,06,1999,0.0
04,07,1999,0.0
04,08,1999,0.0
04,09,1999,0.0
04,10,1999,0.0
04,11,1999,0.0
04,12,1999,0.0
04,13,1999,0.0
04,14,1999,8.0
04,15,1999,20.0
04,16,1999,10.0
04,17,1999,10.0
04,18,1999,0.0
04,19,1999,0.0
04,20,1999,0.0
04,21,1999,0.0
04,22,1999,0.0
04,23,1999,0.0
04,24,1999,0.0
04,25,1999,0.0
04,26,1999,0.0
04,27,1999,0.0
04,28,1999,0.0
04,29,1999,0.0
04,30,1999,0.0
05,01,1999,0.0
05,02,1999,0.0
05,03,1999,0.0
05,04,1999,0.0
05,05,1999,0.0
05,06,1999,29.5
05,07,1999,12.0
05,08,1999,0.0
05,09,1999,0.0
05,10,1999,0.0
05,11,1999,0.0
05,12,1999,0.0
05,13,1999,0.0
05,14,1999,0.0
05,15,1999,0.0
05,16,1999,0.0
05,17,1999,0.0
05,18,1999,0.0
05,19,1999,0.0
05,20,1999,0.0
05,21,1999,0.0
05,22,1999,0.0
05,23,1999,0.0
05,24,1999,0.0
05,25,1999,0.0
05,26,1999,48.0
05,27,1999,0.0
05,28,1999,0.0
05,29,1999,0.0
05,30,1999,0.0
05,31,1999,0.0
06,01,1999,0.0
06,02,1999,0.0
06,03,1999,10.0
06,04,1999,4.0
06,05,1999,0.0
06,06,1999,30.0
06,07,1999,0.0
06,08,1999,0.0
06,09,1999,4.0
06,10,1999,0.0
06,11,1999,20.0
06,12,1999,0.0
06,13,1999,30.0
06,14,1999,0.0
06,15,1999,3.0
06,16,1999,0.0
06,17,1999,29.0
06,18,1999,30.0
06,19,1999,0.0
06,20,1999,0.0
06,21,1999,0.0
06,22,1999,0.0
06,23,1999,0.0
06,24,1999,50.0
06,25,1999,0.0
06,26,1999,0.5
06,27,1999,0.0
06,28,1999,0.0
06,29,1999,54.0
06,30,1999,0.0
07,01,1999,10.0
07,02,1999,0.0
07,03,1999,20.0
07,04,1999,0.0
07,05,1999,0.0
07,06,1999,0.0
07,07,1999,0.0
07,08,1999,0.0
07,09,1999,0.0
07,10,1999,0.0
07,11,1999,7.0
07,12,1999,20.0
07,13,1999,30.0
07,14,1999,0.0
07,15,1999,15.0
07,16,1999,10.0
07,17,1999,10.0
07,18,1999,30.0
07,19,1999,11.0
07,20,1999,2.0
07,21,1999,0.0
07,22,1999,0.0
07,23,1999,73.0
07,24,1999,10.0
07,25,1999,10.0
07,26,1999,10.0
07,27,1999,15.0
07,28,1999,5.0
07,29,1999,17.0
07,30,1999,10.0
07,31,1999,20.0
08,01,1999,50.0
08,02,1999,30.0
08,03,1999,10.0
08,04,1999,0.0
08,05,1999,15.0
08,06,1999,10.0
08,07,1999,0.0
08,08,1999,0.0
08,09,1999,0.0
08,10,1999,7.5
08,11,1999,0.0
08,12,1999,0.0
08,13,1999,0.0
08,14,1999,0.0
08,15,1999,0.0
08,16,1999,2.0
08,17,1999,5.5
08,18,1999,14.0
08,19,1999,4.5
08,20,1999,19.0
08,21,1999,12.0
08,22,1999,12.0
08,23,1999,10.0
08,24,1999,15.0
08,25,1999,15.0
08,26,1999,14.0
08,27,1999,0.0
08,28,1999,0.0
08,29,1999,0.0
08,30,1999,0.0
08,31,1999,0.0
09,01,1999,80.0
09,02,1999,4.0
09,03,1999,0.0
09,04,1999,0.0
09,05,1999,0.0
09,06,1999,16.0
09,07,1999,14.0
09,08,1999,20.0
09,09,1999,24.0
09,10,1999,25.0
09,11,1999,24.0
09,12,1999,0.0
09,13,1999,10.0
09,14,1999,0.0
09,15,1999,29.0
09,16,1999,25.0
09,17,1999,30.0
09,18,1999,34.0
09,19,1999,0.0
09,20,1999,0.0
09,21,1999,0.0
09,22,1999,27.0
09,23,1999,27.0
09,24,1999,0.0
09,25,1999,0.0
09,26,1999,0.0
09,27,1999,0.0
09,28,1999,1.0
09,29,1999,12.0
09,30,1999,19.0
10,01,1999,10.0
10,02,1999,12.0
10,03,1999,38.0
10,04,1999,90.0
10,05,1999,0.0
10,06,1999,0.0
10,07,1999,0.0
10,08,1999,0.0
10,09,1999,0.0
10,10,1999,10.0
10,11,1999,0.0
10,12,1999,19.0
10,13,1999,10.0
10,14,1999,6.0
10,15,1999,40.0
10,16,1999,0.0
10,17,1999,40.0
10,18,1999,26.0
10,19,1999,2.0
10,20,1999,10.0
10,21,1999,0.0
10,22,1999,0.0
10,23,1999,32.0
10,24,1999,3.0
10,25,1999,0.0
10,26,1999,5.0
10,27,1999,0.0
10,28,1999,0.0
10,29,1999,0.0
10,30,1999,19.0
10,31,1999,0.0
11,01,1999,0.0
11,02,1999,0.0
11,03,1999,10.0
11,04,1999,0.0
11,05,1999,0.0
11,06,1999,19.0
11,07,1999,12.0
11,08,1999,10.0
11,09,1999,10.0
11,10,1999,0.0
11,11,1999,0.0
11,12,1999,5.0
11,13,1999,0.0
11,14,1999,0.0
11,15,1999,7.0
11,16,1999,0.0
11,17,1999,0.0
11,18,1999,0.0
11,19,1999,0.0
11,20,1999,0.0
11,21,1999,0.0
11,22,1999,0.0
11,23,1999,0.0
11,24,1999,0.0
11,25,1999,0.0
11,26,1999,0.0
11,27,1999,0.0
11,28,1999,0.0
11,29,1999,0.0
11,30,1999,0.0
12,01,1999,0.0
12,02,1999,0.0
12,03,1999,0.0
12,04,1999,0.0
12,05,1999,0.0
12,06,1999,0.0
12,07,1999,0.0
12,08,1999,0.0
12,09,1999,0.0
12,10,1999,0.0
12,11,1999,0.0
12,12,1999,0.0
12,13,1999,0.0
12,14,1999,0.0
12,15,1999,0.0
12,16,1999,5.0
12,17,1999,0.0
12,18,1999,5.0
12,19,1999,0.0
12,20,1999,0.0
12,21,1999,50.0
12,22,1999,0.0
12,23,1999,4.0
12,24,1999,0.0
12,25,1999,0.0
12,26,1999,12.3
12,27,1999,2.0
12,28,1999,0.0
12,29,1999,0.0
12,30,1999,0.0
12,31,1999,0.0
01,01,2000,0.0
01,02,2000,0.0
01,03,2000,10.0
01,04,2000,0.0
01,05,2000,0.0
01,06,2000,15.0
01,07,2000,0.0
01,08,2000,0.0
01,09,2000,0.0
01,10,2000,0.0
01,11,2000,0.0
01,12,2000,6.0
01,13,2000,0.0
01,14,2000,0.0
01,15,2000,0.0
01,16,2000,0.0
01,17,2000,0.0
01,18,2000,9.0
01,19,2000,0.0
01,20,2000,0.0
01,21,2000,0.0
01,22,2000,0.0
01,23,2000,0.0
01,24,2000,0.0
01,25,2000,0.0
01,26,2000,0.0
01,27,2000,0.0
01,28,2000,0.0
01,29,2000,0.0
01,30,2000,0.0
01,31,2000,0.0
02,01,2000,0.0
02,02,2000,0.0
02,03,2000,0.0
02,04,2000,63.0
02,05,2000,40.0
02,06,2000,0.0
02,07,2000,4.0
02,08,2000,0.0
02,09,2000,0.0
02,10,2000,0.0
02,11,2000,0.0
02,12,2000,0.0
02,13,2000,0.0
02,14,2000,0.0
02,15,2000,0.0
02,16,2000,0.0
02,17,2000,0.0
02,18,2000,0.0
02,19,2000,0.0
02,20,2000,0.0
02,21,2000,0.0
02,22,2000,0.0
02,23,2000,0.0
02,24,2000,0.0
02,25,2000,0.0
02,26,2000,0.0
02,27,2000,0.0
02,28,2000,0.0
02,29,2000,0.0
03,01,2000,0.0
03,02,2000,0.0
03,03,2000,0.0
03,04,2000,0.0
03,05,2000,0.0
03,06,2000,0.0
03,07,2000,0.0
03,08,2000,0.0
03,09,2000,0.0
03,10,2000,0.0
03,11,2000,0.0
03,12,2000,36.0
03,13,2000,8.0
03,14,2000,0.0
03,15,2000,0.0
03,16,2000,0.0
03,17,2000,0.0
03,18,2000,0.0
03,19,2000,0.0
03,20,2000,0.0
03,21,2000,0.0
03,22,2000,0.0
03,23,2000,0.0
03,24,2000,0.0
03,25,2000,0.0
03,26,2000,0.0
03,27,2000,0.0
03,28,2000,0.0
03,29,2000,0.0
03,30,2000,0.0
03,31,2000,0.0
04,01,2000,0.0
04,02,2000,0.0
04,03,2000,0.0
04,04,2000,0.0
04,05,2000,0.0
04,06,2000,0.0
04,07,2000,0.0
04,08,2000,0.0
04,09,2000,0.0
04,10,2000,0.0
04,11,2000,0.0
04,12,2000,0.0
04,13,2000,0.0
04,14,2000,0.0
04,15,2000,0.0
04,16,2000,0.0
04,17,2000,0.0
04,18,2000,0.0
04,19,2000,0.0
04,20,2000,0.0
04,21,2000,0.0
04,22,2000,0.0
04,23,2000,0.0
04,24,2000,0.0
04,25,2000,0.0
04,26,2000,0.0
04,27,2000,0.0
04,28,2000,0.0
04,29,2000,0.0
04,30,2000,0.0
05,01,2000,0.0
05,02,2000,0.0
05,03,2000,0.0
05,04,2000,0.0
05,05,2000,0.0
05,06,2000,0.0
05,07,2000,0.0
05,08,2000,0.0
05,09,2000,0.0
05,10,2000,0.0
05,11,2000,0.0
05,12,2000,0.0
05,13,2000,15.0
05,14,2000,19.0
05,15,2000,0.0
05,16,2000,0.0
05,17,2000,0.0
05,18,2000,0.0
05,19,2000,0.0
05,20,2000,0.0
05,21,2000,0.0
05,22,2000,0.0
05,23,2000,0.0
05,24,2000,0.0
05,25,2000,0.0
05,26,2000,0.0
05,27,2000,0.0
05,28,2000,0.0
05,29,2000,15.0
05,30,2000,10.0
05,31,2000,0.0
06,01,2000,10.0
06,02,2000,20.0
06,03,2000,20.0
06,04,2000,30.0
06,05,2000,10.0
06,06,2000,24.0
06,07,2000,20.0
06,08,2000,10.0
06,09,2000,15.0
06,10,2000,20.0
06,11,2000,10.0
06,12,2000,20.0
06,13,2000,0.0
06,14,2000,10.0
06,15,2000,15.0
06,16,2000,0.0
06,17,2000,0.0
06,18,2000,0.0
06,19,2000,10.0
06,20,2000,0.0
06,21,2000,0.0
06,22,2000,0.0
06,23,2000,0.0
06,24,2000,10.0
06,25,2000,0.0
06,26,2000,0.0
06,27,2000,0.0
06,28,2000,0.0
06,29,2000,25.0
06,30,2000,0.0
07,01,2000,0.0
07,02,2000,0.0
07,03,2000,0.0
07,04,2000,0.0
07,05,2000,0.0
07,06,2000,20.0
07,07,2000,0.0
07,08,2000,0.0
07,09,2000,0.0
07,10,2000,0.0
07,11,2000,10.0
07,12,2000,0.0
07,13,2000,0.0
07,14,2000,0.0
07,15,2000,0.0
07,16,2000,0.0
07,17,2000,0.0
07,18,2000,0.0
07,19,2000,0.0
07,20,2000,0.0
07,21,2000,0.0
07,22,2000,0.0
07,23,2000,0.0
07,24,2000,0.0
07,25,2000,10.0
07,26,2000,11.0
07,27,2000,10.0
07,28,2000,11.0
07,29,2000,10.0
07,30,2000,0.0
07,31,2000,19.0
08,01,2000,0.0
08,02,2000,5.0
08,03,2000,0.0
08,04,2000,0.0
08,05,2000,0.0
08,06,2000,10.0
08,07,2000,9.0
08,08,2000,0.0
08,09,2000,8.0
08,10,2000,20.0
08,11,2000,10.0
08,12,2000,8.0
08,13,2000,0.0
08,14,2000,20.0
08,15,2000,25.0
08,16,2000,10.0
08,17,2000,0.0
08,18,2000,10.0
08,19,2000,0.0
08,20,2000,0.0
08,21,2000,0.0
08,22,2000,10.0
08,23,2000,0.0
08,24,2000,0.0
08,25,2000,10.0
08,26,2000,20.0
08,27,2000,10.0
08,28,2000,5.0
08,29,2000,15.0
08,30,2000,0.0
08,31,2000,17.0
09,01,2000,16.0
09,02,2000,20.0
09,03,2000,20.0
09,04,2000,23.0
09,05,2000,1.0
09,06,2000,10.0
09,07,2000,0.0
09,08,2000,10.0
09,09,2000,0.0
09,10,2000,0.0
09,11,2000,13.0
09,12,2000,22.0
09,13,2000,0.0
09,14,2000,11.0
09,15,2000,0.0
09,16,2000,15.0
09,17,2000,18.0
09,18,2000,8.0
09,19,2000,0.0
09,20,2000,16.0
09,21,2000,6.0
09,22,2000,0.0
09,23,2000,15.0
09,24,2000,37.0
09,25,2000,23.0
09,26,2000,27.0
09,27,2000,24.0
09,28,2000,0.0
09,29,2000,7.0
09,30,2000,18.0
10,01,2000,23.0
10,02,2000,42.0
10,03,2000,65.0
10,04,2000,17.0
10,05,2000,150.0
10,06,2000,0.0
10,07,2000,0.0
10,08,2000,13.0
10,09,2000,18.0
10,10,2000,9.0
10,11,2000,0.0
10,12,2000,0.0
10,13,2000,17.0
10,14,2000,0.0
10,15,2000,0.0
10,16,2000,0.0
10,17,2000,0.0
10,18,2000,0.0
10,19,2000,0.0
10,20,2000,0.0
10,21,2000,0.0
10,22,2000,0.0
10,23,2000,0.0
10,24,2000,0.0
10,25,2000,0.0
10,26,2000,10.0
10,27,2000,0.0
10,28,2000,16.0
10,29,2000,0.0
10,30,2000,0.0
10,31,2000,0.0
11,01,2000,0.0
11,02,2000,0.0
11,03,2000,0.0
11,04,2000,0.0
11,05,2000,0.0
11,06,2000,0.0
11,07,2000,0.0
11,08,2000,0.0
11,09,2000,0.0
11,10,2000,0.0
11,11,2000,0.0
11,12,2000,10.0
11,13,2000,0.0
11,14,2000,0.0
11,15,2000,0.0
11,16,2000,0.0
11,17,2000,0.0
11,18,2000,0.0
11,19,2000,0.0
11,20,2000,0.0
11,21,2000,0.0
11,22,2000,0.0
11,23,2000,0.0
11,24,2000,0.0
11,25,2000,0.0
11,26,2000,10.0
11,27,2000,85.0
11,28,2000,20.0
11,29,2000,23.0
11,30,2000,0.0
12,01,2000,20.0
12,02,2000,0.0
12,03,2000,0.0
12,04,2000,0.0
12,05,2000,0.0
12,06,2000,0.0
12,07,2000,0.0
12,08,2000,0.0
12,09,2000,0.0
12,10,2000,0.0
12,11,2000,0.0
12,12,2000,10.0
12,13,2000,20.0
12,14,2000,15.0
12,15,2000,10.0
12,16,2000,0.0
12,17,2000,0.0
12,18,2000,0.0
12,19,2000,0.0
12,20,2000,0.0
12,21,2000,0.0
12,22,2000,0.0
12,23,2000,0.0
12,24,2000,0.0
12,25,2000,0.0
12,26,2000,0.0
12,27,2000,0.0
12,28,2000,0.0
12,29,2000,0.0
12,30,2000,0.0
12,31,2000,0.0
01,01,2001,0.0
01,02,2001,10.0
01,03,2001,0.0
01,04,2001,54.0
01,05,2001,0.0
01,06,2001,0.0
01,07,2001,0.0
01,08,2001,0.0
01,09,2001,0.0
01,10,2001,0.0
01,11,2001,10.0
01,12,2001,0.0
01,13,2001,0.0
01,14,2001,0.0
01,15,2001,0.0
01,16,2001,0.0
01,17,2001,0.0
01,18,2001,0.0
01,19,2001,0.0
01,20,2001,0.0
01,21,2001,0.0
01,22,2001,0.0
01,23,2001,0.0
01,24,2001,0.0
01,25,2001,0.0
01,26,2001,0.0
01,27,2001,10.0
01,28,2001,0.0
01,29,2001,0.0
01,30,2001,0.0
01,31,2001,0.0
02,01,2001,0.0
02,02,2001,0.0
02,03,2001,0.0
02,04,2001,0.0
02,05,2001,80.0
02,06,2001,10.0
02,07,2001,0.0
02,08,2001,0.0
02,09,2001,0.0
02,10,2001,0.0
02,11,2001,0.0
02,12,2001,0.0
02,13,2001,3.0
02,14,2001,0.0
02,15,2001,0.0
02,16,2001,0.0
02,17,2001,0.0
02,18,2001,0.0
02,19,2001,20.0
02,20,2001,0.0
02,21,2001,0.0
02,22,2001,10.0
02,23,2001,0.0
02,24,2001,0.0
02,25,2001,0.0
02,26,2001,0.0
02,27,2001,0.0
02,28,2001,0.0
03,01,2001,0.0
03,02,2001,0.0
03,03,2001,0.0
03,04,2001,0.0
03,05,2001,0.0
03,06,2001,0.0
03,07,2001,0.0
03,08,2001,0.0
03,09,2001,0.0
03,10,2001,0.0
03,11,2001,0.0
03,12,2001,0.0
03,13,2001,0.0
03,14,2001,0.0
03,15,2001,0.0
03,16,2001,0.0
03,17,2001,0.0
03,18,2001,0.0
03,19,2001,0.0
03,20,2001,0.0
03,21,2001,0.0
03,22,2001,0.0
03,23,2001,0.0
03,24,2001,0.0
03,25,2001,0.0
03,26,2001,0.0
03,27,2001,10.0
03,28,2001,0.0
03,29,2001,0.0
03,30,2001,0.0
03,31,2001,0.0
04,01,2001,0.0
04,02,2001,0.0
04,03,2001,0.0
04,04,2001,10.0
04,05,2001,0.0
04,06,2001,0.0
04,07,2001,0.0
04,08,2001,0.0
04,09,2001,0.0
04,10,2001,0.0
04,11,2001,0.0
04,12,2001,0.0
04,13,2001,0.0
04,14,2001,0.0
04,15,2001,0.0
04,16,2001,0.0
04,17,2001,0.0
04,18,2001,0.0
04,19,2001,0.0
04,20,2001,0.0
04,21,2001,0.0
04,22,2001,0.0
04,23,2001,0.0
04,24,2001,0.0
04,25,2001,0.0
04,26,2001,0.0
04,27,2001,0.0
04,28,2001,0.0
04,29,2001,0.0
04,30,2001,0.0
05,01,2001,0.0
05,02,2001,0.0
05,03,2001,0.0
05,04,2001,0.0
05,05,2001,0.0
05,06,2001,0.0
05,07,2001,0.0
05,08,2001,0.0
05,09,2001,0.0
05,10,2001,0.0
05,11,2001,0.0
05,12,2001,0.0
05,13,2001,10.0
05,14,2001,0.0
05,15,2001,0.0
05,16,2001,0.0
05,17,2001,0.0
05,18,2001,0.0
05,19,2001,0.0
05,20,2001,0.0
05,21,2001,0.0
05,22,2001,0.0
05,23,2001,10.0
05,24,2001,0.0
05,25,2001,10.0
05,26,2001,15.0
05,27,2001,0.0
05,28,2001,0.0
05,29,2001,0.0
05,30,2001,18.0
05,31,2001,0.0
06,01,2001,null
06,02,2001,null
06,03,2001,null
06,04,2001,null
06,05,2001,null
06,06,2001,null
06,07,2001,null
06,08,2001,null
06,09,2001,null
06,10,2001,null
06,11,2001,null
06,12,2001,null
06,13,2001,null
06,14,2001,null
06,15,2001,null
06,16,2001,null
06,17,2001,null
06,18,2001,null
06,19,2001,null
06,20,2001,null
06,21,2001,null
06,22,2001,null
06,23,2001,null
06,24,2001,null
06,25,2001,null
06,26,2001,null
06,27,2001,null
06,28,2001,null
06,29,2001,null
06,30,2001,null
07,01,2001,10.0
07,02,2001,10.0
07,03,2001,5.0
07,04,2001,10.0
07,05,2001,0.0
07,06,2001,0.0
07,07,2001,0.0
07,08,2001,0.0
07,09,2001,0.0
07,10,2001,0.0
07,11,2001,0.0
07,12,2001,0.0
07,13,2001,5.0
07,14,2001,0.0
07,15,2001,0.0
07,16,2001,20.0
07,17,2001,10.0
07,18,2001,0.0
07,19,2001,0.0
07,20,2001,0.0
07,21,2001,5.0
07,22,2001,0.0
07,23,2001,10.0
07,24,2001,0.0
07,25,2001,0.0
07,26,2001,0.0
07,27,2001,0.0
07,28,2001,10.0
07,29,2001,10.0
07,30,2001,10.0
07,31,2001,0.0
08,01,2001,40.0
08,02,2001,20.0
08,03,2001,0.0
08,04,2001,0.0
08,05,2001,20.0
08,06,2001,7.5
08,07,2001,5.0
08,08,2001,0.0
08,09,2001,0.0
08,10,2001,0.0
08,11,2001,10.0
08,12,2001,0.0
08,13,2001,0.0
08,14,2001,10.0
08,15,2001,0.0
08,16,2001,10.0
08,17,2001,10.0
08,18,2001,0.0
08,19,2001,20.0
08,20,2001,0.0
08,21,2001,0.0
08,22,2001,10.0
08,23,2001,10.0
08,24,2001,0.0
08,25,2001,0.0
08,26,2001,0.0
08,27,2001,0.0
08,28,2001,0.0
08,29,2001,0.0
08,30,2001,0.0
08,31,2001,0.0
09,01,2001,0.0
09,02,2001,0.0
09,03,2001,0.0
09,04,2001,0.0
09,05,2001,10.0
09,06,2001,0.0
09,07,2001,0.0
09,08,2001,6.0
09,09,2001,40.0
09,10,2001,0.0
09,11,2001,0.0
09,12,2001,0.0
09,13,2001,0.0
09,14,2001,20.0
09,15,2001,0.0
09,16,2001,0.0
09,17,2001,0.0
09,18,2001,0.0
09,19,2001,0.0
09,20,2001,10.0
09,21,2001,0.0
09,22,2001,10.0
09,23,2001,20.0
09,24,2001,20.0
09,25,2001,20.0
09,26,2001,0.0
09,27,2001,0.0
09,28,2001,10.0
09,29,2001,20.0
09,30,2001,0.0
10,01,2001,5.6
10,02,2001,0.0
10,03,2001,0.0
10,04,2001,10.0
10,05,2001,1.0
10,06,2001,8.0
10,07,2001,6.0
10,08,2001,0.0
10,09,2001,20.0
10,10,2001,10.5
10,11,2001,10.0
10,12,2001,1.0
10,13,2001,2.0
10,14,2001,85.0
10,15,2001,61.0
10,16,2001,58.0
10,17,2001,0.0
10,18,2001,0.0
10,19,2001,0.0
10,20,2001,18.0
10,21,2001,0.0
10,22,2001,0.0
10,23,2001,0.0
10,24,2001,0.0
10,25,2001,20.0
10,26,2001,22.0
10,27,2001,17.0
10,28,2001,0.0
10,29,2001,0.0
10,30,2001,0.0
10,31,2001,25.0
11,01,2001,0.0
11,02,2001,0.0
11,03,2001,0.0
11,04,2001,40.0
11,05,2001,2.0
11,06,2001,0.0
11,07,2001,0.0
11,08,2001,0.0
11,09,2001,0.0
11,10,2001,0.0
11,11,2001,0.0
11,12,2001,0.0
11,13,2001,0.0
11,14,2001,0.0
11,15,2001,0.0
11,16,2001,0.0
11,17,2001,0.0
11,18,2001,0.0
11,19,2001,0.0
11,20,2001,0.0
11,21,2001,0.0
11,22,2001,0.0
11,23,2001,0.0
11,24,2001,0.0
11,25,2001,0.0
11,26,2001,0.0
11,27,2001,0.0
11,28,2001,0.0
11,29,2001,0.0
11,30,2001,0.0
12,01,2001,0.0
12,02,2001,10.0
12,03,2001,0.0
12,04,2001,0.0
12,05,2001,0.0
12,06,2001,10.0
12,07,2001,0.0
12,08,2001,0.0
12,09,2001,0.0
12,10,2001,0.0
12,11,2001,0.0
12,12,2001,0.0
12,13,2001,0.0
12,14,2001,0.0
12,15,2001,0.0
12,16,2001,0.0
12,17,2001,0.0
12,18,2001,0.0
12,19,2001,0.0
12,20,2001,0.0
12,21,2001,0.0
12,22,2001,0.0
12,23,2001,0.0
12,24,2001,40.0
12,25,2001,40.0
12,26,2001,30.0
12,27,2001,0.0
12,28,2001,0.0
12,29,2001,10.0
12,30,2001,0.0
12,31,2001,40.0
01,01,2002,10.0
01,02,2002,15.0
01,03,2002,20.0
01,04,2002,15.0
01,05,2002,10.0
01,06,2002,10.0
01,07,2002,0.0
01,08,2002,0.0
01,09,2002,0.0
01,10,2002,0.0
01,11,2002,0.0
01,12,2002,0.0
01,13,2002,0.0
01,14,2002,0.0
01,15,2002,0.0
01,16,2002,0.0
01,17,2002,0.0
01,18,2002,0.0
01,19,2002,0.0
01,20,2002,0.0
01,21,2002,0.0
01,22,2002,0.0
01,23,2002,0.0
01,24,2002,0.0
01,25,2002,0.0
01,26,2002,10.0
01,27,2002,0.0
01,28,2002,0.0
01,29,2002,0.0
01,30,2002,0.0
01,31,2002,0.0
02,01,2002,0.0
02,02,2002,0.0
02,03,2002,0.0
02,04,2002,10.0
02,05,2002,0.0
02,06,2002,0.0
02,07,2002,170.0
02,08,2002,10.0
02,09,2002,6.0
02,10,2002,20.0
02,11,2002,0.0
02,12,2002,20.0
02,13,2002,0.0
02,14,2002,0.0
02,15,2002,0.0
02,16,2002,0.0
02,17,2002,0.0
02,18,2002,0.0
02,19,2002,0.0
02,20,2002,0.0
02,21,2002,0.0
02,22,2002,0.0
02,23,2002,0.0
02,24,2002,0.0
02,25,2002,0.0
02,26,2002,0.0
02,27,2002,0.0
02,28,2002,0.0
03,01,2002,0.0
03,02,2002,10.0
03,03,2002,15.0
03,04,2002,20.0
03,05,2002,0.0
03,06,2002,0.0
03,07,2002,0.0
03,08,2002,0.0
03,09,2002,10.0
03,10,2002,0.0
03,11,2002,0.0
03,12,2002,0.0
03,13,2002,0.0
03,14,2002,0.0
03,15,2002,0.0
03,16,2002,0.0
03,17,2002,20.0
03,18,2002,0.0
03,19,2002,0.0
03,20,2002,0.0
03,21,2002,0.0
03,22,2002,0.0
03,23,2002,0.0
03,24,2002,0.0
03,25,2002,0.0
03,26,2002,0.0
03,27,2002,0.0
03,28,2002,10.0
03,29,2002,0.0
03,30,2002,0.0
03,31,2002,10.0
04,01,2002,0.0
04,02,2002,0.0
04,03,2002,0.0
04,04,2002,0.0
04,05,2002,0.0
04,06,2002,0.0
04,07,2002,0.0
04,08,2002,0.0
04,09,2002,0.0
04,10,2002,0.0
04,11,2002,0.0
04,12,2002,0.0
04,13,2002,0.0
04,14,2002,0.0
04,15,2002,0.0
04,16,2002,0.0
04,17,2002,0.0
04,18,2002,0.0
04,19,2002,0.0
04,20,2002,0.0
04,21,2002,0.0
04,22,2002,0.0
04,23,2002,0.0
04,24,2002,0.0
04,25,2002,0.0
04,26,2002,0.0
04,27,2002,0.0
04,28,2002,0.0
04,29,2002,0.0
04,30,2002,0.0
05,01,2002,0.0
05,02,2002,0.0
05,03,2002,0.0
05,04,2002,0.0
05,05,2002,0.0
05,06,2002,0.0
05,07,2002,0.0
05,08,2002,0.0
05,09,2002,0.0
05,10,2002,0.0
05,11,2002,0.0
05,12,2002,11.0
05,13,2002,18.0
05,14,2002,4.0
05,15,2002,21.0
05,16,2002,10.0
05,17,2002,10.0
05,18,2002,4.0
05,19,2002,4.0
05,20,2002,0.0
05,21,2002,0.0
05,22,2002,0.0
05,23,2002,0.0
05,24,2002,0.0
05,25,2002,0.0
05,26,2002,0.0
05,27,2002,0.0
05,28,2002,20.0
05,29,2002,10.0
05,30,2002,0.0
05,31,2002,0.0
06,01,2002,0.0
06,02,2002,0.0
06,03,2002,0.0
06,04,2002,10.0
06,05,2002,10.0
06,06,2002,10.0
06,07,2002,0.0
06,08,2002,0.0
06,09,2002,0.0
06,10,2002,0.0
06,11,2002,0.0
06,12,2002,0.0
06,13,2002,0.0
06,14,2002,53.0
06,15,2002,0.0
06,16,2002,0.0
06,17,2002,0.0
06,18,2002,0.0
06,19,2002,0.0
06,20,2002,43.5
06,21,2002,20.1
06,22,2002,30.0
06,23,2002,0.0
06,24,2002,0.0
06,25,2002,0.0
06,26,2002,29.0
06,27,2002,10.0
06,28,2002,0.0
06,29,2002,0.0
06,30,2002,0.0
07,01,2002,0.0
07,02,2002,0.0
07,03,2002,0.0
07,04,2002,0.0
07,05,2002,0.0
07,06,2002,10.0
07,07,2002,20.0
07,08,2002,0.0
07,09,2002,0.0
07,10,2002,0.0
07,11,2002,0.0
07,12,2002,10.0
07,13,2002,0.0
07,14,2002,0.0
07,15,2002,0.0
07,16,2002,10.0
07,17,2002,20.0
07,18,2002,8.0
07,19,2002,4.0
07,20,2002,50.0
07,21,2002,6.0
07,22,2002,4.0
07,23,2002,10.0
07,24,2002,2.0
07,25,2002,0.0
07,26,2002,0.0
07,27,2002,10.0
07,28,2002,0.0
07,29,2002,0.0
07,30,2002,0.0
07,31,2002,0.0
08,01,2002,0.0
08,02,2002,0.0
08,03,2002,0.0
08,04,2002,0.0
08,05,2002,0.0
08,06,2002,0.0
08,07,2002,0.0
08,08,2002,0.0
08,09,2002,0.0
08,10,2002,0.0
08,11,2002,0.0
08,12,2002,0.0
08,13,2002,0.0
08,14,2002,0.0
08,15,2002,0.0
08,16,2002,0.0
08,17,2002,39.0
08,18,2002,0.0
08,19,2002,0.0
08,20,2002,0.0
08,21,2002,0.0
08,22,2002,5.0
08,23,2002,10.0
08,24,2002,0.0
08,25,2002,0.0
08,26,2002,0.0
08,27,2002,0.0
08,28,2002,18.0
08,29,2002,13.0
08,30,2002,0.0
08,31,2002,15.0
09,01,2002,15.5
09,02,2002,5.0
09,03,2002,0.0
09,04,2002,10.0
09,05,2002,0.0
09,06,2002,0.0
09,07,2002,0.0
09,08,2002,0.0
09,09,2002,0.0
09,10,2002,41.0
09,11,2002,0.0
09,12,2002,23.5
09,13,2002,0.0
09,14,2002,0.0
09,15,2002,0.0
09,16,2002,8.0
09,17,2002,0.0
09,18,2002,0.0
09,19,2002,0.0
09,20,2002,35.5
09,21,2002,0.0
09,22,2002,85.0
09,23,2002,216.0
09,24,2002,39.0
09,25,2002,0.0
09,26,2002,0.0
09,27,2002,0.0
09,28,2002,20.0
09,29,2002,0.0
09,30,2002,0.0
10,01,2002,8.0
10,02,2002,0.0
10,03,2002,0.0
10,04,2002,13.0
10,05,2002,0.0
10,06,2002,73.0
10,07,2002,15.5
10,08,2002,0.0
10,09,2002,0.0
10,10,2002,0.0
10,11,2002,0.0
10,12,2002,30.0
10,13,2002,10.0
10,14,2002,0.0
10,15,2002,0.0
10,16,2002,0.0
10,17,2002,0.0
10,18,2002,0.0
10,19,2002,0.0
10,20,2002,0.0
10,21,2002,0.0
10,22,2002,0.0
10,23,2002,0.0
10,24,2002,0.0
10,25,2002,0.0
10,26,2002,0.0
10,27,2002,0.0
10,28,2002,0.0
10,29,2002,0.0
10,30,2002,0.0
10,31,2002,20.0
11,01,2002,0.0
11,02,2002,0.0
11,03,2002,0.0
11,04,2002,0.0
11,05,2002,0.0
11,06,2002,103.0
11,07,2002,67.5
11,08,2002,0.0
11,09,2002,0.0
11,10,2002,0.0
11,11,2002,0.0
11,12,2002,0.0
11,13,2002,47.0
11,14,2002,0.0
11,15,2002,0.0
11,16,2002,0.0
11,17,2002,10.0
11,18,2002,0.0
11,19,2002,0.0
11,20,2002,0.0
11,21,2002,15.0
11,22,2002,0.0
11,23,2002,0.0
11,24,2002,0.0
11,25,2002,0.0
11,26,2002,0.0
11,27,2002,16.4
11,28,2002,0.0
11,29,2002,0.0
11,30,2002,0.0
12,01,2002,20.0
12,02,2002,0.0
12,03,2002,0.0
12,04,2002,0.0
12,05,2002,60.0
12,06,2002,4.0
12,07,2002,0.0
12,08,2002,0.0
12,09,2002,0.0
12,10,2002,10.0
12,11,2002,0.0
12,12,2002,0.0
12,13,2002,0.0
12,14,2002,0.0
12,15,2002,0.0
12,16,2002,0.0
12,17,2002,0.0
12,18,2002,0.0
12,19,2002,20.0
12,20,2002,0.0
12,21,2002,8.0
12,22,2002,0.0
12,23,2002,10.0
12,24,2002,0.0
12,25,2002,2.5
12,26,2002,3.0
12,27,2002,2.0
12,28,2002,0.0
12,29,2002,0.0
12,30,2002,0.0
12,31,2002,0.0
01,01,2003,0.0
01,02,2003,10.0
01,03,2003,0.0
01,04,2003,10.0
01,05,2003,0.0
01,06,2003,0.0
01,07,2003,0.0
01,08,2003,0.0
01,09,2003,0.0
01,10,2003,0.0
01,11,2003,0.0
01,12,2003,0.0
01,13,2003,0.0
01,14,2003,0.0
01,15,2003,0.0
01,16,2003,0.0
01,17,2003,0.0
01,18,2003,0.0
01,19,2003,0.0
01,20,2003,0.0
01,21,2003,0.0
01,22,2003,0.0
01,23,2003,0.0
01,24,2003,0.0
01,25,2003,0.0
01,26,2003,0.0
01,27,2003,0.0
01,28,2003,0.0
01,29,2003,0.0
01,30,2003,0.0
01,31,2003,0.0
02,01,2003,0.0
02,02,2003,0.0
02,03,2003,0.0
02,04,2003,0.0
02,05,2003,0.0
02,06,2003,0.0
02,07,2003,0.0
02,08,2003,0.0
02,09,2003,0.0
02,10,2003,0.0
02,11,2003,0.0
02,12,2003,0.0
02,13,2003,0.0
02,14,2003,0.0
02,15,2003,0.0
02,16,2003,0.0
02,17,2003,0.0
02,18,2003,0.0
02,19,2003,0.0
02,20,2003,0.0
02,21,2003,0.0
02,22,2003,0.0
02,23,2003,0.0
02,24,2003,0.0
02,25,2003,0.0
02,26,2003,0.0
02,27,2003,0.0
02,28,2003,0.0
03,01,2003,0.0
03,02,2003,0.0
03,03,2003,0.0
03,04,2003,0.0
03,05,2003,0.0
03,06,2003,0.0
03,07,2003,0.0
03,08,2003,0.0
03,09,2003,0.0
03,10,2003,0.0
03,11,2003,0.0
03,12,2003,0.0
03,13,2003,0.0
03,14,2003,0.0
03,15,2003,0.0
03,16,2003,0.0
03,17,2003,0.0
03,18,2003,0.0
03,19,2003,0.0
03,20,2003,0.0
03,21,2003,0.0
03,22,2003,0.0
03,23,2003,0.0
03,24,2003,0.0
03,25,2003,0.0
03,26,2003,0.0
03,27,2003,0.0
03,28,2003,0.0
03,29,2003,0.0
03,30,2003,0.0
03,31,2003,0.0
04,01,2003,0.0
04,02,2003,0.0
04,03,2003,0.0
04,04,2003,0.0
04,05,2003,0.0
04,06,2003,0.0
04,07,2003,0.0
04,08,2003,0.0
04,09,2003,0.0
04,10,2003,0.0
04,11,2003,0.0
04,12,2003,0.0
04,13,2003,0.0
04,14,2003,0.0
04,15,2003,0.0
04,16,2003,0.0
04,17,2003,0.0
04,18,2003,0.0
04,19,2003,0.0
04,20,2003,0.0
04,21,2003,0.0
04,22,2003,0.0
04,23,2003,0.0
04,24,2003,0.0
04,25,2003,0.0
04,26,2003,0.0
04,27,2003,0.0
04,28,2003,0.0
04,29,2003,0.0
04,30,2003,0.0
05,01,2003,0.0
05,02,2003,0.0
05,03,2003,0.0
05,04,2003,0.0
05,05,2003,0.0
05,06,2003,0.0
05,07,2003,0.0
05,08,2003,0.0
05,09,2003,0.0
05,10,2003,0.0
05,11,2003,0.0
05,12,2003,0.0
05,13,2003,0.0
05,14,2003,0.0
05,15,2003,10.0
05,16,2003,18.0
05,17,2003,0.0
05,18,2003,0.0
05,19,2003,0.0
05,20,2003,0.0
05,21,2003,0.0
05,22,2003,0.0
05,23,2003,0.0
05,24,2003,0.0
05,25,2003,0.0
05,26,2003,0.0
05,27,2003,40.0
05,28,2003,10.0
05,29,2003,31.0
05,30,2003,0.0
05,31,2003,0.0
06,01,2003,0.0
06,02,2003,0.0
06,03,2003,0.0
06,04,2003,0.0
06,05,2003,0.0
06,06,2003,10.0
06,07,2003,20.0
06,08,2003,0.0
06,09,2003,0.0
06,10,2003,0.0
06,11,2003,0.0
06,12,2003,0.0
06,13,2003,0.0
06,14,2003,10.0
06,15,2003,20.0
06,16,2003,23.0
06,17,2003,28.0
06,18,2003,0.0
06,19,2003,0.0
06,20,2003,0.0
06,21,2003,0.0
06,22,2003,0.0
06,23,2003,17.0
06,24,2003,30.0
06,25,2003,40.0
06,26,2003,21.0
06,27,2003,11.0
06,28,2003,13.0
06,29,2003,24.0
06,30,2003,20.0
07,01,2003,10.0
07,02,2003,20.0
07,03,2003,23.0
07,04,2003,31.0
07,05,2003,40.0
07,06,2003,11.0
07,07,2003,0.0
07,08,2003,0.0
07,09,2003,0.0
07,10,2003,0.0
07,11,2003,0.0
07,12,2003,20.0
07,13,2003,10.0
07,14,2003,15.0
07,15,2003,0.0
07,16,2003,0.0
07,17,2003,0.0
07,18,2003,0.0
07,19,2003,20.0
07,20,2003,10.0
07,21,2003,0.0
07,22,2003,0.0
07,23,2003,0.0
07,24,2003,0.0
07,25,2003,0.0
07,26,2003,0.0
07,27,2003,0.0
07,28,2003,0.0
07,29,2003,0.0
07,30,2003,0.0
07,31,2003,0.0
08,01,2003,0.0
08,02,2003,0.0
08,03,2003,0.0
08,04,2003,0.0
08,05,2003,0.0
08,06,2003,13.5
08,07,2003,0.0
08,08,2003,0.0
08,09,2003,0.0
08,10,2003,0.0
08,11,2003,0.0
08,12,2003,35.5
08,13,2003,0.0
08,14,2003,19.3
08,15,2003,34.5
08,16,2003,0.0
08,17,2003,0.0
08,18,2003,0.0
08,19,2003,22.0
08,20,2003,0.0
08,21,2003,0.0
08,22,2003,0.0
08,23,2003,0.0
08,24,2003,30.6
08,25,2003,0.0
08,26,2003,0.0
08,27,2003,0.0
08,28,2003,34.6
08,29,2003,0.0
08,30,2003,20.0
08,31,2003,17.0
09,01,2003,18.0
09,02,2003,0.0
09,03,2003,2.5
09,04,2003,5.0
09,05,2003,0.0
09,06,2003,10.0
09,07,2003,0.0
09,08,2003,0.0
09,09,2003,0.0
09,10,2003,5.3
09,11,2003,0.0
09,12,2003,0.0
09,13,2003,0.0
09,14,2003,0.0
09,15,2003,0.0
09,16,2003,0.0
09,17,2003,5.1
09,18,2003,35.6
09,19,2003,0.0
09,20,2003,0.0
09,21,2003,0.0
09,22,2003,0.0
09,23,2003,29.1
09,24,2003,0.0
09,25,2003,0.0
09,26,2003,0.0
09,27,2003,0.0
09,28,2003,0.0
09,29,2003,0.0
09,30,2003,15.0
10,01,2003,0.0
10,02,2003,0.0
10,03,2003,0.0
10,04,2003,33.0
10,05,2003,40.0
10,06,2003,48.0
10,07,2003,61.0
10,08,2003,0.0
10,09,2003,0.0
10,10,2003,0.0
10,11,2003,0.0
10,12,2003,0.0
10,13,2003,7.0
10,14,2003,15.5
10,15,2003,5.0
10,16,2003,39.5
10,17,2003,29.5
10,18,2003,5.0
10,19,2003,0.0
10,20,2003,7.0
10,21,2003,3.0
10,22,2003,7.0
10,23,2003,0.0
10,24,2003,0.0
10,25,2003,0.0
10,26,2003,0.0
10,27,2003,0.0
10,28,2003,0.0
10,29,2003,0.0
10,30,2003,0.0
10,31,2003,3.0
11,01,2003,0.0
11,02,2003,0.0
11,03,2003,0.0
11,04,2003,0.0
11,05,2003,0.0
11,06,2003,10.0
11,07,2003,18.0
11,08,2003,150.0
11,09,2003,18.0
11,10,2003,20.0
11,11,2003,10.0
11,12,2003,0.0
11,13,2003,8.0
11,14,2003,0.0
11,15,2003,0.0
11,16,2003,0.0
11,17,2003,0.0
11,18,2003,0.0
11,19,2003,65.0
11,20,2003,6.5
11,21,2003,0.0
11,22,2003,0.0
11,23,2003,0.0
11,24,2003,33.6
11,25,2003,0.0
11,26,2003,0.0
11,27,2003,0.0
11,28,2003,0.0
11,29,2003,40.0
11,30,2003,0.0
12,01,2003,0.0
12,02,2003,0.0
12,03,2003,0.0
12,04,2003,0.0
12,05,2003,0.0
12,06,2003,0.0
12,07,2003,0.0
12,08,2003,0.0
12,09,2003,10.0
12,10,2003,20.0
12,11,2003,0.0
12,12,2003,0.0
12,13,2003,0.0
12,14,2003,0.0
12,15,2003,0.0
12,16,2003,0.0
12,17,2003,0.0
12,18,2003,10.0
12,19,2003,0.0
12,20,2003,0.0
12,21,2003,0.0
12,22,2003,0.0
12,23,2003,0.0
12,24,2003,0.0
12,25,2003,0.0
12,26,2003,0.0
12,27,2003,0.0
12,28,2003,0.0
12,29,2003,10.0
12,30,2003,10.0
12,31,2003,0.0
01,01,2004,0.0
01,02,2004,0.0
01,03,2004,0.0
01,04,2004,0.0
01,05,2004,0.0
01,06,2004,0.0
01,07,2004,21.0
01,08,2004,10.0
01,09,2004,0.0
01,10,2004,0.0
01,11,2004,0.0
01,12,2004,0.0
01,13,2004,0.0
01,14,2004,0.0
01,15,2004,0.0
01,16,2004,0.0
01,17,2004,0.0
01,18,2004,0.0
01,19,2004,0.0
01,20,2004,0.0
01,21,2004,0.0
01,22,2004,0.0
01,23,2004,0.0
01,24,2004,0.0
01,25,2004,0.0
01,26,2004,10.0
01,27,2004,0.0
01,28,2004,0.0
01,29,2004,15.0
01,30,2004,0.0
01,31,2004,0.0
02,01,2004,0.0
02,02,2004,10.0
02,03,2004,20.0
02,04,2004,4.0
02,05,2004,0.0
02,06,2004,0.0
02,07,2004,5.3
02,08,2004,0.0
02,09,2004,0.0
02,10,2004,0.0
02,11,2004,0.0
02,12,2004,0.0
02,13,2004,0.0
02,14,2004,0.0
02,15,2004,3.0
02,16,2004,5.0
02,17,2004,20.0
02,18,2004,0.0
02,19,2004,0.0
02,20,2004,0.0
02,21,2004,0.0
02,22,2004,0.0
02,23,2004,0.0
02,24,2004,0.0
02,25,2004,0.0
02,26,2004,0.0
02,27,2004,0.0
02,28,2004,0.0
02,29,2004,0.0
03,01,2004,0.0
03,02,2004,0.0
03,03,2004,0.0
03,04,2004,0.0
03,05,2004,0.0
03,06,2004,0.0
03,07,2004,10.0
03,08,2004,18.0
03,09,2004,0.0
03,10,2004,0.0
03,11,2004,0.0
03,12,2004,0.0
03,13,2004,0.0
03,14,2004,0.0
03,15,2004,0.0
03,16,2004,0.0
03,17,2004,0.0
03,18,2004,10.0
03,19,2004,0.0
03,20,2004,10.0
03,21,2004,20.0
03,22,2004,0.0
03,23,2004,0.0
03,24,2004,0.0
03,25,2004,0.0
03,26,2004,0.0
03,27,2004,0.0
03,28,2004,0.0
03,29,2004,0.0
03,30,2004,8.0
03,31,2004,0.0
04,01,2004,30.0
04,02,2004,40.0
04,03,2004,0.0
04,04,2004,0.0
04,05,2004,0.0
04,06,2004,0.0
04,07,2004,0.0
04,08,2004,0.0
04,09,2004,0.0
04,10,2004,0.0
04,11,2004,0.0
04,12,2004,0.0
04,13,2004,0.0
04,14,2004,0.0
04,15,2004,0.0
04,16,2004,0.0
04,17,2004,0.0
04,18,2004,0.0
04,19,2004,0.0
04,20,2004,0.0
04,21,2004,0.0
04,22,2004,0.0
04,23,2004,0.0
04,24,2004,0.0
04,25,2004,0.0
04,26,2004,0.0
04,27,2004,0.0
04,28,2004,0.0
04,29,2004,0.0
04,30,2004,0.0
05,01,2004,0.0
05,02,2004,25.0
05,03,2004,31.0
05,04,2004,49.0
05,05,2004,17.0
05,06,2004,10.0
05,07,2004,0.0
05,08,2004,0.0
05,09,2004,0.0
05,10,2004,0.0
05,11,2004,0.0
05,12,2004,0.0
05,13,2004,0.0
05,14,2004,37.5
05,15,2004,0.0
05,16,2004,30.0
05,17,2004,0.0
05,18,2004,0.0
05,19,2004,0.0
05,20,2004,0.0
05,21,2004,0.0
05,22,2004,0.0
05,23,2004,0.0
05,24,2004,0.0
05,25,2004,0.0
05,26,2004,0.0
05,27,2004,0.0
05,28,2004,0.0
05,29,2004,0.0
05,30,2004,0.0
05,31,2004,0.0
06,01,2004,0.0
06,02,2004,10.0
06,03,2004,0.0
06,04,2004,0.0
06,05,2004,0.0
06,06,2004,10.0
06,07,2004,0.0
06,08,2004,0.0
06,09,2004,0.0
06,10,2004,0.0
06,11,2004,0.0
06,12,2004,0.0
06,13,2004,0.0
06,14,2004,0.0
06,15,2004,0.0
06,16,2004,10.0
06,17,2004,0.0
06,18,2004,0.0
06,19,2004,0.0
06,20,2004,0.0
06,21,2004,0.0
06,22,2004,0.0
06,23,2004,0.0
06,24,2004,20.0
06,25,2004,10.0
06,26,2004,0.0
06,27,2004,0.0
06,28,2004,0.0
06,29,2004,0.0
06,30,2004,0.0
07,01,2004,20.0
07,02,2004,0.0
07,03,2004,20.0
07,04,2004,0.0
07,05,2004,0.0
07,06,2004,0.0
07,07,2004,0.0
07,08,2004,0.0
07,09,2004,0.0
07,10,2004,33.0
07,11,2004,0.0
07,12,2004,45.0
07,13,2004,20.0
07,14,2004,0.0
07,15,2004,0.0
07,16,2004,0.0
07,17,2004,0.0
07,18,2004,0.0
07,19,2004,0.0
07,20,2004,0.0
07,21,2004,10.0
07,22,2004,0.0
07,23,2004,0.0
07,24,2004,0.0
07,25,2004,0.0
07,26,2004,0.0
07,27,2004,0.0
07,28,2004,0.0
07,29,2004,0.0
07,30,2004,0.0
07,31,2004,0.0
08,01,2004,20.0
08,02,2004,0.0
08,03,2004,0.0
08,04,2004,0.0
08,05,2004,0.0
08,06,2004,10.0
08,07,2004,20.0
08,08,2004,10.0
08,09,2004,20.0
08,10,2004,0.0
08,11,2004,0.0
08,12,2004,0.0
08,13,2004,40.0
08,14,2004,45.0
08,15,2004,10.0
08,16,2004,40.0
08,17,2004,0.0
08,18,2004,0.0
08,19,2004,0.0
08,20,2004,0.0
08,21,2004,0.0
08,22,2004,0.0
08,23,2004,0.0
08,24,2004,20.0
08,25,2004,10.0
08,26,2004,20.0
08,27,2004,20.0
08,28,2004,0.0
08,29,2004,0.0
08,30,2004,0.0
08,31,2004,0.0
09,01,2004,0.0
09,02,2004,0.0
09,03,2004,0.0
09,04,2004,0.0
09,05,2004,0.0
09,06,2004,0.0
09,07,2004,20.0
09,08,2004,20.0
09,09,2004,0.0
09,10,2004,20.0
09,11,2004,0.0
09,12,2004,0.0
09,13,2004,0.0
09,14,2004,10.0
09,15,2004,20.0
09,16,2004,20.0
09,17,2004,0.0
09,18,2004,20.0
09,19,2004,0.0
09,20,2004,20.0
09,21,2004,40.0
09,22,2004,0.0
09,23,2004,0.0
09,24,2004,10.0
09,25,2004,0.0
09,26,2004,0.0
09,27,2004,10.0
09,28,2004,20.0
09,29,2004,40.0
09,30,2004,0.0
10,01,2004,20.0
10,02,2004,10.0
10,03,2004,0.0
10,04,2004,0.0
10,05,2004,0.0
10,06,2004,10.0
10,07,2004,20.0
10,08,2004,0.0
10,09,2004,30.0
10,10,2004,40.0
10,11,2004,20.0
10,12,2004,0.0
10,13,2004,10.0
10,14,2004,20.0
10,15,2004,20.0
10,16,2004,0.0
10,17,2004,0.0
10,18,2004,0.0
10,19,2004,0.0
10,20,2004,0.0
10,21,2004,0.0
10,22,2004,0.0
10,23,2004,0.0
10,24,2004,0.0
10,25,2004,10.0
10,26,2004,0.0
10,27,2004,0.0
10,28,2004,30.0
10,29,2004,0.0
10,30,2004,0.0
10,31,2004,0.0
11,01,2004,0.0
11,02,2004,0.0
11,03,2004,11.0
11,04,2004,40.0
11,05,2004,4.0
11,06,2004,8.0
11,07,2004,0.0
11,08,2004,0.0
11,09,2004,0.0
11,10,2004,2.0
11,11,2004,0.0
11,12,2004,0.0
11,13,2004,0.0
11,14,2004,0.0
11,15,2004,0.0
11,16,2004,0.0
11,17,2004,0.0
11,18,2004,0.0
11,19,2004,0.0
11,20,2004,0.0
11,21,2004,0.0
11,22,2004,0.0
11,23,2004,0.0
11,24,2004,0.0
11,25,2004,0.0
11,26,2004,0.0
11,27,2004,0.0
11,28,2004,0.0
11,29,2004,0.0
11,30,2004,0.0
12,01,2004,0.0
12,02,2004,0.0
12,03,2004,0.0
12,04,2004,0.0
12,05,2004,0.0
12,06,2004,0.0
12,07,2004,0.0
12,08,2004,0.0
12,09,2004,0.0
12,10,2004,15.0
12,11,2004,0.0
12,12,2004,0.0
12,13,2004,0.0
12,14,2004,28.0
12,15,2004,0.0
12,16,2004,0.0
12,17,2004,0.0
12,18,2004,0.0
12,19,2004,0.0
12,20,2004,0.0
12,21,2004,31.5
12,22,2004,0.0
12,23,2004,0.0
12,24,2004,0.0
12,25,2004,0.0
12,26,2004,3.1
12,27,2004,0.0
12,28,2004,0.0
12,29,2004,0.0
12,30,2004,0.0
12,31,2004,0.0
01,01,2005,0.0
01,02,2005,0.0
01,03,2005,9.5
01,04,2005,0.0
01,05,2005,0.0
01,06,2005,0.0
01,07,2005,0.0
01,08,2005,0.0
01,09,2005,0.0
01,10,2005,0.0
01,11,2005,0.0
01,12,2005,0.0
01,13,2005,0.0
01,14,2005,0.0
01,15,2005,0.0
01,16,2005,5.0
01,17,2005,0.0
01,18,2005,0.0
01,19,2005,0.0
01,20,2005,0.0
01,21,2005,0.0
01,22,2005,0.0
01,23,2005,0.0
01,24,2005,0.0
01,25,2005,0.0
01,26,2005,0.0
01,27,2005,0.0
01,28,2005,0.0
01,29,2005,0.0
01,30,2005,0.0
01,31,2005,0.0
02,01,2005,0.0
02,02,2005,0.0
02,03,2005,3.0
02,04,2005,0.0
02,05,2005,0.0
02,06,2005,0.0
02,07,2005,0.0
02,08,2005,0.0
02,09,2005,0.0
02,10,2005,0.0
02,11,2005,0.0
02,12,2005,0.0
02,13,2005,0.0
02,14,2005,0.0
02,15,2005,0.0
02,16,2005,0.0
02,17,2005,0.0
02,18,2005,0.0
02,19,2005,0.0
02,20,2005,0.0
02,21,2005,0.0
02,22,2005,0.0
02,23,2005,0.0
02,24,2005,0.0
02,25,2005,0.0
02,26,2005,0.0
02,27,2005,0.0
02,28,2005,0.0
03,01,2005,0.0
03,02,2005,0.0
03,03,2005,0.0
03,04,2005,0.0
03,05,2005,0.0
03,06,2005,0.0
03,07,2005,0.0
03,08,2005,0.0
03,09,2005,0.0
03,10,2005,0.0
03,11,2005,0.0
03,12,2005,0.0
03,13,2005,0.0
03,14,2005,0.0
03,15,2005,0.0
03,16,2005,0.0
03,17,2005,0.0
03,18,2005,0.0
03,19,2005,0.0
03,20,2005,0.0
03,21,2005,0.0
03,22,2005,0.0
03,23,2005,0.0
03,24,2005,0.0
03,25,2005,0.0
03,26,2005,0.0
03,27,2005,0.0
03,28,2005,0.0
03,29,2005,0.0
03,30,2005,0.0
03,31,2005,0.0
04,01,2005,6.0
04,02,2005,0.0
04,03,2005,0.0
04,04,2005,0.0
04,05,2005,0.0
04,06,2005,0.0
04,07,2005,0.0
04,08,2005,0.0
04,09,2005,0.0
04,10,2005,0.0
04,11,2005,0.0
04,12,2005,0.0
04,13,2005,0.0
04,14,2005,10.0
04,15,2005,0.0
04,16,2005,0.0
04,17,2005,0.0
04,18,2005,0.0
04,19,2005,0.0
04,20,2005,0.0
04,21,2005,0.0
04,22,2005,0.0
04,23,2005,0.0
04,24,2005,0.0
04,25,2005,0.0
04,26,2005,0.0
04,27,2005,0.0
04,28,2005,0.0
04,29,2005,0.0
04,30,2005,0.0
05,01,2005,0.0
05,02,2005,0.0
05,03,2005,0.0
05,04,2005,0.0
05,05,2005,0.0
05,06,2005,0.0
05,07,2005,0.0
05,08,2005,0.0
05,09,2005,0.0
05,10,2005,0.0
05,11,2005,11.0
05,12,2005,0.0
05,13,2005,0.0
05,14,2005,0.0
05,15,2005,0.0
05,16,2005,0.0
05,17,2005,60.0
05,18,2005,0.0
05,19,2005,0.0
05,20,2005,0.0
05,21,2005,0.0
05,22,2005,0.0
05,23,2005,0.0
05,24,2005,0.0
05,25,2005,0.0
05,26,2005,0.0
05,27,2005,0.0
05,28,2005,17.0
05,29,2005,0.0
05,30,2005,0.0
05,31,2005,0.0
06,01,2005,0.0
06,02,2005,0.0
06,03,2005,0.0
06,04,2005,30.0
06,05,2005,10.0
06,06,2005,0.0
06,07,2005,0.0
06,08,2005,0.0
06,09,2005,0.0
06,10,2005,0.0
06,11,2005,0.0
06,12,2005,0.0
06,13,2005,0.0
06,14,2005,40.0
06,15,2005,45.0
06,16,2005,35.0
06,17,2005,10.0
06,18,2005,19.0
06,19,2005,50.0
06,20,2005,25.0
06,21,2005,20.0
06,22,2005,47.0
06,23,2005,58.0
06,24,2005,0.0
06,25,2005,10.0
06,26,2005,40.0
06,27,2005,19.0
06,28,2005,10.0
06,29,2005,0.0
06,30,2005,0.0
07,01,2005,0.0
07,02,2005,0.0
07,03,2005,0.0
07,04,2005,5.0
07,05,2005,40.0
07,06,2005,20.0
07,07,2005,0.0
07,08,2005,20.0
07,09,2005,0.0
07,10,2005,0.0
07,11,2005,30.0
07,12,2005,30.0
07,13,2005,50.0
07,14,2005,10.0
07,15,2005,0.0
07,16,2005,20.0
07,17,2005,16.0
07,18,2005,0.0
07,19,2005,10.0
07,20,2005,40.0
07,21,2005,0.0
07,22,2005,10.0
07,23,2005,0.0
07,24,2005,12.0
07,25,2005,10.0
07,26,2005,0.0
07,27,2005,0.0
07,28,2005,0.0
07,29,2005,0.0
07,30,2005,10.0
07,31,2005,10.0
08,01,2005,3.0
08,02,2005,8.5
08,03,2005,0.0
08,04,2005,0.0
08,05,2005,0.0
08,06,2005,21.0
08,07,2005,5.0
08,08,2005,11.0
08,09,2005,0.0
08,10,2005,20.0
08,11,2005,15.0
08,12,2005,0.0
08,13,2005,0.0
08,14,2005,0.0
08,15,2005,24.0
08,16,2005,0.0
08,17,2005,26.0
08,18,2005,0.0
08,19,2005,0.0
08,20,2005,0.0
08,21,2005,70.0
08,22,2005,26.0
08,23,2005,31.0
08,24,2005,0.0
08,25,2005,0.0
08,26,2005,0.0
08,27,2005,0.0
08,28,2005,0.0
08,29,2005,0.0
08,30,2005,0.0
08,31,2005,65.0
09,01,2005,8.5
09,02,2005,12.0
09,03,2005,116.0
09,04,2005,0.0
09,05,2005,0.0
09,06,2005,0.0
09,07,2005,12.0
09,08,2005,0.0
09,09,2005,0.0
09,10,2005,0.0
09,11,2005,21.0
09,12,2005,0.0
09,13,2005,8.0
09,14,2005,6.0
09,15,2005,1.0
09,16,2005,26.0
09,17,2005,0.0
09,18,2005,1.5
09,19,2005,45.0
09,20,2005,10.0
09,21,2005,0.0
09,22,2005,0.0
09,23,2005,0.0
09,24,2005,0.0
09,25,2005,17.0
09,26,2005,50.0
09,27,2005,15.0
09,28,2005,46.0
09,29,2005,80.5
09,30,2005,0.0
10,01,2005,40.0
10,02,2005,20.0
10,03,2005,40.0
10,04,2005,20.0
10,05,2005,0.0
10,06,2005,20.0
10,07,2005,10.0
10,08,2005,20.0
10,09,2005,0.0
10,10,2005,0.0
10,11,2005,0.0
10,12,2005,0.0
10,13,2005,0.0
10,14,2005,24.0
10,15,2005,40.0
10,16,2005,20.0
10,17,2005,10.0
10,18,2005,20.0
10,19,2005,10.0
10,20,2005,0.0
10,21,2005,0.0
10,22,2005,10.0
10,23,2005,0.0
10,24,2005,0.0
10,25,2005,0.0
10,26,2005,0.0
10,27,2005,0.0
10,28,2005,0.0
10,29,2005,0.0
10,30,2005,0.0
10,31,2005,0.0
11,01,2005,10.0
11,02,2005,0.0
11,03,2005,0.0
11,04,2005,0.0
11,05,2005,0.0
11,06,2005,0.0
11,07,2005,25.0
11,08,2005,6.0
11,09,2005,0.0
11,10,2005,0.0
11,11,2005,0.0
11,12,2005,0.0
11,13,2005,10.0
11,14,2005,0.0
11,15,2005,0.0
11,16,2005,0.0
11,17,2005,19.0
11,18,2005,0.0
11,19,2005,0.0
11,20,2005,22.0
11,21,2005,17.0
11,22,2005,0.0
11,23,2005,0.0
11,24,2005,0.0
11,25,2005,0.0
11,26,2005,0.0
11,27,2005,0.0
11,28,2005,0.0
11,29,2005,181.1
11,30,2005,0.0
12,01,2005,0.0
12,02,2005,15.0
12,03,2005,0.0
12,04,2005,0.0
12,05,2005,0.0
12,06,2005,4.0
12,07,2005,0.0
12,08,2005,0.0
12,09,2005,10.0
12,10,2005,0.0
12,11,2005,0.0
12,12,2005,0.0
12,13,2005,0.0
12,14,2005,0.0
12,15,2005,0.0
12,16,2005,0.0
12,17,2005,60.0
12,18,2005,10.0
12,19,2005,0.0
12,20,2005,0.0
12,21,2005,20.0
12,22,2005,0.0
12,23,2005,0.0
12,24,2005,0.0
12,25,2005,0.0
12,26,2005,0.0
12,27,2005,0.0
12,28,2005,0.0
12,29,2005,0.0
12,30,2005,0.0
12,31,2005,0.0
01,01,2006,1.0
01,02,2006,0.0
01,03,2006,0.0
01,04,2006,0.0
01,05,2006,20.0
01,06,2006,5.0
01,07,2006,0.0
01,08,2006,0.0
01,09,2006,0.0
01,10,2006,0.0
01,11,2006,0.0
01,12,2006,0.0
01,13,2006,0.0
01,14,2006,9.0
01,15,2006,0.0
01,16,2006,0.0
01,17,2006,0.0
01,18,2006,0.0
01,19,2006,0.0
01,20,2006,0.0
01,21,2006,0.0
01,22,2006,0.0
01,23,2006,0.0
01,24,2006,5.0
01,25,2006,0.0
01,26,2006,0.0
01,27,2006,0.0
01,28,2006,0.0
01,29,2006,0.0
01,30,2006,0.0
01,31,2006,0.0
02,01,2006,0.0
02,02,2006,0.0
02,03,2006,0.0
02,04,2006,0.0
02,05,2006,0.0
02,06,2006,0.0
02,07,2006,14.0
02,08,2006,0.0
02,09,2006,0.0
02,10,2006,0.0
02,11,2006,6.0
02,12,2006,11.0
02,13,2006,0.0
02,14,2006,0.0
02,15,2006,0.0
02,16,2006,0.0
02,17,2006,0.0
02,18,2006,0.0
02,19,2006,0.0
02,20,2006,0.0
02,21,2006,0.0
02,22,2006,0.0
02,23,2006,0.0
02,24,2006,19.0
02,25,2006,0.0
02,26,2006,0.0
02,27,2006,0.0
02,28,2006,0.0
03,01,2006,0.0
03,02,2006,0.0
03,03,2006,0.0
03,04,2006,0.0
03,05,2006,0.0
03,06,2006,0.0
03,07,2006,0.0
03,08,2006,0.0
03,09,2006,0.0
03,10,2006,0.0
03,11,2006,0.0
03,12,2006,0.0
03,13,2006,0.0
03,14,2006,0.0
03,15,2006,0.0
03,16,2006,0.0
03,17,2006,0.0
03,18,2006,0.0
03,19,2006,0.0
03,20,2006,0.0
03,21,2006,0.0
03,22,2006,0.0
03,23,2006,1.0
03,24,2006,33.0
03,25,2006,0.0
03,26,2006,0.0
03,27,2006,0.0
03,28,2006,0.0
03,29,2006,0.0
03,30,2006,0.0
03,31,2006,0.0
04,01,2006,0.0
04,02,2006,0.0
04,03,2006,0.0
04,04,2006,0.0
04,05,2006,0.0
04,06,2006,0.0
04,07,2006,0.0
04,08,2006,0.0
04,09,2006,0.0
04,10,2006,0.0
04,11,2006,0.0
04,12,2006,0.0
04,13,2006,0.0
04,14,2006,0.0
04,15,2006,0.0
04,16,2006,0.0
04,17,2006,0.0
04,18,2006,0.0
04,19,2006,0.0
04,20,2006,0.0
04,21,2006,0.0
04,22,2006,0.0
04,23,2006,0.0
04,24,2006,0.0
04,25,2006,0.0
04,26,2006,0.0
04,27,2006,0.0
04,28,2006,0.0
04,29,2006,0.0
04,30,2006,0.0
05,01,2006,0.0
05,02,2006,0.0
05,03,2006,0.0
05,04,2006,0.0
05,05,2006,0.0
05,06,2006,0.0
05,07,2006,0.0
05,08,2006,0.0
05,09,2006,0.0
05,10,2006,0.0
05,11,2006,13.0
05,12,2006,0.0
05,13,2006,0.0
05,14,2006,6.0
05,15,2006,10.0
05,16,2006,15.0
05,17,2006,0.0
05,18,2006,0.0
05,19,2006,0.0
05,20,2006,0.0
05,21,2006,0.0
05,22,2006,5.0
05,23,2006,20.0
05,24,2006,17.0
05,25,2006,10.0
05,26,2006,0.0
05,27,2006,0.0
05,28,2006,0.0
05,29,2006,0.0
05,30,2006,0.0
05,31,2006,10.0
06,01,2006,5.0
06,02,2006,0.0
06,03,2006,0.0
06,04,2006,20.0
06,05,2006,41.0
06,06,2006,0.0
06,07,2006,20.0
06,08,2006,43.0
06,09,2006,0.0
06,10,2006,0.0
06,11,2006,40.0
06,12,2006,0.0
06,13,2006,26.0
06,14,2006,0.0
06,15,2006,30.0
06,16,2006,0.0
06,17,2006,0.0
06,18,2006,0.0
06,19,2006,0.0
06,20,2006,0.0
06,21,2006,15.0
06,22,2006,10.0
06,23,2006,13.0
06,24,2006,0.0
06,25,2006,30.0
06,26,2006,0.0
06,27,2006,0.0
06,28,2006,35.0
06,29,2006,0.0
06,30,2006,50.0
07,01,2006,11.0
07,02,2006,16.0
07,03,2006,0.0
07,04,2006,0.0
07,05,2006,0.0
07,06,2006,0.0
07,07,2006,0.0
07,08,2006,10.0
07,09,2006,6.5
07,10,2006,0.0
07,11,2006,0.0
07,12,2006,0.0
07,13,2006,0.0
07,14,2006,0.0
07,15,2006,0.0
07,16,2006,13.0
07,17,2006,22.0
07,18,2006,5.7
07,19,2006,11.0
07,20,2006,0.0
07,21,2006,51.0
07,22,2006,33.0
07,23,2006,0.0
07,24,2006,0.0
07,25,2006,0.0
07,26,2006,0.0
07,27,2006,0.0
07,28,2006,0.0
07,29,2006,0.0
07,30,2006,49.0
07,31,2006,0.0
08,01,2006,null
08,02,2006,null
08,03,2006,null
08,04,2006,null
08,05,2006,null
08,06,2006,null
08,07,2006,null
08,08,2006,null
08,09,2006,null
08,10,2006,null
08,11,2006,null
08,12,2006,null
08,13,2006,null
08,14,2006,null
08,15,2006,null
08,16,2006,null
08,17,2006,null
08,18,2006,null
08,19,2006,null
08,20,2006,null
08,21,2006,null
08,22,2006,null
08,23,2006,null
08,24,2006,null
08,25,2006,null
08,26,2006,null
08,27,2006,null
08,28,2006,null
08,29,2006,null
08,30,2006,null
08,31,2006,null
09,01,2006,0.0
09,02,2006,0.0
09,03,2006,0.0
09,04,2006,0.0
09,05,2006,0.0
09,06,2006,0.0
09,07,2006,0.0
09,08,2006,10.0
09,09,2006,0.0
09,10,2006,0.0
09,11,2006,0.0
09,12,2006,0.0
09,13,2006,0.0
09,14,2006,0.0
09,15,2006,0.0
09,16,2006,0.0
09,17,2006,0.0
09,18,2006,0.0
09,19,2006,0.0
09,20,2006,0.0
09,21,2006,0.0
09,22,2006,0.0
09,23,2006,40.0
09,24,2006,20.0
09,25,2006,10.0
09,26,2006,0.0
09,27,2006,40.0
09,28,2006,0.0
09,29,2006,0.0
09,30,2006,0.0
10,01,2006,20.0
10,02,2006,0.0
10,03,2006,10.0
10,04,2006,30.0
10,05,2006,20.0
10,06,2006,0.0
10,07,2006,20.0
10,08,2006,40.0
10,09,2006,10.0
10,10,2006,40.0
10,11,2006,0.0
10,12,2006,0.0
10,13,2006,0.0
10,14,2006,0.0
10,15,2006,0.0
10,16,2006,0.0
10,17,2006,0.0
10,18,2006,0.0
10,19,2006,0.0
10,20,2006,0.0
10,21,2006,10.0
10,22,2006,0.0
10,23,2006,10.0
10,24,2006,0.0
10,25,2006,0.0
10,26,2006,0.0
10,27,2006,40.0
10,28,2006,80.0
10,29,2006,0.0
10,30,2006,0.0
10,31,2006,10.0
11,01,2006,0.0
11,02,2006,0.0
11,03,2006,0.0
11,04,2006,40.0
11,05,2006,0.0
11,06,2006,0.0
11,07,2006,30.0
11,08,2006,0.0
11,09,2006,20.0
11,10,2006,20.0
11,11,2006,10.0
11,12,2006,0.0
11,13,2006,0.0
11,14,2006,20.0
11,15,2006,0.0
11,16,2006,10.0
11,17,2006,0.0
11,18,2006,0.0
11,19,2006,0.0
11,20,2006,10.0
11,21,2006,10.0
11,22,2006,0.0
11,23,2006,0.0
11,24,2006,0.0
11,25,2006,0.0
11,26,2006,0.0
11,27,2006,0.0
11,28,2006,0.0
11,29,2006,40.0
11,30,2006,0.0
12,01,2006,85.0
12,02,2006,8.0
12,03,2006,0.0
12,04,2006,19.0
12,05,2006,0.0
12,06,2006,0.0
12,07,2006,0.0
12,08,2006,0.0
12,09,2006,0.0
12,10,2006,0.0
12,11,2006,0.0
12,12,2006,9.0
12,13,2006,0.0
12,14,2006,0.0
12,15,2006,0.0
12,16,2006,5.0
12,17,2006,0.0
12,18,2006,0.0
12,19,2006,0.0
12,20,2006,0.0
12,21,2006,0.0
12,22,2006,0.0
12,23,2006,0.0
12,24,2006,0.0
12,25,2006,0.0
12,26,2006,0.0
12,27,2006,0.0
12,28,2006,0.0
12,29,2006,0.0
12,30,2006,0.0
12,31,2006,0.0
01,01,2007,60.0
01,02,2007,0.0
01,03,2007,0.0
01,04,2007,0.0
01,05,2007,0.0
01,06,2007,0.0
01,07,2007,25.0
01,08,2007,10.0
01,09,2007,17.0
01,10,2007,0.0
01,11,2007,0.0
01,12,2007,0.0
01,13,2007,0.0
01,14,2007,0.0
01,15,2007,0.0
01,16,2007,43.0
01,17,2007,0.0
01,18,2007,26.0
01,19,2007,0.0
01,20,2007,0.0
01,21,2007,0.0
01,22,2007,17.0
01,23,2007,0.0
01,24,2007,0.0
01,25,2007,0.0
01,26,2007,0.0
01,27,2007,0.0
01,28,2007,0.0
01,29,2007,0.0
01,30,2007,0.0
01,31,2007,0.0
02,01,2007,0.0
02,02,2007,0.0
02,03,2007,0.0
02,04,2007,25.0
02,05,2007,40.0
02,06,2007,10.0
02,07,2007,0.0
02,08,2007,0.0
02,09,2007,0.0
02,10,2007,0.0
02,11,2007,0.0
02,12,2007,0.0
02,13,2007,0.0
02,14,2007,0.0
02,15,2007,0.0
02,16,2007,20.0
02,17,2007,0.0
02,18,2007,0.0
02,19,2007,0.0
02,20,2007,0.0
02,21,2007,0.0
02,22,2007,5.0
02,23,2007,0.0
02,24,2007,0.0
02,25,2007,0.0
02,26,2007,0.0
02,27,2007,0.0
02,28,2007,0.0
03,01,2007,0.0
03,02,2007,0.0
03,03,2007,0.0
03,04,2007,17.0
03,05,2007,0.0
03,06,2007,0.0
03,07,2007,0.0
03,08,2007,0.0
03,09,2007,0.0
03,10,2007,0.0
03,11,2007,0.0
03,12,2007,0.0
03,13,2007,0.0
03,14,2007,0.0
03,15,2007,0.0
03,16,2007,23.0
03,17,2007,0.0
03,18,2007,0.0
03,19,2007,0.0
03,20,2007,0.0
03,21,2007,0.0
03,22,2007,0.0
03,23,2007,0.0
03,24,2007,0.0
03,25,2007,0.0
03,26,2007,0.0
03,27,2007,0.0
03,28,2007,0.0
03,29,2007,0.0
03,30,2007,0.0
03,31,2007,0.0
04,01,2007,0.0
04,02,2007,0.0
04,03,2007,0.0
04,04,2007,0.0
04,05,2007,2.0
04,06,2007,0.0
04,07,2007,0.0
04,08,2007,0.0
04,09,2007,0.0
04,10,2007,0.0
04,11,2007,0.0
04,12,2007,0.0
04,13,2007,0.0
04,14,2007,0.0
04,15,2007,0.0
04,16,2007,0.0
04,17,2007,0.0
04,18,2007,0.0
04,19,2007,0.0
04,20,2007,0.0
04,21,2007,0.0
04,22,2007,0.0
04,23,2007,0.0
04,24,2007,0.0
04,25,2007,0.0
04,26,2007,0.0
04,27,2007,0.0
04,28,2007,5.5
04,29,2007,0.0
04,30,2007,0.0
05,01,2007,0.0
05,02,2007,0.0
05,03,2007,0.0
05,04,2007,0.0
05,05,2007,0.0
05,06,2007,0.0
05,07,2007,0.0
05,08,2007,0.0
05,09,2007,0.0
05,10,2007,0.0
05,11,2007,0.0
05,12,2007,0.0
05,13,2007,0.0
05,14,2007,0.0
05,15,2007,0.0
05,16,2007,0.0
05,17,2007,0.0
05,18,2007,0.0
05,19,2007,0.0
05,20,2007,0.0
05,21,2007,0.0
05,22,2007,0.0
05,23,2007,0.0
05,24,2007,0.0
05,25,2007,0.0
05,26,2007,0.0
05,27,2007,0.0
05,28,2007,0.0
05,29,2007,0.0
05,30,2007,0.0
05,31,2007,0.0
06,01,2007,0.0
06,02,2007,0.0
06,03,2007,0.0
06,04,2007,68.0
06,05,2007,0.0
06,06,2007,0.0
06,07,2007,0.0
06,08,2007,0.0
06,09,2007,10.5
06,10,2007,3.0
06,11,2007,21.0
06,12,2007,0.0
06,13,2007,0.0
06,14,2007,0.0
06,15,2007,0.0
06,16,2007,0.0
06,17,2007,0.0
06,18,2007,2.0
06,19,2007,0.0
06,20,2007,0.0
06,21,2007,0.0
06,22,2007,0.0
06,23,2007,0.0
06,24,2007,18.0
06,25,2007,0.0
06,26,2007,0.0
06,27,2007,0.0
06,28,2007,27.5
06,29,2007,0.0
06,30,2007,0.0
07,01,2007,0.0
07,02,2007,0.0
07,03,2007,0.0
07,04,2007,0.0
07,05,2007,0.0
07,06,2007,10.0
07,07,2007,0.0
07,08,2007,0.0
07,09,2007,0.0
07,10,2007,0.0
07,11,2007,0.0
07,12,2007,39.0
07,13,2007,0.0
07,14,2007,0.0
07,15,2007,0.0
07,16,2007,0.0
07,17,2007,0.0
07,18,2007,0.0
07,19,2007,0.0
07,20,2007,0.0
07,21,2007,56.0
07,22,2007,18.0
07,23,2007,0.0
07,24,2007,0.0
07,25,2007,30.0
07,26,2007,0.0
07,27,2007,10.0
07,28,2007,0.0
07,29,2007,10.0
07,30,2007,0.0
07,31,2007,0.0
08,01,2007,0.0
08,02,2007,12.0
08,03,2007,0.0
08,04,2007,0.0
08,05,2007,5.0
08,06,2007,0.0
08,07,2007,0.0
08,08,2007,0.0
08,09,2007,0.0
08,10,2007,0.0
08,11,2007,20.0
08,12,2007,0.0
08,13,2007,40.0
08,14,2007,51.0
08,15,2007,10.0
08,16,2007,30.0
08,17,2007,0.0
08,18,2007,0.0
08,19,2007,0.0
08,20,2007,0.0
08,21,2007,95.0
08,22,2007,10.0
08,23,2007,0.0
08,24,2007,3.0
08,25,2007,0.0
08,26,2007,0.0
08,27,2007,0.0
08,28,2007,11.0
08,29,2007,1.0
08,30,2007,65.0
08,31,2007,0.0
09,01,2007,0.0
09,02,2007,0.0
09,03,2007,19.0
09,04,2007,0.0
09,05,2007,11.0
09,06,2007,0.0
09,07,2007,10.0
09,08,2007,0.0
09,09,2007,29.0
09,10,2007,0.0
09,11,2007,5.5
09,12,2007,0.0
09,13,2007,0.0
09,14,2007,22.0
09,15,2007,0.0
09,16,2007,5.0
09,17,2007,0.0
09,18,2007,0.0
09,19,2007,31.0
09,20,2007,9.0
09,21,2007,0.0
09,22,2007,0.0
09,23,2007,0.0
09,24,2007,0.0
09,25,2007,0.0
09,26,2007,0.0
09,27,2007,0.0
09,28,2007,0.0
09,29,2007,8.0
09,30,2007,0.0
10,01,2007,0.0
10,02,2007,0.0
10,03,2007,0.0
10,04,2007,10.0
10,05,2007,0.0
10,06,2007,0.0
10,07,2007,10.0
10,08,2007,0.0
10,09,2007,0.0
10,10,2007,6.0
10,11,2007,20.0
10,12,2007,40.0
10,13,2007,0.0
10,14,2007,0.0
10,15,2007,10.0
10,16,2007,20.0
10,17,2007,10.0
10,18,2007,40.0
10,19,2007,40.0
10,20,2007,0.0
10,21,2007,0.0
10,22,2007,20.0
10,23,2007,20.0
10,24,2007,40.0
10,25,2007,0.0
10,26,2007,0.0
10,27,2007,10.0
10,28,2007,20.0
10,29,2007,0.0
10,30,2007,0.0
10,31,2007,0.0
11,01,2007,10.0
11,02,2007,0.0
11,03,2007,3.0
11,04,2007,5.0
11,05,2007,0.0
11,06,2007,0.0
11,07,2007,1.0
11,08,2007,1.0
11,09,2007,0.0
11,10,2007,2.0
11,11,2007,0.0
11,12,2007,4.0
11,13,2007,0.0
11,14,2007,3.0
11,15,2007,0.0
11,16,2007,0.0
11,17,2007,5.0
11,18,2007,2.0
11,19,2007,0.0
11,20,2007,0.0
11,21,2007,2.0
11,22,2007,0.0
11,23,2007,0.0
11,24,2007,4.0
11,25,2007,4.0
11,26,2007,4.0
11,27,2007,0.0
11,28,2007,0.0
11,29,2007,0.0
11,30,2007,0.0
12,01,2007,null
12,02,2007,null
12,03,2007,20.0
12,04,2007,0.0
12,05,2007,0.0
12,06,2007,0.0
12,07,2007,0.0
12,08,2007,0.0
12,09,2007,0.0
12,10,2007,0.0
12,11,2007,0.0
12,12,2007,0.0
12,13,2007,0.0
12,14,2007,0.0
12,15,2007,20.0
12,16,2007,0.0
12,17,2007,0.0
12,18,2007,0.0
12,19,2007,0.0
12,20,2007,0.0
12,21,2007,0.0
12,22,2007,0.0
12,23,2007,0.0
12,24,2007,0.0
12,25,2007,20.0
12,26,2007,0.0
12,27,2007,0.0
12,28,2007,0.0
12,29,2007,0.0
12,30,2007,20.0
12,31,2007,0.0
01,01,2008,0.0
01,02,2008,0.0
01,03,2008,0.0
01,04,2008,20.0
01,05,2008,0.0
01,06,2008,0.0
01,07,2008,0.0
01,08,2008,0.0
01,09,2008,0.0
01,10,2008,40.0
01,11,2008,40.0
01,12,2008,0.0
01,13,2008,0.0
01,14,2008,0.0
01,15,2008,0.0
01,16,2008,0.0
01,17,2008,0.0
01,18,2008,20.0
01,19,2008,20.0
01,20,2008,0.0
01,21,2008,0.0
01,22,2008,0.0
01,23,2008,0.0
01,24,2008,0.0
01,25,2008,0.0
01,26,2008,0.0
01,27,2008,0.0
01,28,2008,0.0
01,29,2008,0.0
01,30,2008,0.0
01,31,2008,null
02,01,2008,0.0
02,02,2008,0.0
02,03,2008,0.0
02,04,2008,0.0
02,05,2008,0.0
02,06,2008,0.0
02,07,2008,0.0
02,08,2008,80.0
02,09,2008,0.0
02,10,2008,0.0
02,11,2008,0.0
02,12,2008,0.0
02,13,2008,0.0
02,14,2008,0.0
02,15,2008,0.0
02,16,2008,0.0
02,17,2008,0.0
02,18,2008,0.0
02,19,2008,0.0
02,20,2008,0.0
02,21,2008,0.0
02,22,2008,0.0
02,23,2008,0.0
02,24,2008,0.0
02,25,2008,0.0
02,26,2008,0.0
02,27,2008,0.0
02,28,2008,0.0
02,29,2008,null
03,01,2008,0.0
03,02,2008,0.0
03,03,2008,0.0
03,04,2008,0.0
03,05,2008,0.0
03,06,2008,0.0
03,07,2008,30.0
03,08,2008,0.0
03,09,2008,0.0
03,10,2008,0.0
03,11,2008,0.0
03,12,2008,0.0
03,13,2008,0.0
03,14,2008,0.0
03,15,2008,0.0
03,16,2008,0.0
03,17,2008,0.0
03,18,2008,0.0
03,19,2008,0.0
03,20,2008,0.0
03,21,2008,0.0
03,22,2008,0.0
03,23,2008,1.0
03,24,2008,0.0
03,25,2008,0.0
03,26,2008,0.0
03,27,2008,0.0
03,28,2008,0.0
03,29,2008,0.0
03,30,2008,0.0
03,31,2008,0.0
04,01,2008,0.0
04,02,2008,0.0
04,03,2008,0.0
04,04,2008,0.0
04,05,2008,0.0
04,06,2008,0.0
04,07,2008,0.0
04,08,2008,0.0
04,09,2008,0.0
04,10,2008,30.0
04,11,2008,0.0
04,12,2008,0.0
04,13,2008,0.0
04,14,2008,0.0
04,15,2008,0.0
04,16,2008,0.0
04,17,2008,0.0
04,18,2008,0.0
04,19,2008,0.0
04,20,2008,0.0
04,21,2008,0.0
04,22,2008,0.0
04,23,2008,0.0
04,24,2008,0.0
04,25,2008,0.0
04,26,2008,0.0
04,27,2008,0.0
04,28,2008,0.0
04,29,2008,0.0
04,30,2008,0.0
05,01,2008,0.0
05,02,2008,0.0
05,03,2008,0.0
05,04,2008,0.0
05,05,2008,0.0
05,06,2008,0.0
05,07,2008,0.0
05,08,2008,0.0
05,09,2008,0.0
05,10,2008,0.0
05,11,2008,0.0
05,12,2008,0.0
05,13,2008,0.0
05,14,2008,26.0
05,15,2008,0.0
05,16,2008,0.0
05,17,2008,22.0
05,18,2008,0.0
05,19,2008,26.6
05,20,2008,0.0
05,21,2008,18.0
05,22,2008,10.0
05,23,2008,0.0
05,24,2008,0.0
05,25,2008,0.0
05,26,2008,0.0
05,27,2008,31.1
05,28,2008,30.0
05,29,2008,23.3
05,30,2008,20.0
05,31,2008,20.0
06,01,2008,4.0
06,02,2008,30.0
06,03,2008,10.0
06,04,2008,21.0
06,05,2008,0.0
06,06,2008,0.0
06,07,2008,10.0
06,08,2008,0.0
06,09,2008,16.0
06,10,2008,22.0
06,11,2008,35.0
06,12,2008,19.0
06,13,2008,0.0
06,14,2008,0.0
06,15,2008,0.0
06,16,2008,28.3
06,17,2008,10.7
06,18,2008,24.4
06,19,2008,0.0
06,20,2008,0.0
06,21,2008,14.6
06,22,2008,27.8
06,23,2008,32.4
06,24,2008,0.0
06,25,2008,0.0
06,26,2008,28.0
06,27,2008,34.1
06,28,2008,0.0
06,29,2008,21.0
06,30,2008,0.0
07,01,2008,11.0
07,02,2008,40.0
07,03,2008,10.0
07,04,2008,0.0
07,05,2008,0.0
07,06,2008,30.0
07,07,2008,0.0
07,08,2008,0.0
07,09,2008,0.0
07,10,2008,0.0
07,11,2008,0.0
07,12,2008,40.0
07,13,2008,21.0
07,14,2008,17.0
07,15,2008,11.0
07,16,2008,30.0
07,17,2008,60.0
07,18,2008,22.0
07,19,2008,30.0
07,20,2008,50.0
07,21,2008,40.0
07,22,2008,0.0
07,23,2008,0.0
07,24,2008,0.0
07,25,2008,10.0
07,26,2008,0.0
07,27,2008,0.0
07,28,2008,0.0
07,29,2008,0.0
07,30,2008,0.0
07,31,2008,40.0
08,01,2008,0.0
08,02,2008,0.0
08,03,2008,0.0
08,04,2008,0.0
08,05,2008,0.0
08,06,2008,0.0
08,07,2008,16.0
08,08,2008,0.0
08,09,2008,0.0
08,10,2008,0.0
08,11,2008,0.0
08,12,2008,0.0
08,13,2008,19.0
08,14,2008,0.0
08,15,2008,0.0
08,16,2008,0.0
08,17,2008,0.0
08,18,2008,0.0
08,19,2008,0.0
08,20,2008,0.0
08,21,2008,0.0
08,22,2008,0.0
08,23,2008,0.0
08,24,2008,0.0
08,25,2008,0.0
08,26,2008,10.0
08,27,2008,30.0
08,28,2008,0.0
08,29,2008,17.0
08,30,2008,0.0
08,31,2008,0.0
09,01,2008,30.0
09,02,2008,10.0
09,03,2008,0.0
09,04,2008,0.0
09,05,2008,0.0
09,06,2008,80.0
09,07,2008,0.0
09,08,2008,0.0
09,09,2008,0.0
09,10,2008,0.0
09,11,2008,36.0
09,12,2008,0.0
09,13,2008,0.0
09,14,2008,0.0
09,15,2008,0.0
09,16,2008,20.0
09,17,2008,0.0
09,18,2008,0.0
09,19,2008,0.0
09,20,2008,0.0
09,21,2008,42.0
09,22,2008,0.0
09,23,2008,20.2
09,24,2008,32.0
09,25,2008,0.0
09,26,2008,18.0
09,27,2008,15.0
09,28,2008,0.0
09,29,2008,0.0
09,30,2008,40.0
10,01,2008,20.0
10,02,2008,10.5
10,03,2008,0.0
10,04,2008,0.0
10,05,2008,25.0
10,06,2008,36.0
10,07,2008,0.0
10,08,2008,0.0
10,09,2008,0.0
10,10,2008,20.0
10,11,2008,10.0
10,12,2008,65.0
10,13,2008,0.0
10,14,2008,0.0
10,15,2008,36.5
10,16,2008,46.2
10,17,2008,53.2
10,18,2008,75.4
10,19,2008,0.0
10,20,2008,0.0
10,21,2008,25.0
10,22,2008,3.4
10,23,2008,0.0
10,24,2008,0.0
10,25,2008,5.0
10,26,2008,25.0
10,27,2008,0.0
10,28,2008,0.0
10,29,2008,0.0
10,30,2008,12.2
10,31,2008,0.0
11,01,2008,0.0
11,02,2008,0.0
11,03,2008,0.0
11,04,2008,0.0
11,05,2008,0.0
11,06,2008,0.0
11,07,2008,0.0
11,08,2008,0.0
11,09,2008,0.0
11,10,2008,0.0
11,11,2008,0.0
11,12,2008,0.0
11,13,2008,0.0
11,14,2008,0.0
11,15,2008,20.0
11,16,2008,40.0
11,17,2008,0.0
11,18,2008,0.0
11,19,2008,0.0
11,20,2008,0.0
11,21,2008,0.0
11,22,2008,0.0
11,23,2008,0.0
11,24,2008,0.0
11,25,2008,0.0
11,26,2008,10.0
11,27,2008,0.0
11,28,2008,0.0
11,29,2008,0.0
11,30,2008,10.0
12,01,2008,40.0
12,02,2008,50.0
12,03,2008,0.0
12,04,2008,0.0
12,05,2008,0.0
12,06,2008,0.0
12,07,2008,0.0
12,08,2008,0.0
12,09,2008,0.0
12,10,2008,0.0
12,11,2008,0.0
12,12,2008,0.0
12,13,2008,0.0
12,14,2008,0.0
12,15,2008,0.0
12,16,2008,0.0
12,17,2008,0.0
12,18,2008,50.0
12,19,2008,0.0
12,20,2008,0.0
12,21,2008,0.0
12,22,2008,0.0
12,23,2008,0.0
12,24,2008,0.0
12,25,2008,0.0
12,26,2008,0.0
12,27,2008,0.0
12,28,2008,0.0
12,29,2008,0.0
12,30,2008,0.0
12,31,2008,0.0
01,01,2009,0.0
01,02,2009,0.0
01,03,2009,0.0
01,04,2009,0.0
01,05,2009,0.0
01,06,2009,0.0
01,07,2009,0.0
01,08,2009,0.0
01,09,2009,0.0
01,10,2009,0.0
01,11,2009,0.0
01,12,2009,0.0
01,13,2009,0.0
01,14,2009,40.0
01,15,2009,0.0
01,16,2009,0.0
01,17,2009,0.0
01,18,2009,0.0
01,19,2009,0.0
01,20,2009,21.0
01,21,2009,0.0
01,22,2009,0.0
01,23,2009,0.0
01,24,2009,0.0
01,25,2009,0.0
01,26,2009,0.0
01,27,2009,0.0
01,28,2009,0.0
01,29,2009,0.0
01,30,2009,0.0
01,31,2009,0.0
02,01,2009,0.0
02,02,2009,0.0
02,03,2009,0.0
02,04,2009,0.0
02,05,2009,0.0
02,06,2009,0.0
02,07,2009,0.0
02,08,2009,0.0
02,09,2009,0.0
02,10,2009,0.0
02,11,2009,0.0
02,12,2009,0.0
02,13,2009,0.0
02,14,2009,0.0
02,15,2009,0.0
02,16,2009,0.0
02,17,2009,0.0
02,18,2009,0.0
02,19,2009,0.0
02,20,2009,0.0
02,21,2009,0.0
02,22,2009,0.0
02,23,2009,30.0
02,24,2009,0.0
02,25,2009,0.0
02,26,2009,0.0
02,27,2009,0.0
02,28,2009,0.0
03,01,2009,0.0
03,02,2009,0.0
03,03,2009,0.0
03,04,2009,0.0
03,05,2009,0.0
03,06,2009,0.0
03,07,2009,0.0
03,08,2009,0.0
03,09,2009,0.0
03,10,2009,0.0
03,11,2009,0.0
03,12,2009,0.0
03,13,2009,0.0
03,14,2009,0.0
03,15,2009,0.0
03,16,2009,0.0
03,17,2009,0.0
03,18,2009,0.0
03,19,2009,0.0
03,20,2009,0.0
03,21,2009,80.0
03,22,2009,0.0
03,23,2009,0.0
03,24,2009,0.0
03,25,2009,0.0
03,26,2009,0.0
03,27,2009,0.0
03,28,2009,0.0
03,29,2009,0.0
03,30,2009,0.0
03,31,2009,0.0
04,01,2009,0.0
04,02,2009,0.0
04,03,2009,0.0
04,04,2009,0.0
04,05,2009,0.0
04,06,2009,0.0
04,07,2009,0.0
04,08,2009,0.0
04,09,2009,0.0
04,10,2009,0.0
04,11,2009,0.0
04,12,2009,0.0
04,13,2009,0.0
04,14,2009,0.0
04,15,2009,0.0
04,16,2009,0.0
04,17,2009,0.0
04,18,2009,0.0
04,19,2009,0.0
04,20,2009,0.0
04,21,2009,0.0
04,22,2009,0.0
04,23,2009,0.0
04,24,2009,0.0
04,25,2009,0.0
04,26,2009,12.0
04,27,2009,0.0
04,28,2009,0.0
04,29,2009,0.0
04,30,2009,0.0
05,01,2009,0.0
05,02,2009,0.0
05,03,2009,0.0
05,04,2009,0.0
05,05,2009,0.0
05,06,2009,0.0
05,07,2009,0.0
05,08,2009,0.0
05,09,2009,0.0
05,10,2009,0.0
05,11,2009,0.0
05,12,2009,0.0
05,13,2009,0.0
05,14,2009,0.0
05,15,2009,0.0
05,16,2009,0.0
05,17,2009,0.0
05,18,2009,0.0
05,19,2009,0.0
05,20,2009,40.0
05,21,2009,0.0
05,22,2009,0.0
05,23,2009,0.0
05,24,2009,0.0
05,25,2009,0.0
05,26,2009,0.0
05,27,2009,0.0
05,28,2009,0.0
05,29,2009,0.0
05,30,2009,0.0
05,31,2009,0.0
06,01,2009,0.0
06,02,2009,0.0
06,03,2009,0.0
06,04,2009,0.0
06,05,2009,0.0
06,06,2009,0.0
06,07,2009,0.0
06,08,2009,0.0
06,09,2009,0.0
06,10,2009,0.0
06,11,2009,0.0
06,12,2009,0.0
06,13,2009,0.0
06,14,2009,0.0
06,15,2009,0.0
06,16,2009,40.0
06,17,2009,0.0
06,18,2009,0.0
06,19,2009,0.0
06,20,2009,0.0
06,21,2009,0.0
06,22,2009,0.0
06,23,2009,0.0
06,24,2009,0.0
06,25,2009,0.0
06,26,2009,0.0
06,27,2009,0.0
06,28,2009,40.0
06,29,2009,0.0
06,30,2009,0.0
07,01,2009,0.0
07,02,2009,0.0
07,03,2009,0.0
07,04,2009,0.0
07,05,2009,0.0
07,06,2009,0.0
07,07,2009,0.0
07,08,2009,0.0
07,09,2009,0.0
07,10,2009,0.0
07,11,2009,0.0
07,12,2009,0.0
07,13,2009,0.0
07,14,2009,0.0
07,15,2009,0.0
07,16,2009,0.0
07,17,2009,0.0
07,18,2009,0.0
07,19,2009,0.0
07,20,2009,0.0
07,21,2009,0.0
07,22,2009,0.0
07,23,2009,0.0
07,24,2009,0.0
07,25,2009,0.0
07,26,2009,0.0
07,27,2009,0.0
07,28,2009,0.0
07,29,2009,0.0
07,30,2009,0.0
07,31,2009,0.0
08,01,2009,0.0
08,02,2009,0.0
08,03,2009,0.0
08,04,2009,0.0
08,05,2009,0.0
08,06,2009,0.0
08,07,2009,0.0
08,08,2009,50.0
08,09,2009,40.0
08,10,2009,0.0
08,11,2009,0.0
08,12,2009,40.0
08,13,2009,0.0
08,14,2009,0.0
08,15,2009,0.0
08,16,2009,0.0
08,17,2009,0.0
08,18,2009,0.0
08,19,2009,0.0
08,20,2009,0.0
08,21,2009,0.0
08,22,2009,0.0
08,23,2009,0.0
08,24,2009,8.0
08,25,2009,30.0
08,26,2009,0.0
08,27,2009,0.0
08,28,2009,0.0
08,29,2009,0.0
08,30,2009,0.0
08,31,2009,40.0
09,01,2009,40.0
09,02,2009,30.0
09,03,2009,0.0
09,04,2009,0.0
09,05,2009,30.0
09,06,2009,10.0
09,07,2009,30.0
09,08,2009,40.0
09,09,2009,40.0
09,10,2009,0.0
09,11,2009,0.0
09,12,2009,0.0
09,13,2009,0.0
09,14,2009,0.0
09,15,2009,0.0
09,16,2009,0.0
09,17,2009,0.0
09,18,2009,0.0
09,19,2009,0.0
09,20,2009,0.0
09,21,2009,0.0
09,22,2009,0.0
09,23,2009,0.0
09,24,2009,0.0
09,25,2009,0.0
09,26,2009,20.0
09,27,2009,50.0
09,28,2009,40.0
09,29,2009,0.0
09,30,2009,0.0
10,01,2009,0.0
10,02,2009,0.0
10,03,2009,0.0
10,04,2009,0.0
10,05,2009,0.0
10,06,2009,0.0
10,07,2009,0.0
10,08,2009,0.0
10,09,2009,0.0
10,10,2009,0.0
10,11,2009,0.0
10,12,2009,0.0
10,13,2009,0.0
10,14,2009,0.0
10,15,2009,0.0
10,16,2009,0.0
10,17,2009,0.0
10,18,2009,0.0
10,19,2009,0.0
10,20,2009,0.0
10,21,2009,0.0
10,22,2009,0.0
10,23,2009,0.0
10,24,2009,0.0
10,25,2009,0.0
10,26,2009,0.0
10,27,2009,0.0
10,28,2009,0.0
10,29,2009,0.0
10,30,2009,0.0
10,31,2009,50.0
11,01,2009,60.0
11,02,2009,40.0
11,03,2009,80.0
11,04,2009,3.0
11,05,2009,30.0
11,06,2009,20.0
11,07,2009,0.0
11,08,2009,10.0
11,09,2009,30.0
11,10,2009,0.0
11,11,2009,80.0
11,12,2009,0.0
11,13,2009,0.0
11,14,2009,40.0
11,15,2009,0.0
11,16,2009,0.0
11,17,2009,0.0
11,18,2009,0.0
11,19,2009,20.0
11,20,2009,30.0
11,21,2009,0.0
11,22,2009,10.0
11,23,2009,0.0
11,24,2009,0.0
11,25,2009,30.0
11,26,2009,40.0
11,27,2009,50.0
11,28,2009,30.0
11,29,2009,0.0
11,30,2009,0.0
12,01,2009,0.0
12,02,2009,0.0
12,03,2009,0.0
12,04,2009,0.0
12,05,2009,0.0
12,06,2009,0.0
12,07,2009,0.0
12,08,2009,0.0
12,09,2009,0.0
12,10,2009,0.0
12,11,2009,0.0
12,12,2009,0.0
12,13,2009,0.0
12,14,2009,0.0
12,15,2009,0.0
12,16,2009,0.0
12,17,2009,0.0
12,18,2009,0.0
12,19,2009,0.0
12,20,2009,0.0
12,21,2009,40.0
12,22,2009,40.0
12,23,2009,0.0
12,24,2009,0.0
12,25,2009,0.0
12,26,2009,0.0
12,27,2009,0.0
12,28,2009,0.0
12,29,2009,0.0
12,30,2009,0.0
12,31,2009,40.0
01,01,2010,0.0
01,02,2010,0.0
01,03,2010,40.0
01,04,2010,10.0
01,05,2010,0.0
01,06,2010,0.0
01,07,2010,0.0
01,08,2010,30.0
01,09,2010,40.0
01,10,2010,0.0
01,11,2010,0.0
01,12,2010,0.0
01,13,2010,0.0
01,14,2010,0.0
01,15,2010,40.0
01,16,2010,30.0
01,17,2010,0.0
01,18,2010,0.0
01,19,2010,0.0
01,20,2010,0.0
01,21,2010,0.0
01,22,2010,40.0
01,23,2010,0.0
01,24,2010,0.0
01,25,2010,0.0
01,26,2010,0.0
01,27,2010,0.0
01,28,2010,0.0
01,29,2010,0.0
01,30,2010,0.0
01,31,2010,0.0
02,01,2010,0.0
02,02,2010,0.0
02,03,2010,40.0
02,04,2010,0.0
02,05,2010,0.0
02,06,2010,0.0
02,07,2010,40.0
02,08,2010,30.0
02,09,2010,10.0
02,10,2010,10.0
02,11,2010,0.0
02,12,2010,10.0
02,13,2010,0.0
02,14,2010,0.0
02,15,2010,0.0
02,16,2010,0.0
02,17,2010,0.0
02,18,2010,0.0
02,19,2010,0.0
02,20,2010,0.0
02,21,2010,0.0
02,22,2010,40.0
02,23,2010,0.0
02,24,2010,30.0
02,25,2010,0.0
02,26,2010,0.0
02,27,2010,0.0
02,28,2010,0.0
03,01,2010,0.0
03,02,2010,0.0
03,03,2010,0.0
03,04,2010,0.0
03,05,2010,0.0
03,06,2010,0.0
03,07,2010,0.0
03,08,2010,0.0
03,09,2010,0.0
03,10,2010,0.0
03,11,2010,0.0
03,12,2010,0.0
03,13,2010,0.0
03,14,2010,0.0
03,15,2010,0.0
03,16,2010,0.0
03,17,2010,0.0
03,18,2010,0.0
03,19,2010,0.0
03,20,2010,0.0
03,21,2010,0.0
03,22,2010,0.0
03,23,2010,0.0
03,24,2010,0.0
03,25,2010,0.0
03,26,2010,0.0
03,27,2010,40.0
03,28,2010,0.0
03,29,2010,0.0
03,30,2010,0.0
03,31,2010,0.0
04,01,2010,0.0
04,02,2010,0.0
04,03,2010,0.0
04,04,2010,0.0
04,05,2010,0.0
04,06,2010,0.0
04,07,2010,0.0
04,08,2010,0.0
04,09,2010,0.0
04,10,2010,0.0
04,11,2010,0.0
04,12,2010,0.0
04,13,2010,0.0
04,14,2010,0.0
04,15,2010,10.0
04,16,2010,0.0
04,17,2010,0.0
04,18,2010,0.0
04,19,2010,0.0
04,20,2010,0.0
04,21,2010,0.0
04,22,2010,0.0
04,23,2010,0.0
04,24,2010,0.0
04,25,2010,0.0
04,26,2010,0.0
04,27,2010,0.0
04,28,2010,0.0
04,29,2010,0.0
04,30,2010,0.0
05,01,2010,2.0
05,02,2010,0.0
05,03,2010,0.0
05,04,2010,0.0
05,05,2010,0.0
05,06,2010,0.0
05,07,2010,0.0
05,08,2010,0.0
05,09,2010,0.0
05,10,2010,0.0
05,11,2010,0.0
05,12,2010,0.0
05,13,2010,0.0
05,14,2010,0.0
05,15,2010,0.0
05,16,2010,0.0
05,17,2010,3.0
05,18,2010,0.0
05,19,2010,0.0
05,20,2010,0.0
05,21,2010,0.0
05,22,2010,0.0
05,23,2010,7.0
05,24,2010,5.0
05,25,2010,0.0
05,26,2010,0.0
05,27,2010,0.0
05,28,2010,0.0
05,29,2010,0.0
05,30,2010,0.0
05,31,2010,0.0
06,01,2010,0.0
06,02,2010,0.0
06,03,2010,0.0
06,04,2010,0.0
06,05,2010,0.0
06,06,2010,0.0
06,07,2010,0.0
06,08,2010,0.0
06,09,2010,10.0
06,10,2010,0.0
06,11,2010,65.0
06,12,2010,0.0
06,13,2010,0.0
06,14,2010,0.0
06,15,2010,0.0
06,16,2010,40.0
06,17,2010,30.0
06,18,2010,10.0
06,19,2010,10.0
06,20,2010,40.0
06,21,2010,0.0
06,22,2010,0.0
06,23,2010,40.0
06,24,2010,40.0
06,25,2010,30.0
06,26,2010,20.0
06,27,2010,0.0
06,28,2010,0.0
06,29,2010,0.0
06,30,2010,30.0
07,01,2010,0.0
07,02,2010,40.0
07,03,2010,10.0
07,04,2010,40.0
07,05,2010,0.0
07,06,2010,30.0
07,07,2010,0.0
07,08,2010,0.0
07,09,2010,0.0
07,10,2010,0.0
07,11,2010,0.0
07,12,2010,0.0
07,13,2010,30.0
07,14,2010,10.0
07,15,2010,20.0
07,16,2010,0.0
07,17,2010,10.0
07,18,2010,10.0
07,19,2010,10.0
07,20,2010,0.0
07,21,2010,0.0
07,22,2010,10.0
07,23,2010,0.0
07,24,2010,40.0
07,25,2010,0.0
07,26,2010,0.0
07,27,2010,0.0
07,28,2010,0.0
07,29,2010,10.0
07,30,2010,0.0
07,31,2010,40.0
08,01,2010,0.0
08,02,2010,0.0
08,03,2010,4.0
08,04,2010,8.0
08,05,2010,0.0
08,06,2010,0.0
08,07,2010,3.0
08,08,2010,1.0
08,09,2010,14.0
08,10,2010,3.0
08,11,2010,4.0
08,12,2010,0.0
08,13,2010,0.0
08,14,2010,0.0
08,15,2010,0.0
08,16,2010,0.0
08,17,2010,0.0
08,18,2010,0.0
08,19,2010,0.0
08,20,2010,0.0
08,21,2010,0.0
08,22,2010,0.0
08,23,2010,0.0
08,24,2010,0.0
08,25,2010,0.0
08,26,2010,4.0
08,27,2010,13.0
08,28,2010,4.0
08,29,2010,11.0
08,30,2010,4.0
08,31,2010,0.0
09,01,2010,0.0
09,02,2010,4.0
09,03,2010,0.0
09,04,2010,10.0
09,05,2010,5.0
09,06,2010,4.0
09,07,2010,3.0
09,08,2010,10.0
09,09,2010,0.0
09,10,2010,0.0
09,11,2010,0.0
09,12,2010,1.0
09,13,2010,4.0
09,14,2010,3.0
09,15,2010,0.0
09,16,2010,0.0
09,17,2010,0.0
09,18,2010,0.0
09,19,2010,0.0
09,20,2010,0.0
09,21,2010,0.0
09,22,2010,4.0
09,23,2010,3.0
09,24,2010,4.0
09,25,2010,1.0
09,26,2010,6.0
09,27,2010,4.0
09,28,2010,4.0
09,29,2010,6.0
09,30,2010,0.0
10,01,2010,0.0
10,02,2010,0.0
10,03,2010,0.0
10,04,2010,0.0
10,05,2010,0.0
10,06,2010,0.0
10,07,2010,0.0
10,08,2010,0.0
10,09,2010,0.0
10,10,2010,10.0
10,11,2010,0.0
10,12,2010,0.0
10,13,2010,0.0
10,14,2010,2.0
10,15,2010,0.0
10,16,2010,0.0
10,17,2010,0.0
10,18,2010,0.0
10,19,2010,0.0
10,20,2010,0.0
10,21,2010,0.0
10,22,2010,0.0
10,23,2010,2.0
10,24,2010,3.0
10,25,2010,3.0
10,26,2010,1.0
10,27,2010,5.0
10,28,2010,5.0
10,29,2010,6.0
10,30,2010,6.0
10,31,2010,4.0
11,01,2010,0.0
11,02,2010,0.0
11,03,2010,0.0
11,04,2010,0.0
11,05,2010,0.0
11,06,2010,0.0
11,07,2010,0.0
11,08,2010,0.0
11,09,2010,0.0
11,10,2010,0.0
11,11,2010,0.0
11,12,2010,0.0
11,13,2010,0.0
11,14,2010,0.0
11,15,2010,0.0
11,16,2010,0.0
11,17,2010,0.0
11,18,2010,4.0
11,19,2010,4.0
11,20,2010,0.0
11,21,2010,0.0
11,22,2010,0.0
11,23,2010,4.0
11,24,2010,5.0
11,25,2010,3.0
11,26,2010,1.0
11,27,2010,0.0
11,28,2010,0.0
11,29,2010,0.0
11,30,2010,0.0
12,01,2010,0.0
12,02,2010,1.0
12,03,2010,0.0
12,04,2010,0.0
12,05,2010,0.0
12,06,2010,0.0
12,07,2010,0.0
12,08,2010,1.0
12,09,2010,0.0
12,10,2010,0.0
12,11,2010,0.0
12,12,2010,0.0
12,13,2010,0.0
12,14,2010,0.0
12,15,2010,0.0
12,16,2010,0.0
12,17,2010,2.0
12,18,2010,0.0
12,19,2010,0.0
12,20,2010,0.0
12,21,2010,0.0
12,22,2010,0.0
12,23,2010,0.0
12,24,2010,0.0
12,25,2010,0.0
12,26,2010,0.0
12,27,2010,0.0
12,28,2010,4.0
12,29,2010,3.0
12,30,2010,0.0
12,31,2010,0.0
