Id:,30385
Estación:,TEPETAPAN (CFE)-VER
Posición:,18.4333333333N -95.1355555556W
Variable:,Precipitación (mm)
Fecha Inicial:,07/01/1998
Fecha Final:,01/01/2009
No Dato:,nan
Mes,Día,Anio,Datos
07,01,1998,0.0
07,02,1998,1.9
07,03,1998,0.0
07,04,1998,0.0
07,05,1998,0.0
07,06,1998,0.0
07,07,1998,0.0
07,08,1998,65.5
07,09,1998,23.3
07,10,1998,0.0
07,11,1998,0.0
07,12,1998,0.0
07,13,1998,0.0
07,14,1998,0.0
07,15,1998,3.0
07,16,1998,7.0
07,17,1998,5.3
07,18,1998,0.0
07,19,1998,0.0
07,20,1998,0.0
07,21,1998,0.0
07,22,1998,15.2
07,23,1998,33.4
07,24,1998,4.8
07,25,1998,13.6
07,26,1998,44.2
07,27,1998,17.0
07,28,1998,22.5
07,29,1998,14.6
07,30,1998,3.7
07,31,1998,0.0
08,01,1998,11.3
08,02,1998,15.3
08,03,1998,0.0
08,04,1998,0.6
08,05,1998,21.3
08,06,1998,0.0
08,07,1998,0.0
08,08,1998,4.0
08,09,1998,41.5
08,10,1998,10.8
08,11,1998,6.0
08,12,1998,0.0
08,13,1998,3.8
08,14,1998,2.7
08,15,1998,2.6
08,16,1998,0.0
08,17,1998,0.0
08,18,1998,0.0
08,19,1998,0.0
08,20,1998,0.0
08,21,1998,2.3
08,22,1998,5.5
08,23,1998,1.0
08,24,1998,0.0
08,25,1998,0.0
08,26,1998,20.5
08,27,1998,0.0
08,28,1998,47.0
08,29,1998,26.0
08,30,1998,4.5
08,31,1998,3.4
09,01,1998,1.5
09,02,1998,4.1
09,03,1998,28.2
09,04,1998,0.7
09,05,1998,37.7
09,06,1998,104.3
09,07,1998,22.7
09,08,1998,0.8
09,09,1998,10.2
09,10,1998,0.0
09,11,1998,0.0
09,12,1998,0.0
09,13,1998,0.0
09,14,1998,0.0
09,15,1998,0.0
09,16,1998,0.0
09,17,1998,9.3
09,18,1998,1.6
09,19,1998,0.8
09,20,1998,0.0
09,21,1998,0.0
09,22,1998,9.9
09,23,1998,0.5
09,24,1998,8.2
09,25,1998,2.3
09,26,1998,8.0
09,27,1998,7.4
09,28,1998,18.5
09,29,1998,0.0
09,30,1998,0.0
10,01,1998,0.0
10,02,1998,0.0
10,03,1998,0.0
10,04,1998,0.0
10,05,1998,0.0
10,06,1998,2.0
10,07,1998,31.5
10,08,1998,0.0
10,09,1998,5.2
10,10,1998,31.9
10,11,1998,2.0
10,12,1998,21.0
10,13,1998,4.0
10,14,1998,9.0
10,15,1998,15.2
10,16,1998,0.6
10,17,1998,2.0
10,18,1998,69.0
10,19,1998,1.7
10,20,1998,21.7
10,21,1998,0.0
10,22,1998,20.0
10,23,1998,46.8
10,24,1998,16.5
10,25,1998,0.0
10,26,1998,0.0
10,27,1998,1.0
10,28,1998,0.0
10,29,1998,10.0
10,30,1998,0.0
10,31,1998,3.7
11,01,1998,15.0
11,02,1998,17.0
11,03,1998,0.0
11,04,1998,0.0
11,05,1998,40.0
11,06,1998,2.5
11,07,1998,0.0
11,08,1998,0.0
11,09,1998,0.0
11,10,1998,0.0
11,11,1998,33.2
11,12,1998,0.0
11,13,1998,0.0
11,14,1998,0.0
11,15,1998,48.2
11,16,1998,16.5
11,17,1998,5.7
11,18,1998,0.0
11,19,1998,0.0
11,20,1998,25.2
11,21,1998,47.8
11,22,1998,114.5
11,23,1998,12.1
11,24,1998,5.0
11,25,1998,0.0
11,26,1998,0.0
11,27,1998,0.0
11,28,1998,0.0
11,29,1998,0.0
11,30,1998,0.0
12,01,1998,0.0
12,02,1998,0.0
12,03,1998,0.0
12,04,1998,0.0
12,05,1998,0.0
12,06,1998,0.0
12,07,1998,0.0
12,08,1998,8.2
12,09,1998,2.8
12,10,1998,0.0
12,11,1998,0.0
12,12,1998,0.0
12,13,1998,0.0
12,14,1998,3.8
12,15,1998,2.0
12,16,1998,0.0
12,17,1998,5.1
12,18,1998,0.0
12,19,1998,0.0
12,20,1998,26.1
12,21,1998,0.0
12,22,1998,0.0
12,23,1998,2.8
12,24,1998,8.0
12,25,1998,1.0
12,26,1998,0.0
12,27,1998,0.0
12,28,1998,0.0
12,29,1998,0.0
12,30,1998,0.0
12,31,1998,0.0
01,01,1999,0.0
01,02,1999,0.0
01,03,1999,0.0
01,04,1999,2.0
01,05,1999,11.3
01,06,1999,0.0
01,07,1999,0.0
01,08,1999,0.0
01,09,1999,0.0
01,10,1999,1.0
01,11,1999,0.0
01,12,1999,0.0
01,13,1999,0.0
01,14,1999,0.0
01,15,1999,17.8
01,16,1999,0.0
01,17,1999,0.0
01,18,1999,0.0
01,19,1999,0.0
01,20,1999,0.0
01,21,1999,0.0
01,22,1999,0.0
01,23,1999,0.0
01,24,1999,0.0
01,25,1999,0.0
01,26,1999,0.0
01,27,1999,0.0
01,28,1999,0.0
01,29,1999,0.0
01,30,1999,0.0
01,31,1999,40.0
02,01,1999,3.1
02,02,1999,0.0
02,03,1999,0.0
02,04,1999,6.8
02,05,1999,0.0
02,06,1999,0.0
02,07,1999,0.0
02,08,1999,0.0
02,09,1999,0.0
02,10,1999,0.0
02,11,1999,24.2
02,12,1999,1.5
02,13,1999,0.0
02,14,1999,0.0
02,15,1999,0.0
02,16,1999,0.0
02,17,1999,0.0
02,18,1999,0.0
02,19,1999,0.0
02,20,1999,68.3
02,21,1999,0.0
02,22,1999,1.7
02,23,1999,0.0
02,24,1999,0.0
02,25,1999,0.0
02,26,1999,0.0
02,27,1999,0.0
02,28,1999,0.0
03,01,1999,0.0
03,02,1999,0.0
03,03,1999,0.0
03,04,1999,0.0
03,05,1999,0.0
03,06,1999,0.0
03,07,1999,0.0
03,08,1999,0.0
03,09,1999,0.0
03,10,1999,0.0
03,11,1999,0.0
03,12,1999,0.0
03,13,1999,0.0
03,14,1999,0.0
03,15,1999,0.0
03,16,1999,0.0
03,17,1999,0.0
03,18,1999,0.0
03,19,1999,0.9
03,20,1999,0.0
03,21,1999,1.4
03,22,1999,0.0
03,23,1999,0.0
03,24,1999,0.0
03,25,1999,0.0
03,26,1999,0.0
03,27,1999,0.0
03,28,1999,0.0
03,29,1999,7.5
03,30,1999,0.0
03,31,1999,0.0
04,01,1999,0.0
04,02,1999,0.0
04,03,1999,0.0
04,04,1999,0.0
04,05,1999,0.0
04,06,1999,0.0
04,07,1999,0.0
04,08,1999,0.0
04,09,1999,0.0
04,10,1999,0.0
04,11,1999,0.0
04,12,1999,0.0
04,13,1999,0.0
04,14,1999,0.0
04,15,1999,0.0
04,16,1999,10.6
04,17,1999,10.0
04,18,1999,2.5
04,19,1999,3.0
04,20,1999,0.0
04,21,1999,0.0
04,22,1999,0.0
04,23,1999,0.0
04,24,1999,0.0
04,25,1999,0.0
04,26,1999,0.0
04,27,1999,0.0
04,28,1999,0.0
04,29,1999,0.0
04,30,1999,0.0
05,01,1999,0.0
05,02,1999,0.0
05,03,1999,0.0
05,04,1999,0.0
05,05,1999,0.0
05,06,1999,0.0
05,07,1999,0.0
05,08,1999,0.0
05,09,1999,0.0
05,10,1999,0.0
05,11,1999,0.0
05,12,1999,0.0
05,13,1999,0.0
05,14,1999,0.0
05,15,1999,0.0
05,16,1999,0.0
05,17,1999,0.0
05,18,1999,16.0
05,19,1999,0.0
05,20,1999,0.0
05,21,1999,0.0
05,22,1999,0.0
05,23,1999,0.0
05,24,1999,0.0
05,25,1999,0.0
05,26,1999,0.0
05,27,1999,0.0
05,28,1999,0.0
05,29,1999,0.0
05,30,1999,0.0
05,31,1999,0.0
06,01,1999,0.0
06,02,1999,0.0
06,03,1999,0.0
06,04,1999,0.0
06,05,1999,0.0
06,06,1999,0.0
06,07,1999,0.0
06,08,1999,0.0
06,09,1999,0.0
06,10,1999,0.0
06,11,1999,12.0
06,12,1999,0.0
06,13,1999,0.0
06,14,1999,0.0
06,15,1999,0.0
06,16,1999,26.2
06,17,1999,0.8
06,18,1999,1.3
06,19,1999,0.0
06,20,1999,0.0
06,21,1999,3.0
06,22,1999,0.8
06,23,1999,5.7
06,24,1999,0.0
06,25,1999,0.0
06,26,1999,0.0
06,27,1999,0.0
06,28,1999,0.0
06,29,1999,0.0
06,30,1999,1.5
07,01,1999,26.3
07,02,1999,55.0
07,03,1999,9.0
07,04,1999,1.3
07,05,1999,0.0
07,06,1999,14.0
07,07,1999,0.0
07,08,1999,0.0
07,09,1999,0.0
07,10,1999,1.5
07,11,1999,109.8
07,12,1999,4.0
07,13,1999,2.0
07,14,1999,0.0
07,15,1999,0.0
07,16,1999,0.0
07,17,1999,109.0
07,18,1999,1.3
07,19,1999,20.5
07,20,1999,4.0
07,21,1999,46.5
07,22,1999,0.5
07,23,1999,0.0
07,24,1999,0.0
07,25,1999,0.0
07,26,1999,13.0
07,27,1999,3.5
07,28,1999,0.0
07,29,1999,0.0
07,30,1999,0.0
07,31,1999,0.0
08,01,1999,0.0
08,02,1999,1.0
08,03,1999,0.0
08,04,1999,0.0
08,05,1999,0.0
08,06,1999,0.0
08,07,1999,16.0
08,08,1999,86.0
08,09,1999,0.0
08,10,1999,15.0
08,11,1999,46.0
08,12,1999,0.0
08,13,1999,0.0
08,14,1999,0.0
08,15,1999,0.0
08,16,1999,2.5
08,17,1999,8.0
08,18,1999,35.0
08,19,1999,40.0
08,20,1999,0.0
08,21,1999,0.0
08,22,1999,0.0
08,23,1999,0.0
08,24,1999,0.0
08,25,1999,0.0
08,26,1999,10.0
08,27,1999,9.1
08,28,1999,2.1
08,29,1999,9.0
08,30,1999,0.0
08,31,1999,0.0
09,01,1999,1.5
09,02,1999,23.6
09,03,1999,2.0
09,04,1999,2.0
09,05,1999,0.0
09,06,1999,0.0
09,07,1999,0.0
09,08,1999,0.2
09,09,1999,21.3
09,10,1999,1.8
09,11,1999,6.0
09,12,1999,84.2
09,13,1999,42.2
09,14,1999,70.4
09,15,1999,71.0
09,16,1999,6.3
09,17,1999,19.1
09,18,1999,11.5
09,19,1999,1.0
09,20,1999,0.0
09,21,1999,5.4
09,22,1999,90.5
09,23,1999,1.0
09,24,1999,1.0
09,25,1999,0.0
09,26,1999,0.0
09,27,1999,35.2
09,28,1999,38.3
09,29,1999,24.1
09,30,1999,25.4
10,01,1999,70.3
10,02,1999,25.3
10,03,1999,78.3
10,04,1999,103.0
10,05,1999,4.5
10,06,1999,6.0
10,07,1999,0.5
10,08,1999,0.0
10,09,1999,11.0
10,10,1999,50.0
10,11,1999,3.5
10,12,1999,30.0
10,13,1999,27.0
10,14,1999,2.5
10,15,1999,2.6
10,16,1999,0.0
10,17,1999,0.0
10,18,1999,14.0
10,19,1999,19.5
10,20,1999,1.1
10,21,1999,0.0
10,22,1999,0.0
10,23,1999,0.0
10,24,1999,0.0
10,25,1999,2.0
10,26,1999,1.3
10,27,1999,0.0
10,28,1999,0.0
10,29,1999,0.0
10,30,1999,0.0
10,31,1999,0.0
11,01,1999,0.0
11,02,1999,4.2
11,03,1999,8.5
11,04,1999,1.3
11,05,1999,5.6
11,06,1999,124.5
11,07,1999,3.0
11,08,1999,10.5
11,09,1999,1.5
11,10,1999,4.4
11,11,1999,5.5
11,12,1999,2.2
11,13,1999,6.5
11,14,1999,0.4
11,15,1999,0.0
11,16,1999,2.0
11,17,1999,0.0
11,18,1999,0.0
11,19,1999,0.0
11,20,1999,0.0
11,21,1999,0.0
11,22,1999,0.0
11,23,1999,3.0
11,24,1999,0.0
11,25,1999,1.0
11,26,1999,0.0
11,27,1999,0.0
11,28,1999,0.0
11,29,1999,5.6
11,30,1999,17.6
12,01,1999,0.0
12,02,1999,0.0
12,03,1999,0.0
12,04,1999,0.0
12,05,1999,0.0
12,06,1999,5.2
12,07,1999,1.6
12,08,1999,0.0
12,09,1999,72.9
12,10,1999,1.2
12,11,1999,0.0
12,12,1999,0.9
12,13,1999,0.0
12,14,1999,0.0
12,15,1999,2.8
12,16,1999,0.0
12,17,1999,1.0
12,18,1999,0.0
12,19,1999,0.0
12,20,1999,0.0
12,21,1999,0.7
12,22,1999,5.6
12,23,1999,12.0
12,24,1999,1.0
12,25,1999,2.0
12,26,1999,0.0
12,27,1999,0.0
12,28,1999,0.0
12,29,1999,0.0
12,30,1999,0.0
12,31,1999,0.0
01,01,2000,0.0
01,02,2000,0.0
01,03,2000,0.0
01,04,2000,0.0
01,05,2000,0.0
01,06,2000,0.0
01,07,2000,0.8
01,08,2000,0.0
01,09,2000,0.0
01,10,2000,0.0
01,11,2000,0.0
01,12,2000,0.0
01,13,2000,23.5
01,14,2000,3.1
01,15,2000,33.0
01,16,2000,0.0
01,17,2000,1.0
01,18,2000,0.0
01,19,2000,0.0
01,20,2000,0.0
01,21,2000,0.0
01,22,2000,0.0
01,23,2000,0.0
01,24,2000,0.0
01,25,2000,0.0
01,26,2000,3.0
01,27,2000,0.0
01,28,2000,0.0
01,29,2000,0.0
01,30,2000,0.0
01,31,2000,0.0
02,01,2000,0.0
02,02,2000,0.0
02,03,2000,0.0
02,04,2000,0.0
02,05,2000,0.0
02,06,2000,0.0
02,07,2000,0.0
02,08,2000,0.0
02,09,2000,0.0
02,10,2000,0.0
02,11,2000,0.0
02,12,2000,0.0
02,13,2000,0.0
02,14,2000,0.0
02,15,2000,0.0
02,16,2000,0.0
02,17,2000,0.0
02,18,2000,0.0
02,19,2000,0.0
02,20,2000,1.5
02,21,2000,0.0
02,22,2000,0.0
02,23,2000,0.0
02,24,2000,0.0
02,25,2000,0.0
02,26,2000,0.0
02,27,2000,0.0
02,28,2000,0.0
02,29,2000,null
03,01,2000,0.0
03,02,2000,0.0
03,03,2000,0.0
03,04,2000,0.0
03,05,2000,0.0
03,06,2000,0.0
03,07,2000,0.0
03,08,2000,0.0
03,09,2000,0.0
03,10,2000,0.0
03,11,2000,158.8
03,12,2000,0.0
03,13,2000,0.0
03,14,2000,0.0
03,15,2000,0.0
03,16,2000,0.0
03,17,2000,0.0
03,18,2000,0.0
03,19,2000,15.0
03,20,2000,0.0
03,21,2000,0.0
03,22,2000,0.0
03,23,2000,0.0
03,24,2000,0.0
03,25,2000,0.0
03,26,2000,0.0
03,27,2000,0.0
03,28,2000,0.0
03,29,2000,0.0
03,30,2000,0.0
03,31,2000,0.0
04,01,2000,0.0
04,02,2000,0.0
04,03,2000,0.3
04,04,2000,0.9
04,05,2000,0.0
04,06,2000,0.0
04,07,2000,0.0
04,08,2000,0.0
04,09,2000,18.1
04,10,2000,0.0
04,11,2000,0.0
04,12,2000,0.0
04,13,2000,0.0
04,14,2000,0.0
04,15,2000,0.0
04,16,2000,0.0
04,17,2000,0.0
04,18,2000,0.0
04,19,2000,0.0
04,20,2000,0.0
04,21,2000,0.0
04,22,2000,0.0
04,23,2000,0.0
04,24,2000,0.0
04,25,2000,0.0
04,26,2000,10.5
04,27,2000,0.0
04,28,2000,14.5
04,29,2000,0.0
04,30,2000,0.0
05,01,2000,0.0
05,02,2000,0.0
05,03,2000,4.2
05,04,2000,0.0
05,05,2000,0.0
05,06,2000,0.0
05,07,2000,0.0
05,08,2000,0.0
05,09,2000,0.0
05,10,2000,0.0
05,11,2000,0.0
05,12,2000,0.0
05,13,2000,9.9
05,14,2000,10.8
05,15,2000,0.5
05,16,2000,0.0
05,17,2000,0.0
05,18,2000,0.0
05,19,2000,50.6
05,20,2000,27.0
05,21,2000,34.5
05,22,2000,3.2
05,23,2000,0.0
05,24,2000,0.0
05,25,2000,0.0
05,26,2000,0.0
05,27,2000,0.0
05,28,2000,52.4
05,29,2000,32.8
05,30,2000,10.8
05,31,2000,66.5
06,01,2000,6.5
06,02,2000,30.0
06,03,2000,0.5
06,04,2000,3.0
06,05,2000,7.5
06,06,2000,1.0
06,07,2000,1.0
06,08,2000,0.9
06,09,2000,0.0
06,10,2000,2.0
06,11,2000,50.0
06,12,2000,29.4
06,13,2000,0.0
06,14,2000,0.0
06,15,2000,0.0
06,16,2000,0.0
06,17,2000,0.0
06,18,2000,102.0
06,19,2000,0.0
06,20,2000,22.5
06,21,2000,1.2
06,22,2000,0.0
06,23,2000,0.0
06,24,2000,0.0
06,25,2000,3.2
06,26,2000,0.0
06,27,2000,14.1
06,28,2000,0.0
06,29,2000,3.4
06,30,2000,21.0
07,01,2000,0.0
07,02,2000,0.0
07,03,2000,0.0
07,04,2000,0.0
07,05,2000,1.0
07,06,2000,0.0
07,07,2000,0.0
07,08,2000,7.4
07,09,2000,100.0
07,10,2000,40.0
07,11,2000,0.0
07,12,2000,0.0
07,13,2000,0.0
07,14,2000,0.0
07,15,2000,0.0
07,16,2000,8.0
07,17,2000,5.7
07,18,2000,42.3
07,19,2000,0.0
07,20,2000,0.2
07,21,2000,0.0
07,22,2000,0.9
07,23,2000,4.7
07,24,2000,46.4
07,25,2000,30.5
07,26,2000,1.4
07,27,2000,0.0
07,28,2000,3.3
07,29,2000,0.0
07,30,2000,12.1
07,31,2000,36.4
08,01,2000,4.5
08,02,2000,9.3
08,03,2000,9.0
08,04,2000,0.5
08,05,2000,0.0
08,06,2000,0.0
08,07,2000,1.5
08,08,2000,62.2
08,09,2000,25.5
08,10,2000,33.4
08,11,2000,17.1
08,12,2000,0.0
08,13,2000,0.0
08,14,2000,0.0
08,15,2000,0.0
08,16,2000,0.0
08,17,2000,6.4
08,18,2000,0.6
08,19,2000,6.5
08,20,2000,0.5
08,21,2000,22.2
08,22,2000,11.5
08,23,2000,10.5
08,24,2000,21.3
08,25,2000,0.0
08,26,2000,0.0
08,27,2000,0.7
08,28,2000,2.5
08,29,2000,31.9
08,30,2000,1.9
08,31,2000,0.0
09,01,2000,0.0
09,02,2000,4.6
09,03,2000,0.0
09,04,2000,6.5
09,05,2000,0.0
09,06,2000,21.3
09,07,2000,0.0
09,08,2000,0.0
09,09,2000,1.0
09,10,2000,0.0
09,11,2000,6.5
09,12,2000,18.2
09,13,2000,1.5
09,14,2000,13.2
09,15,2000,15.1
09,16,2000,48.8
09,17,2000,150.3
09,18,2000,11.1
09,19,2000,0.6
09,20,2000,0.0
09,21,2000,0.0
09,22,2000,0.0
09,23,2000,0.0
09,24,2000,0.0
09,25,2000,8.1
09,26,2000,4.9
09,27,2000,63.5
09,28,2000,2.0
09,29,2000,0.0
09,30,2000,1.3
10,01,2000,null
10,02,2000,null
10,03,2000,null
10,04,2000,null
10,05,2000,null
10,06,2000,null
10,07,2000,null
10,08,2000,null
10,09,2000,null
10,10,2000,null
10,11,2000,null
10,12,2000,null
10,13,2000,null
10,14,2000,null
10,15,2000,null
10,16,2000,null
10,17,2000,null
10,18,2000,null
10,19,2000,null
10,20,2000,null
10,21,2000,null
10,22,2000,null
10,23,2000,null
10,24,2000,null
10,25,2000,null
10,26,2000,null
10,27,2000,null
10,28,2000,null
10,29,2000,null
10,30,2000,null
10,31,2000,null
11,01,2000,0.0
11,02,2000,0.0
11,03,2000,0.0
11,04,2000,0.0
11,05,2000,0.0
11,06,2000,0.0
11,07,2000,0.0
11,08,2000,0.0
11,09,2000,0.5
11,10,2000,0.2
11,11,2000,0.0
11,12,2000,0.0
11,13,2000,0.0
11,14,2000,0.0
11,15,2000,0.0
11,16,2000,0.0
11,17,2000,0.0
11,18,2000,0.0
11,19,2000,9.6
11,20,2000,20.2
11,21,2000,4.1
11,22,2000,14.3
11,23,2000,0.0
11,24,2000,0.0
11,25,2000,0.0
11,26,2000,0.5
11,27,2000,0.0
11,28,2000,0.0
11,29,2000,49.4
11,30,2000,0.0
12,01,2000,2.7
12,02,2000,1.2
12,03,2000,1.2
12,04,2000,11.1
12,05,2000,25.0
12,06,2000,6.6
12,07,2000,0.7
12,08,2000,0.0
12,09,2000,0.0
12,10,2000,0.0
12,11,2000,0.0
12,12,2000,0.0
12,13,2000,0.0
12,14,2000,0.0
12,15,2000,0.0
12,16,2000,0.0
12,17,2000,39.2
12,18,2000,9.9
12,19,2000,2.1
12,20,2000,0.0
12,21,2000,2.0
12,22,2000,4.5
12,23,2000,0.0
12,24,2000,2.2
12,25,2000,0.0
12,26,2000,0.0
12,27,2000,0.0
12,28,2000,0.0
12,29,2000,0.0
12,30,2000,6.5
12,31,2000,1.0
01,01,2001,null
01,02,2001,null
01,03,2001,null
01,04,2001,null
01,05,2001,null
01,06,2001,null
01,07,2001,null
01,08,2001,null
01,09,2001,null
01,10,2001,null
01,11,2001,null
01,12,2001,null
01,13,2001,null
01,14,2001,null
01,15,2001,null
01,16,2001,null
01,17,2001,null
01,18,2001,null
01,19,2001,null
01,20,2001,null
01,21,2001,null
01,22,2001,null
01,23,2001,null
01,24,2001,null
01,25,2001,null
01,26,2001,null
01,27,2001,null
01,28,2001,null
01,29,2001,null
01,30,2001,null
01,31,2001,null
02,01,2001,null
02,02,2001,null
02,03,2001,null
02,04,2001,null
02,05,2001,null
02,06,2001,null
02,07,2001,null
02,08,2001,null
02,09,2001,null
02,10,2001,null
02,11,2001,null
02,12,2001,null
02,13,2001,null
02,14,2001,null
02,15,2001,null
02,16,2001,null
02,17,2001,null
02,18,2001,null
02,19,2001,null
02,20,2001,null
02,21,2001,null
02,22,2001,null
02,23,2001,null
02,24,2001,null
02,25,2001,null
02,26,2001,null
02,27,2001,null
02,28,2001,null
03,01,2001,null
03,02,2001,null
03,03,2001,null
03,04,2001,null
03,05,2001,null
03,06,2001,null
03,07,2001,null
03,08,2001,null
03,09,2001,null
03,10,2001,null
03,11,2001,null
03,12,2001,null
03,13,2001,null
03,14,2001,null
03,15,2001,null
03,16,2001,null
03,17,2001,null
03,18,2001,null
03,19,2001,null
03,20,2001,null
03,21,2001,null
03,22,2001,null
03,23,2001,null
03,24,2001,null
03,25,2001,null
03,26,2001,null
03,27,2001,null
03,28,2001,null
03,29,2001,null
03,30,2001,null
03,31,2001,null
04,01,2001,null
04,02,2001,null
04,03,2001,null
04,04,2001,null
04,05,2001,null
04,06,2001,null
04,07,2001,null
04,08,2001,null
04,09,2001,null
04,10,2001,null
04,11,2001,null
04,12,2001,null
04,13,2001,null
04,14,2001,null
04,15,2001,null
04,16,2001,null
04,17,2001,null
04,18,2001,null
04,19,2001,null
04,20,2001,null
04,21,2001,null
04,22,2001,null
04,23,2001,null
04,24,2001,null
04,25,2001,null
04,26,2001,null
04,27,2001,null
04,28,2001,null
04,29,2001,null
04,30,2001,null
05,01,2001,null
05,02,2001,null
05,03,2001,null
05,04,2001,null
05,05,2001,null
05,06,2001,null
05,07,2001,null
05,08,2001,null
05,09,2001,null
05,10,2001,null
05,11,2001,null
05,12,2001,null
05,13,2001,null
05,14,2001,null
05,15,2001,null
05,16,2001,null
05,17,2001,null
05,18,2001,null
05,19,2001,null
05,20,2001,null
05,21,2001,null
05,22,2001,null
05,23,2001,null
05,24,2001,null
05,25,2001,null
05,26,2001,null
05,27,2001,null
05,28,2001,null
05,29,2001,null
05,30,2001,null
05,31,2001,null
06,01,2001,null
06,02,2001,null
06,03,2001,null
06,04,2001,null
06,05,2001,null
06,06,2001,null
06,07,2001,null
06,08,2001,null
06,09,2001,null
06,10,2001,null
06,11,2001,null
06,12,2001,null
06,13,2001,null
06,14,2001,null
06,15,2001,null
06,16,2001,null
06,17,2001,null
06,18,2001,null
06,19,2001,null
06,20,2001,null
06,21,2001,null
06,22,2001,null
06,23,2001,null
06,24,2001,null
06,25,2001,null
06,26,2001,null
06,27,2001,null
06,28,2001,null
06,29,2001,null
06,30,2001,null
07,01,2001,null
07,02,2001,null
07,03,2001,null
07,04,2001,null
07,05,2001,null
07,06,2001,null
07,07,2001,null
07,08,2001,null
07,09,2001,null
07,10,2001,null
07,11,2001,null
07,12,2001,null
07,13,2001,null
07,14,2001,null
07,15,2001,null
07,16,2001,null
07,17,2001,null
07,18,2001,null
07,19,2001,null
07,20,2001,null
07,21,2001,null
07,22,2001,null
07,23,2001,null
07,24,2001,null
07,25,2001,null
07,26,2001,null
07,27,2001,null
07,28,2001,null
07,29,2001,null
07,30,2001,null
07,31,2001,null
08,01,2001,null
08,02,2001,null
08,03,2001,null
08,04,2001,null
08,05,2001,null
08,06,2001,null
08,07,2001,null
08,08,2001,null
08,09,2001,null
08,10,2001,null
08,11,2001,null
08,12,2001,null
08,13,2001,null
08,14,2001,null
08,15,2001,null
08,16,2001,null
08,17,2001,null
08,18,2001,null
08,19,2001,null
08,20,2001,null
08,21,2001,null
08,22,2001,null
08,23,2001,null
08,24,2001,null
08,25,2001,null
08,26,2001,null
08,27,2001,null
08,28,2001,null
08,29,2001,null
08,30,2001,null
08,31,2001,null
09,01,2001,null
09,02,2001,null
09,03,2001,null
09,04,2001,null
09,05,2001,null
09,06,2001,null
09,07,2001,null
09,08,2001,null
09,09,2001,null
09,10,2001,null
09,11,2001,null
09,12,2001,null
09,13,2001,null
09,14,2001,null
09,15,2001,null
09,16,2001,null
09,17,2001,null
09,18,2001,null
09,19,2001,null
09,20,2001,null
09,21,2001,null
09,22,2001,null
09,23,2001,null
09,24,2001,null
09,25,2001,null
09,26,2001,null
09,27,2001,null
09,28,2001,null
09,29,2001,null
09,30,2001,null
10,01,2001,null
10,02,2001,null
10,03,2001,null
10,04,2001,null
10,05,2001,null
10,06,2001,null
10,07,2001,null
10,08,2001,null
10,09,2001,null
10,10,2001,null
10,11,2001,null
10,12,2001,null
10,13,2001,null
10,14,2001,null
10,15,2001,null
10,16,2001,null
10,17,2001,null
10,18,2001,null
10,19,2001,null
10,20,2001,null
10,21,2001,null
10,22,2001,null
10,23,2001,null
10,24,2001,null
10,25,2001,null
10,26,2001,null
10,27,2001,null
10,28,2001,null
10,29,2001,null
10,30,2001,null
10,31,2001,null
11,01,2001,null
11,02,2001,null
11,03,2001,null
11,04,2001,null
11,05,2001,null
11,06,2001,null
11,07,2001,null
11,08,2001,null
11,09,2001,null
11,10,2001,null
11,11,2001,null
11,12,2001,null
11,13,2001,null
11,14,2001,null
11,15,2001,null
11,16,2001,null
11,17,2001,null
11,18,2001,null
11,19,2001,null
11,20,2001,null
11,21,2001,null
11,22,2001,null
11,23,2001,null
11,24,2001,null
11,25,2001,null
11,26,2001,null
11,27,2001,null
11,28,2001,null
11,29,2001,null
11,30,2001,null
12,01,2001,null
12,02,2001,null
12,03,2001,null
12,04,2001,null
12,05,2001,null
12,06,2001,null
12,07,2001,null
12,08,2001,null
12,09,2001,null
12,10,2001,null
12,11,2001,null
12,12,2001,null
12,13,2001,null
12,14,2001,null
12,15,2001,null
12,16,2001,null
12,17,2001,null
12,18,2001,null
12,19,2001,null
12,20,2001,null
12,21,2001,null
12,22,2001,null
12,23,2001,null
12,24,2001,null
12,25,2001,null
12,26,2001,null
12,27,2001,null
12,28,2001,null
12,29,2001,null
12,30,2001,null
12,31,2001,null
01,01,2002,null
01,02,2002,null
01,03,2002,null
01,04,2002,null
01,05,2002,null
01,06,2002,null
01,07,2002,null
01,08,2002,null
01,09,2002,null
01,10,2002,null
01,11,2002,null
01,12,2002,null
01,13,2002,null
01,14,2002,null
01,15,2002,null
01,16,2002,null
01,17,2002,null
01,18,2002,null
01,19,2002,null
01,20,2002,null
01,21,2002,null
01,22,2002,null
01,23,2002,null
01,24,2002,null
01,25,2002,null
01,26,2002,null
01,27,2002,null
01,28,2002,null
01,29,2002,null
01,30,2002,null
01,31,2002,null
02,01,2002,null
02,02,2002,null
02,03,2002,null
02,04,2002,null
02,05,2002,null
02,06,2002,null
02,07,2002,null
02,08,2002,null
02,09,2002,null
02,10,2002,null
02,11,2002,null
02,12,2002,null
02,13,2002,null
02,14,2002,null
02,15,2002,null
02,16,2002,null
02,17,2002,null
02,18,2002,null
02,19,2002,null
02,20,2002,null
02,21,2002,null
02,22,2002,null
02,23,2002,null
02,24,2002,null
02,25,2002,null
02,26,2002,null
02,27,2002,null
02,28,2002,null
03,01,2002,null
03,02,2002,null
03,03,2002,null
03,04,2002,null
03,05,2002,null
03,06,2002,null
03,07,2002,null
03,08,2002,null
03,09,2002,null
03,10,2002,null
03,11,2002,null
03,12,2002,null
03,13,2002,null
03,14,2002,null
03,15,2002,null
03,16,2002,null
03,17,2002,null
03,18,2002,null
03,19,2002,null
03,20,2002,null
03,21,2002,null
03,22,2002,null
03,23,2002,null
03,24,2002,null
03,25,2002,null
03,26,2002,null
03,27,2002,null
03,28,2002,null
03,29,2002,null
03,30,2002,null
03,31,2002,null
04,01,2002,null
04,02,2002,null
04,03,2002,null
04,04,2002,null
04,05,2002,null
04,06,2002,null
04,07,2002,null
04,08,2002,null
04,09,2002,null
04,10,2002,null
04,11,2002,null
04,12,2002,null
04,13,2002,null
04,14,2002,null
04,15,2002,null
04,16,2002,null
04,17,2002,null
04,18,2002,null
04,19,2002,null
04,20,2002,null
04,21,2002,null
04,22,2002,null
04,23,2002,null
04,24,2002,null
04,25,2002,null
04,26,2002,null
04,27,2002,null
04,28,2002,null
04,29,2002,null
04,30,2002,null
05,01,2002,null
05,02,2002,null
05,03,2002,null
05,04,2002,null
05,05,2002,null
05,06,2002,null
05,07,2002,null
05,08,2002,null
05,09,2002,null
05,10,2002,null
05,11,2002,null
05,12,2002,null
05,13,2002,null
05,14,2002,null
05,15,2002,null
05,16,2002,null
05,17,2002,null
05,18,2002,null
05,19,2002,null
05,20,2002,null
05,21,2002,null
05,22,2002,null
05,23,2002,null
05,24,2002,null
05,25,2002,null
05,26,2002,null
05,27,2002,null
05,28,2002,null
05,29,2002,null
05,30,2002,null
05,31,2002,null
06,01,2002,null
06,02,2002,null
06,03,2002,null
06,04,2002,null
06,05,2002,null
06,06,2002,null
06,07,2002,null
06,08,2002,null
06,09,2002,null
06,10,2002,null
06,11,2002,null
06,12,2002,null
06,13,2002,null
06,14,2002,null
06,15,2002,null
06,16,2002,null
06,17,2002,null
06,18,2002,null
06,19,2002,null
06,20,2002,null
06,21,2002,null
06,22,2002,null
06,23,2002,null
06,24,2002,null
06,25,2002,null
06,26,2002,null
06,27,2002,null
06,28,2002,null
06,29,2002,null
06,30,2002,null
07,01,2002,null
07,02,2002,null
07,03,2002,null
07,04,2002,null
07,05,2002,null
07,06,2002,null
07,07,2002,null
07,08,2002,null
07,09,2002,null
07,10,2002,null
07,11,2002,null
07,12,2002,null
07,13,2002,null
07,14,2002,null
07,15,2002,null
07,16,2002,null
07,17,2002,null
07,18,2002,null
07,19,2002,null
07,20,2002,null
07,21,2002,null
07,22,2002,null
07,23,2002,null
07,24,2002,null
07,25,2002,null
07,26,2002,null
07,27,2002,null
07,28,2002,null
07,29,2002,null
07,30,2002,null
07,31,2002,null
08,01,2002,null
08,02,2002,null
08,03,2002,null
08,04,2002,null
08,05,2002,null
08,06,2002,null
08,07,2002,null
08,08,2002,null
08,09,2002,null
08,10,2002,null
08,11,2002,null
08,12,2002,null
08,13,2002,null
08,14,2002,null
08,15,2002,null
08,16,2002,null
08,17,2002,null
08,18,2002,null
08,19,2002,null
08,20,2002,null
08,21,2002,null
08,22,2002,null
08,23,2002,null
08,24,2002,null
08,25,2002,null
08,26,2002,null
08,27,2002,null
08,28,2002,null
08,29,2002,null
08,30,2002,null
08,31,2002,null
09,01,2002,null
09,02,2002,null
09,03,2002,null
09,04,2002,null
09,05,2002,null
09,06,2002,null
09,07,2002,null
09,08,2002,null
09,09,2002,null
09,10,2002,null
09,11,2002,null
09,12,2002,null
09,13,2002,null
09,14,2002,null
09,15,2002,null
09,16,2002,null
09,17,2002,null
09,18,2002,null
09,19,2002,null
09,20,2002,null
09,21,2002,null
09,22,2002,null
09,23,2002,null
09,24,2002,null
09,25,2002,null
09,26,2002,null
09,27,2002,null
09,28,2002,null
09,29,2002,null
09,30,2002,null
10,01,2002,null
10,02,2002,null
10,03,2002,null
10,04,2002,null
10,05,2002,null
10,06,2002,null
10,07,2002,null
10,08,2002,null
10,09,2002,null
10,10,2002,null
10,11,2002,null
10,12,2002,null
10,13,2002,null
10,14,2002,null
10,15,2002,null
10,16,2002,null
10,17,2002,null
10,18,2002,null
10,19,2002,null
10,20,2002,null
10,21,2002,null
10,22,2002,null
10,23,2002,null
10,24,2002,null
10,25,2002,null
10,26,2002,null
10,27,2002,null
10,28,2002,null
10,29,2002,null
10,30,2002,null
10,31,2002,null
11,01,2002,null
11,02,2002,null
11,03,2002,null
11,04,2002,null
11,05,2002,null
11,06,2002,null
11,07,2002,null
11,08,2002,null
11,09,2002,null
11,10,2002,null
11,11,2002,null
11,12,2002,null
11,13,2002,null
11,14,2002,null
11,15,2002,null
11,16,2002,null
11,17,2002,null
11,18,2002,null
11,19,2002,null
11,20,2002,null
11,21,2002,null
11,22,2002,null
11,23,2002,null
11,24,2002,null
11,25,2002,null
11,26,2002,null
11,27,2002,null
11,28,2002,null
11,29,2002,null
11,30,2002,null
12,01,2002,null
12,02,2002,null
12,03,2002,null
12,04,2002,null
12,05,2002,null
12,06,2002,null
12,07,2002,null
12,08,2002,null
12,09,2002,null
12,10,2002,null
12,11,2002,null
12,12,2002,null
12,13,2002,null
12,14,2002,null
12,15,2002,null
12,16,2002,null
12,17,2002,null
12,18,2002,null
12,19,2002,null
12,20,2002,null
12,21,2002,null
12,22,2002,null
12,23,2002,null
12,24,2002,null
12,25,2002,null
12,26,2002,null
12,27,2002,null
12,28,2002,null
12,29,2002,null
12,30,2002,null
12,31,2002,null
01,01,2003,null
01,02,2003,null
01,03,2003,null
01,04,2003,null
01,05,2003,null
01,06,2003,null
01,07,2003,null
01,08,2003,null
01,09,2003,null
01,10,2003,null
01,11,2003,null
01,12,2003,null
01,13,2003,null
01,14,2003,null
01,15,2003,null
01,16,2003,null
01,17,2003,null
01,18,2003,null
01,19,2003,null
01,20,2003,null
01,21,2003,null
01,22,2003,null
01,23,2003,null
01,24,2003,null
01,25,2003,null
01,26,2003,null
01,27,2003,null
01,28,2003,null
01,29,2003,null
01,30,2003,null
01,31,2003,null
02,01,2003,null
02,02,2003,null
02,03,2003,null
02,04,2003,null
02,05,2003,null
02,06,2003,null
02,07,2003,null
02,08,2003,null
02,09,2003,null
02,10,2003,null
02,11,2003,null
02,12,2003,null
02,13,2003,null
02,14,2003,null
02,15,2003,null
02,16,2003,null
02,17,2003,null
02,18,2003,null
02,19,2003,null
02,20,2003,null
02,21,2003,null
02,22,2003,null
02,23,2003,null
02,24,2003,null
02,25,2003,null
02,26,2003,null
02,27,2003,null
02,28,2003,null
03,01,2003,null
03,02,2003,null
03,03,2003,null
03,04,2003,null
03,05,2003,null
03,06,2003,null
03,07,2003,null
03,08,2003,null
03,09,2003,null
03,10,2003,null
03,11,2003,null
03,12,2003,null
03,13,2003,null
03,14,2003,null
03,15,2003,null
03,16,2003,null
03,17,2003,null
03,18,2003,null
03,19,2003,null
03,20,2003,null
03,21,2003,null
03,22,2003,null
03,23,2003,null
03,24,2003,null
03,25,2003,null
03,26,2003,null
03,27,2003,null
03,28,2003,null
03,29,2003,null
03,30,2003,null
03,31,2003,null
04,01,2003,null
04,02,2003,null
04,03,2003,null
04,04,2003,null
04,05,2003,null
04,06,2003,null
04,07,2003,null
04,08,2003,null
04,09,2003,null
04,10,2003,null
04,11,2003,null
04,12,2003,null
04,13,2003,null
04,14,2003,null
04,15,2003,null
04,16,2003,null
04,17,2003,null
04,18,2003,null
04,19,2003,null
04,20,2003,null
04,21,2003,null
04,22,2003,null
04,23,2003,null
04,24,2003,null
04,25,2003,null
04,26,2003,null
04,27,2003,null
04,28,2003,null
04,29,2003,null
04,30,2003,null
05,01,2003,null
05,02,2003,null
05,03,2003,null
05,04,2003,null
05,05,2003,null
05,06,2003,null
05,07,2003,null
05,08,2003,null
05,09,2003,null
05,10,2003,null
05,11,2003,null
05,12,2003,null
05,13,2003,null
05,14,2003,null
05,15,2003,null
05,16,2003,null
05,17,2003,null
05,18,2003,null
05,19,2003,null
05,20,2003,null
05,21,2003,null
05,22,2003,null
05,23,2003,null
05,24,2003,null
05,25,2003,null
05,26,2003,null
05,27,2003,null
05,28,2003,null
05,29,2003,null
05,30,2003,null
05,31,2003,null
06,01,2003,null
06,02,2003,null
06,03,2003,null
06,04,2003,null
06,05,2003,null
06,06,2003,null
06,07,2003,null
06,08,2003,null
06,09,2003,null
06,10,2003,null
06,11,2003,null
06,12,2003,null
06,13,2003,null
06,14,2003,null
06,15,2003,null
06,16,2003,null
06,17,2003,null
06,18,2003,null
06,19,2003,null
06,20,2003,null
06,21,2003,null
06,22,2003,null
06,23,2003,null
06,24,2003,null
06,25,2003,null
06,26,2003,null
06,27,2003,null
06,28,2003,null
06,29,2003,null
06,30,2003,null
07,01,2003,null
07,02,2003,null
07,03,2003,null
07,04,2003,null
07,05,2003,null
07,06,2003,null
07,07,2003,null
07,08,2003,null
07,09,2003,null
07,10,2003,null
07,11,2003,null
07,12,2003,null
07,13,2003,null
07,14,2003,null
07,15,2003,null
07,16,2003,null
07,17,2003,null
07,18,2003,null
07,19,2003,null
07,20,2003,null
07,21,2003,null
07,22,2003,null
07,23,2003,null
07,24,2003,null
07,25,2003,null
07,26,2003,null
07,27,2003,null
07,28,2003,null
07,29,2003,null
07,30,2003,null
07,31,2003,null
08,01,2003,null
08,02,2003,null
08,03,2003,null
08,04,2003,null
08,05,2003,null
08,06,2003,null
08,07,2003,null
08,08,2003,null
08,09,2003,null
08,10,2003,null
08,11,2003,null
08,12,2003,null
08,13,2003,null
08,14,2003,null
08,15,2003,null
08,16,2003,null
08,17,2003,null
08,18,2003,null
08,19,2003,null
08,20,2003,null
08,21,2003,null
08,22,2003,null
08,23,2003,null
08,24,2003,null
08,25,2003,null
08,26,2003,null
08,27,2003,null
08,28,2003,null
08,29,2003,null
08,30,2003,null
08,31,2003,null
09,01,2003,null
09,02,2003,null
09,03,2003,null
09,04,2003,null
09,05,2003,null
09,06,2003,null
09,07,2003,null
09,08,2003,null
09,09,2003,null
09,10,2003,null
09,11,2003,null
09,12,2003,null
09,13,2003,null
09,14,2003,null
09,15,2003,null
09,16,2003,null
09,17,2003,null
09,18,2003,null
09,19,2003,null
09,20,2003,null
09,21,2003,null
09,22,2003,null
09,23,2003,null
09,24,2003,null
09,25,2003,null
09,26,2003,null
09,27,2003,null
09,28,2003,null
09,29,2003,null
09,30,2003,null
10,01,2003,null
10,02,2003,null
10,03,2003,null
10,04,2003,null
10,05,2003,null
10,06,2003,null
10,07,2003,null
10,08,2003,null
10,09,2003,null
10,10,2003,null
10,11,2003,null
10,12,2003,null
10,13,2003,null
10,14,2003,null
10,15,2003,null
10,16,2003,null
10,17,2003,null
10,18,2003,null
10,19,2003,null
10,20,2003,null
10,21,2003,null
10,22,2003,null
10,23,2003,null
10,24,2003,null
10,25,2003,null
10,26,2003,null
10,27,2003,null
10,28,2003,null
10,29,2003,null
10,30,2003,null
10,31,2003,null
11,01,2003,null
11,02,2003,null
11,03,2003,null
11,04,2003,null
11,05,2003,null
11,06,2003,null
11,07,2003,null
11,08,2003,null
11,09,2003,null
11,10,2003,null
11,11,2003,null
11,12,2003,null
11,13,2003,null
11,14,2003,null
11,15,2003,null
11,16,2003,null
11,17,2003,null
11,18,2003,null
11,19,2003,null
11,20,2003,null
11,21,2003,null
11,22,2003,null
11,23,2003,null
11,24,2003,null
11,25,2003,null
11,26,2003,null
11,27,2003,null
11,28,2003,null
11,29,2003,null
11,30,2003,null
12,01,2003,null
12,02,2003,null
12,03,2003,null
12,04,2003,null
12,05,2003,null
12,06,2003,null
12,07,2003,null
12,08,2003,null
12,09,2003,null
12,10,2003,null
12,11,2003,null
12,12,2003,null
12,13,2003,null
12,14,2003,null
12,15,2003,null
12,16,2003,null
12,17,2003,null
12,18,2003,null
12,19,2003,null
12,20,2003,null
12,21,2003,null
12,22,2003,null
12,23,2003,null
12,24,2003,null
12,25,2003,null
12,26,2003,null
12,27,2003,null
12,28,2003,null
12,29,2003,null
12,30,2003,null
12,31,2003,null
01,01,2004,null
01,02,2004,null
01,03,2004,null
01,04,2004,null
01,05,2004,null
01,06,2004,null
01,07,2004,null
01,08,2004,null
01,09,2004,null
01,10,2004,null
01,11,2004,null
01,12,2004,null
01,13,2004,null
01,14,2004,null
01,15,2004,null
01,16,2004,null
01,17,2004,null
01,18,2004,null
01,19,2004,null
01,20,2004,null
01,21,2004,null
01,22,2004,null
01,23,2004,null
01,24,2004,null
01,25,2004,null
01,26,2004,null
01,27,2004,null
01,28,2004,null
01,29,2004,null
01,30,2004,null
01,31,2004,null
02,01,2004,null
02,02,2004,null
02,03,2004,null
02,04,2004,null
02,05,2004,null
02,06,2004,null
02,07,2004,null
02,08,2004,null
02,09,2004,null
02,10,2004,null
02,11,2004,null
02,12,2004,null
02,13,2004,null
02,14,2004,null
02,15,2004,null
02,16,2004,null
02,17,2004,null
02,18,2004,null
02,19,2004,null
02,20,2004,null
02,21,2004,null
02,22,2004,null
02,23,2004,null
02,24,2004,null
02,25,2004,null
02,26,2004,null
02,27,2004,null
02,28,2004,null
02,29,2004,null
03,01,2004,null
03,02,2004,null
03,03,2004,null
03,04,2004,null
03,05,2004,null
03,06,2004,null
03,07,2004,null
03,08,2004,null
03,09,2004,null
03,10,2004,null
03,11,2004,null
03,12,2004,null
03,13,2004,null
03,14,2004,null
03,15,2004,null
03,16,2004,null
03,17,2004,null
03,18,2004,null
03,19,2004,null
03,20,2004,null
03,21,2004,null
03,22,2004,null
03,23,2004,null
03,24,2004,null
03,25,2004,null
03,26,2004,null
03,27,2004,null
03,28,2004,null
03,29,2004,null
03,30,2004,null
03,31,2004,null
04,01,2004,null
04,02,2004,null
04,03,2004,null
04,04,2004,null
04,05,2004,null
04,06,2004,null
04,07,2004,null
04,08,2004,null
04,09,2004,null
04,10,2004,null
04,11,2004,null
04,12,2004,null
04,13,2004,null
04,14,2004,null
04,15,2004,null
04,16,2004,null
04,17,2004,null
04,18,2004,null
04,19,2004,null
04,20,2004,null
04,21,2004,null
04,22,2004,null
04,23,2004,null
04,24,2004,null
04,25,2004,null
04,26,2004,null
04,27,2004,null
04,28,2004,null
04,29,2004,null
04,30,2004,null
05,01,2004,null
05,02,2004,null
05,03,2004,null
05,04,2004,null
05,05,2004,null
05,06,2004,null
05,07,2004,null
05,08,2004,null
05,09,2004,null
05,10,2004,null
05,11,2004,null
05,12,2004,null
05,13,2004,null
05,14,2004,null
05,15,2004,null
05,16,2004,null
05,17,2004,null
05,18,2004,null
05,19,2004,null
05,20,2004,null
05,21,2004,null
05,22,2004,null
05,23,2004,null
05,24,2004,null
05,25,2004,null
05,26,2004,null
05,27,2004,null
05,28,2004,null
05,29,2004,null
05,30,2004,null
05,31,2004,null
06,01,2004,null
06,02,2004,null
06,03,2004,null
06,04,2004,null
06,05,2004,null
06,06,2004,null
06,07,2004,null
06,08,2004,null
06,09,2004,null
06,10,2004,null
06,11,2004,null
06,12,2004,null
06,13,2004,null
06,14,2004,null
06,15,2004,null
06,16,2004,null
06,17,2004,null
06,18,2004,null
06,19,2004,null
06,20,2004,null
06,21,2004,null
06,22,2004,null
06,23,2004,null
06,24,2004,null
06,25,2004,null
06,26,2004,null
06,27,2004,null
06,28,2004,null
06,29,2004,null
06,30,2004,null
07,01,2004,null
07,02,2004,null
07,03,2004,null
07,04,2004,null
07,05,2004,null
07,06,2004,null
07,07,2004,null
07,08,2004,null
07,09,2004,null
07,10,2004,null
07,11,2004,null
07,12,2004,null
07,13,2004,null
07,14,2004,null
07,15,2004,null
07,16,2004,null
07,17,2004,null
07,18,2004,null
07,19,2004,null
07,20,2004,null
07,21,2004,null
07,22,2004,null
07,23,2004,null
07,24,2004,null
07,25,2004,null
07,26,2004,null
07,27,2004,null
07,28,2004,null
07,29,2004,null
07,30,2004,null
07,31,2004,null
08,01,2004,null
08,02,2004,null
08,03,2004,null
08,04,2004,null
08,05,2004,null
08,06,2004,null
08,07,2004,null
08,08,2004,null
08,09,2004,null
08,10,2004,null
08,11,2004,null
08,12,2004,null
08,13,2004,null
08,14,2004,null
08,15,2004,null
08,16,2004,null
08,17,2004,null
08,18,2004,null
08,19,2004,null
08,20,2004,null
08,21,2004,null
08,22,2004,null
08,23,2004,null
08,24,2004,null
08,25,2004,null
08,26,2004,null
08,27,2004,null
08,28,2004,null
08,29,2004,null
08,30,2004,null
08,31,2004,null
09,01,2004,null
09,02,2004,null
09,03,2004,null
09,04,2004,null
09,05,2004,null
09,06,2004,null
09,07,2004,null
09,08,2004,null
09,09,2004,null
09,10,2004,null
09,11,2004,null
09,12,2004,null
09,13,2004,null
09,14,2004,null
09,15,2004,null
09,16,2004,null
09,17,2004,null
09,18,2004,null
09,19,2004,null
09,20,2004,null
09,21,2004,null
09,22,2004,null
09,23,2004,null
09,24,2004,null
09,25,2004,null
09,26,2004,null
09,27,2004,null
09,28,2004,null
09,29,2004,null
09,30,2004,null
10,01,2004,null
10,02,2004,null
10,03,2004,null
10,04,2004,null
10,05,2004,null
10,06,2004,null
10,07,2004,null
10,08,2004,null
10,09,2004,null
10,10,2004,null
10,11,2004,null
10,12,2004,null
10,13,2004,null
10,14,2004,null
10,15,2004,null
10,16,2004,null
10,17,2004,null
10,18,2004,null
10,19,2004,null
10,20,2004,null
10,21,2004,null
10,22,2004,null
10,23,2004,null
10,24,2004,null
10,25,2004,null
10,26,2004,null
10,27,2004,null
10,28,2004,null
10,29,2004,null
10,30,2004,null
10,31,2004,null
11,01,2004,null
11,02,2004,null
11,03,2004,null
11,04,2004,null
11,05,2004,null
11,06,2004,null
11,07,2004,null
11,08,2004,null
11,09,2004,null
11,10,2004,null
11,11,2004,null
11,12,2004,null
11,13,2004,null
11,14,2004,null
11,15,2004,null
11,16,2004,null
11,17,2004,null
11,18,2004,null
11,19,2004,null
11,20,2004,null
11,21,2004,null
11,22,2004,null
11,23,2004,null
11,24,2004,null
11,25,2004,null
11,26,2004,null
11,27,2004,null
11,28,2004,null
11,29,2004,null
11,30,2004,null
12,01,2004,null
12,02,2004,null
12,03,2004,null
12,04,2004,null
12,05,2004,null
12,06,2004,null
12,07,2004,null
12,08,2004,null
12,09,2004,null
12,10,2004,null
12,11,2004,null
12,12,2004,null
12,13,2004,null
12,14,2004,null
12,15,2004,null
12,16,2004,null
12,17,2004,null
12,18,2004,null
12,19,2004,null
12,20,2004,null
12,21,2004,null
12,22,2004,null
12,23,2004,null
12,24,2004,null
12,25,2004,null
12,26,2004,null
12,27,2004,null
12,28,2004,null
12,29,2004,null
12,30,2004,null
12,31,2004,null
01,01,2005,null
01,02,2005,null
01,03,2005,null
01,04,2005,null
01,05,2005,null
01,06,2005,null
01,07,2005,null
01,08,2005,null
01,09,2005,null
01,10,2005,null
01,11,2005,null
01,12,2005,null
01,13,2005,null
01,14,2005,null
01,15,2005,null
01,16,2005,null
01,17,2005,null
01,18,2005,null
01,19,2005,null
01,20,2005,null
01,21,2005,null
01,22,2005,null
01,23,2005,null
01,24,2005,null
01,25,2005,null
01,26,2005,null
01,27,2005,null
01,28,2005,null
01,29,2005,null
01,30,2005,null
01,31,2005,null
02,01,2005,null
02,02,2005,null
02,03,2005,null
02,04,2005,null
02,05,2005,null
02,06,2005,null
02,07,2005,null
02,08,2005,null
02,09,2005,null
02,10,2005,null
02,11,2005,null
02,12,2005,null
02,13,2005,null
02,14,2005,null
02,15,2005,null
02,16,2005,null
02,17,2005,null
02,18,2005,null
02,19,2005,null
02,20,2005,null
02,21,2005,null
02,22,2005,null
02,23,2005,null
02,24,2005,null
02,25,2005,null
02,26,2005,null
02,27,2005,null
02,28,2005,null
03,01,2005,null
03,02,2005,null
03,03,2005,null
03,04,2005,null
03,05,2005,null
03,06,2005,null
03,07,2005,null
03,08,2005,null
03,09,2005,null
03,10,2005,null
03,11,2005,null
03,12,2005,null
03,13,2005,null
03,14,2005,null
03,15,2005,null
03,16,2005,null
03,17,2005,null
03,18,2005,null
03,19,2005,null
03,20,2005,null
03,21,2005,null
03,22,2005,null
03,23,2005,null
03,24,2005,null
03,25,2005,null
03,26,2005,null
03,27,2005,null
03,28,2005,null
03,29,2005,null
03,30,2005,null
03,31,2005,null
04,01,2005,null
04,02,2005,null
04,03,2005,null
04,04,2005,null
04,05,2005,null
04,06,2005,null
04,07,2005,null
04,08,2005,null
04,09,2005,null
04,10,2005,null
04,11,2005,null
04,12,2005,null
04,13,2005,null
04,14,2005,null
04,15,2005,null
04,16,2005,null
04,17,2005,null
04,18,2005,null
04,19,2005,null
04,20,2005,null
04,21,2005,null
04,22,2005,null
04,23,2005,null
04,24,2005,null
04,25,2005,null
04,26,2005,null
04,27,2005,null
04,28,2005,null
04,29,2005,null
04,30,2005,null
05,01,2005,null
05,02,2005,null
05,03,2005,null
05,04,2005,null
05,05,2005,null
05,06,2005,null
05,07,2005,null
05,08,2005,null
05,09,2005,null
05,10,2005,null
05,11,2005,null
05,12,2005,null
05,13,2005,null
05,14,2005,null
05,15,2005,null
05,16,2005,null
05,17,2005,null
05,18,2005,null
05,19,2005,null
05,20,2005,null
05,21,2005,null
05,22,2005,null
05,23,2005,null
05,24,2005,null
05,25,2005,null
05,26,2005,null
05,27,2005,null
05,28,2005,null
05,29,2005,null
05,30,2005,null
05,31,2005,null
06,01,2005,null
06,02,2005,null
06,03,2005,null
06,04,2005,null
06,05,2005,null
06,06,2005,null
06,07,2005,null
06,08,2005,null
06,09,2005,null
06,10,2005,null
06,11,2005,null
06,12,2005,null
06,13,2005,null
06,14,2005,null
06,15,2005,null
06,16,2005,null
06,17,2005,null
06,18,2005,null
06,19,2005,null
06,20,2005,null
06,21,2005,null
06,22,2005,null
06,23,2005,null
06,24,2005,null
06,25,2005,null
06,26,2005,null
06,27,2005,null
06,28,2005,null
06,29,2005,null
06,30,2005,null
07,01,2005,null
07,02,2005,null
07,03,2005,null
07,04,2005,null
07,05,2005,null
07,06,2005,null
07,07,2005,null
07,08,2005,null
07,09,2005,null
07,10,2005,null
07,11,2005,null
07,12,2005,null
07,13,2005,null
07,14,2005,null
07,15,2005,null
07,16,2005,null
07,17,2005,null
07,18,2005,null
07,19,2005,null
07,20,2005,null
07,21,2005,null
07,22,2005,null
07,23,2005,null
07,24,2005,null
07,25,2005,null
07,26,2005,null
07,27,2005,null
07,28,2005,null
07,29,2005,null
07,30,2005,null
07,31,2005,null
08,01,2005,null
08,02,2005,null
08,03,2005,null
08,04,2005,null
08,05,2005,null
08,06,2005,null
08,07,2005,null
08,08,2005,null
08,09,2005,null
08,10,2005,null
08,11,2005,null
08,12,2005,null
08,13,2005,null
08,14,2005,null
08,15,2005,null
08,16,2005,null
08,17,2005,null
08,18,2005,null
08,19,2005,null
08,20,2005,null
08,21,2005,null
08,22,2005,null
08,23,2005,null
08,24,2005,null
08,25,2005,null
08,26,2005,null
08,27,2005,null
08,28,2005,null
08,29,2005,null
08,30,2005,null
08,31,2005,null
09,01,2005,null
09,02,2005,null
09,03,2005,null
09,04,2005,null
09,05,2005,null
09,06,2005,null
09,07,2005,null
09,08,2005,null
09,09,2005,null
09,10,2005,null
09,11,2005,null
09,12,2005,null
09,13,2005,null
09,14,2005,null
09,15,2005,null
09,16,2005,null
09,17,2005,null
09,18,2005,null
09,19,2005,null
09,20,2005,null
09,21,2005,null
09,22,2005,null
09,23,2005,null
09,24,2005,null
09,25,2005,null
09,26,2005,null
09,27,2005,null
09,28,2005,null
09,29,2005,null
09,30,2005,null
10,01,2005,null
10,02,2005,null
10,03,2005,null
10,04,2005,null
10,05,2005,null
10,06,2005,null
10,07,2005,null
10,08,2005,null
10,09,2005,null
10,10,2005,null
10,11,2005,null
10,12,2005,null
10,13,2005,null
10,14,2005,null
10,15,2005,null
10,16,2005,null
10,17,2005,null
10,18,2005,null
10,19,2005,null
10,20,2005,null
10,21,2005,null
10,22,2005,null
10,23,2005,null
10,24,2005,null
10,25,2005,null
10,26,2005,null
10,27,2005,null
10,28,2005,null
10,29,2005,null
10,30,2005,null
10,31,2005,null
11,01,2005,null
11,02,2005,null
11,03,2005,null
11,04,2005,null
11,05,2005,null
11,06,2005,null
11,07,2005,null
11,08,2005,null
11,09,2005,null
11,10,2005,null
11,11,2005,null
11,12,2005,null
11,13,2005,null
11,14,2005,null
11,15,2005,null
11,16,2005,null
11,17,2005,null
11,18,2005,null
11,19,2005,null
11,20,2005,null
11,21,2005,null
11,22,2005,null
11,23,2005,null
11,24,2005,null
11,25,2005,null
11,26,2005,null
11,27,2005,null
11,28,2005,null
11,29,2005,null
11,30,2005,null
12,01,2005,null
12,02,2005,null
12,03,2005,null
12,04,2005,null
12,05,2005,null
12,06,2005,null
12,07,2005,null
12,08,2005,null
12,09,2005,null
12,10,2005,null
12,11,2005,null
12,12,2005,null
12,13,2005,null
12,14,2005,null
12,15,2005,null
12,16,2005,null
12,17,2005,null
12,18,2005,null
12,19,2005,null
12,20,2005,null
12,21,2005,null
12,22,2005,null
12,23,2005,null
12,24,2005,null
12,25,2005,null
12,26,2005,null
12,27,2005,null
12,28,2005,null
12,29,2005,null
12,30,2005,null
12,31,2005,null
01,01,2006,null
01,02,2006,null
01,03,2006,null
01,04,2006,null
01,05,2006,null
01,06,2006,null
01,07,2006,null
01,08,2006,null
01,09,2006,null
01,10,2006,null
01,11,2006,null
01,12,2006,null
01,13,2006,null
01,14,2006,null
01,15,2006,null
01,16,2006,null
01,17,2006,null
01,18,2006,null
01,19,2006,null
01,20,2006,null
01,21,2006,null
01,22,2006,null
01,23,2006,null
01,24,2006,null
01,25,2006,null
01,26,2006,null
01,27,2006,null
01,28,2006,null
01,29,2006,null
01,30,2006,null
01,31,2006,null
02,01,2006,null
02,02,2006,null
02,03,2006,null
02,04,2006,null
02,05,2006,null
02,06,2006,null
02,07,2006,null
02,08,2006,null
02,09,2006,null
02,10,2006,null
02,11,2006,null
02,12,2006,null
02,13,2006,null
02,14,2006,null
02,15,2006,null
02,16,2006,null
02,17,2006,null
02,18,2006,null
02,19,2006,null
02,20,2006,null
02,21,2006,null
02,22,2006,null
02,23,2006,null
02,24,2006,null
02,25,2006,null
02,26,2006,null
02,27,2006,null
02,28,2006,null
03,01,2006,null
03,02,2006,null
03,03,2006,null
03,04,2006,null
03,05,2006,null
03,06,2006,null
03,07,2006,null
03,08,2006,null
03,09,2006,null
03,10,2006,null
03,11,2006,null
03,12,2006,null
03,13,2006,null
03,14,2006,null
03,15,2006,null
03,16,2006,null
03,17,2006,null
03,18,2006,null
03,19,2006,null
03,20,2006,null
03,21,2006,null
03,22,2006,null
03,23,2006,null
03,24,2006,null
03,25,2006,null
03,26,2006,null
03,27,2006,null
03,28,2006,null
03,29,2006,null
03,30,2006,null
03,31,2006,null
04,01,2006,null
04,02,2006,null
04,03,2006,null
04,04,2006,null
04,05,2006,null
04,06,2006,null
04,07,2006,null
04,08,2006,null
04,09,2006,null
04,10,2006,null
04,11,2006,null
04,12,2006,null
04,13,2006,null
04,14,2006,null
04,15,2006,null
04,16,2006,null
04,17,2006,null
04,18,2006,null
04,19,2006,null
04,20,2006,null
04,21,2006,null
04,22,2006,null
04,23,2006,null
04,24,2006,null
04,25,2006,null
04,26,2006,null
04,27,2006,null
04,28,2006,null
04,29,2006,null
04,30,2006,null
05,01,2006,null
05,02,2006,null
05,03,2006,null
05,04,2006,null
05,05,2006,null
05,06,2006,null
05,07,2006,null
05,08,2006,null
05,09,2006,null
05,10,2006,null
05,11,2006,null
05,12,2006,null
05,13,2006,null
05,14,2006,null
05,15,2006,null
05,16,2006,null
05,17,2006,null
05,18,2006,null
05,19,2006,null
05,20,2006,null
05,21,2006,null
05,22,2006,null
05,23,2006,null
05,24,2006,null
05,25,2006,null
05,26,2006,null
05,27,2006,null
05,28,2006,null
05,29,2006,null
05,30,2006,null
05,31,2006,null
06,01,2006,null
06,02,2006,null
06,03,2006,null
06,04,2006,null
06,05,2006,null
06,06,2006,null
06,07,2006,null
06,08,2006,null
06,09,2006,null
06,10,2006,null
06,11,2006,null
06,12,2006,null
06,13,2006,null
06,14,2006,null
06,15,2006,null
06,16,2006,null
06,17,2006,null
06,18,2006,null
06,19,2006,null
06,20,2006,null
06,21,2006,null
06,22,2006,null
06,23,2006,null
06,24,2006,null
06,25,2006,null
06,26,2006,null
06,27,2006,null
06,28,2006,null
06,29,2006,null
06,30,2006,null
07,01,2006,null
07,02,2006,null
07,03,2006,null
07,04,2006,null
07,05,2006,null
07,06,2006,null
07,07,2006,null
07,08,2006,null
07,09,2006,null
07,10,2006,null
07,11,2006,null
07,12,2006,null
07,13,2006,null
07,14,2006,null
07,15,2006,null
07,16,2006,null
07,17,2006,null
07,18,2006,null
07,19,2006,null
07,20,2006,null
07,21,2006,null
07,22,2006,null
07,23,2006,null
07,24,2006,null
07,25,2006,null
07,26,2006,null
07,27,2006,null
07,28,2006,null
07,29,2006,null
07,30,2006,null
07,31,2006,null
08,01,2006,null
08,02,2006,null
08,03,2006,null
08,04,2006,null
08,05,2006,null
08,06,2006,null
08,07,2006,null
08,08,2006,null
08,09,2006,null
08,10,2006,null
08,11,2006,null
08,12,2006,null
08,13,2006,null
08,14,2006,null
08,15,2006,null
08,16,2006,null
08,17,2006,null
08,18,2006,null
08,19,2006,null
08,20,2006,null
08,21,2006,null
08,22,2006,null
08,23,2006,null
08,24,2006,null
08,25,2006,null
08,26,2006,null
08,27,2006,null
08,28,2006,null
08,29,2006,null
08,30,2006,null
08,31,2006,null
09,01,2006,null
09,02,2006,null
09,03,2006,null
09,04,2006,null
09,05,2006,null
09,06,2006,null
09,07,2006,null
09,08,2006,null
09,09,2006,null
09,10,2006,null
09,11,2006,null
09,12,2006,null
09,13,2006,null
09,14,2006,null
09,15,2006,null
09,16,2006,null
09,17,2006,null
09,18,2006,null
09,19,2006,null
09,20,2006,null
09,21,2006,null
09,22,2006,null
09,23,2006,null
09,24,2006,null
09,25,2006,null
09,26,2006,null
09,27,2006,null
09,28,2006,null
09,29,2006,null
09,30,2006,null
10,01,2006,null
10,02,2006,null
10,03,2006,null
10,04,2006,null
10,05,2006,null
10,06,2006,null
10,07,2006,null
10,08,2006,null
10,09,2006,null
10,10,2006,null
10,11,2006,null
10,12,2006,null
10,13,2006,null
10,14,2006,null
10,15,2006,null
10,16,2006,null
10,17,2006,null
10,18,2006,null
10,19,2006,null
10,20,2006,null
10,21,2006,null
10,22,2006,null
10,23,2006,null
10,24,2006,null
10,25,2006,null
10,26,2006,null
10,27,2006,null
10,28,2006,null
10,29,2006,null
10,30,2006,null
10,31,2006,null
11,01,2006,null
11,02,2006,null
11,03,2006,null
11,04,2006,null
11,05,2006,null
11,06,2006,null
11,07,2006,null
11,08,2006,null
11,09,2006,null
11,10,2006,null
11,11,2006,null
11,12,2006,null
11,13,2006,null
11,14,2006,null
11,15,2006,null
11,16,2006,null
11,17,2006,null
11,18,2006,null
11,19,2006,null
11,20,2006,null
11,21,2006,null
11,22,2006,null
11,23,2006,null
11,24,2006,null
11,25,2006,null
11,26,2006,null
11,27,2006,null
11,28,2006,null
11,29,2006,null
11,30,2006,null
12,01,2006,null
12,02,2006,null
12,03,2006,null
12,04,2006,null
12,05,2006,null
12,06,2006,null
12,07,2006,null
12,08,2006,null
12,09,2006,null
12,10,2006,null
12,11,2006,null
12,12,2006,null
12,13,2006,null
12,14,2006,null
12,15,2006,null
12,16,2006,null
12,17,2006,null
12,18,2006,null
12,19,2006,null
12,20,2006,null
12,21,2006,null
12,22,2006,null
12,23,2006,null
12,24,2006,null
12,25,2006,null
12,26,2006,null
12,27,2006,null
12,28,2006,null
12,29,2006,null
12,30,2006,null
12,31,2006,null
01,01,2007,null
01,02,2007,null
01,03,2007,null
01,04,2007,null
01,05,2007,null
01,06,2007,null
01,07,2007,null
01,08,2007,null
01,09,2007,null
01,10,2007,null
01,11,2007,null
01,12,2007,null
01,13,2007,null
01,14,2007,null
01,15,2007,null
01,16,2007,null
01,17,2007,null
01,18,2007,null
01,19,2007,null
01,20,2007,null
01,21,2007,null
01,22,2007,null
01,23,2007,null
01,24,2007,null
01,25,2007,null
01,26,2007,null
01,27,2007,null
01,28,2007,null
01,29,2007,null
01,30,2007,null
01,31,2007,null
02,01,2007,null
02,02,2007,null
02,03,2007,null
02,04,2007,null
02,05,2007,null
02,06,2007,null
02,07,2007,null
02,08,2007,null
02,09,2007,null
02,10,2007,null
02,11,2007,null
02,12,2007,null
02,13,2007,null
02,14,2007,null
02,15,2007,null
02,16,2007,null
02,17,2007,null
02,18,2007,null
02,19,2007,null
02,20,2007,null
02,21,2007,null
02,22,2007,null
02,23,2007,null
02,24,2007,null
02,25,2007,null
02,26,2007,null
02,27,2007,null
02,28,2007,null
03,01,2007,null
03,02,2007,null
03,03,2007,null
03,04,2007,null
03,05,2007,null
03,06,2007,null
03,07,2007,null
03,08,2007,null
03,09,2007,null
03,10,2007,null
03,11,2007,null
03,12,2007,null
03,13,2007,null
03,14,2007,null
03,15,2007,null
03,16,2007,null
03,17,2007,null
03,18,2007,null
03,19,2007,null
03,20,2007,null
03,21,2007,null
03,22,2007,null
03,23,2007,null
03,24,2007,null
03,25,2007,null
03,26,2007,null
03,27,2007,null
03,28,2007,null
03,29,2007,null
03,30,2007,null
03,31,2007,null
04,01,2007,null
04,02,2007,null
04,03,2007,null
04,04,2007,null
04,05,2007,null
04,06,2007,null
04,07,2007,null
04,08,2007,null
04,09,2007,null
04,10,2007,null
04,11,2007,null
04,12,2007,null
04,13,2007,null
04,14,2007,null
04,15,2007,null
04,16,2007,null
04,17,2007,null
04,18,2007,null
04,19,2007,null
04,20,2007,null
04,21,2007,null
04,22,2007,null
04,23,2007,null
04,24,2007,null
04,25,2007,null
04,26,2007,null
04,27,2007,null
04,28,2007,null
04,29,2007,null
04,30,2007,null
05,01,2007,null
05,02,2007,null
05,03,2007,null
05,04,2007,null
05,05,2007,null
05,06,2007,null
05,07,2007,null
05,08,2007,null
05,09,2007,null
05,10,2007,null
05,11,2007,null
05,12,2007,null
05,13,2007,null
05,14,2007,null
05,15,2007,null
05,16,2007,null
05,17,2007,null
05,18,2007,null
05,19,2007,null
05,20,2007,null
05,21,2007,null
05,22,2007,null
05,23,2007,null
05,24,2007,null
05,25,2007,null
05,26,2007,null
05,27,2007,null
05,28,2007,null
05,29,2007,null
05,30,2007,null
05,31,2007,null
06,01,2007,null
06,02,2007,null
06,03,2007,null
06,04,2007,null
06,05,2007,null
06,06,2007,null
06,07,2007,null
06,08,2007,null
06,09,2007,null
06,10,2007,null
06,11,2007,null
06,12,2007,null
06,13,2007,null
06,14,2007,null
06,15,2007,null
06,16,2007,null
06,17,2007,null
06,18,2007,null
06,19,2007,null
06,20,2007,null
06,21,2007,null
06,22,2007,null
06,23,2007,null
06,24,2007,null
06,25,2007,null
06,26,2007,null
06,27,2007,null
06,28,2007,null
06,29,2007,null
06,30,2007,null
07,01,2007,null
07,02,2007,null
07,03,2007,null
07,04,2007,null
07,05,2007,null
07,06,2007,null
07,07,2007,null
07,08,2007,null
07,09,2007,null
07,10,2007,null
07,11,2007,null
07,12,2007,null
07,13,2007,null
07,14,2007,null
07,15,2007,null
07,16,2007,null
07,17,2007,null
07,18,2007,null
07,19,2007,null
07,20,2007,null
07,21,2007,null
07,22,2007,null
07,23,2007,null
07,24,2007,null
07,25,2007,null
07,26,2007,null
07,27,2007,null
07,28,2007,null
07,29,2007,null
07,30,2007,null
07,31,2007,null
08,01,2007,null
08,02,2007,null
08,03,2007,null
08,04,2007,null
08,05,2007,null
08,06,2007,null
08,07,2007,null
08,08,2007,null
08,09,2007,null
08,10,2007,null
08,11,2007,null
08,12,2007,null
08,13,2007,null
08,14,2007,null
08,15,2007,null
08,16,2007,null
08,17,2007,null
08,18,2007,null
08,19,2007,null
08,20,2007,null
08,21,2007,null
08,22,2007,null
08,23,2007,null
08,24,2007,null
08,25,2007,null
08,26,2007,null
08,27,2007,null
08,28,2007,null
08,29,2007,null
08,30,2007,null
08,31,2007,null
09,01,2007,null
09,02,2007,null
09,03,2007,null
09,04,2007,null
09,05,2007,null
09,06,2007,null
09,07,2007,null
09,08,2007,null
09,09,2007,null
09,10,2007,null
09,11,2007,null
09,12,2007,null
09,13,2007,null
09,14,2007,null
09,15,2007,null
09,16,2007,null
09,17,2007,null
09,18,2007,null
09,19,2007,null
09,20,2007,null
09,21,2007,null
09,22,2007,null
09,23,2007,null
09,24,2007,null
09,25,2007,null
09,26,2007,null
09,27,2007,null
09,28,2007,null
09,29,2007,null
09,30,2007,null
10,01,2007,null
10,02,2007,null
10,03,2007,null
10,04,2007,null
10,05,2007,null
10,06,2007,null
10,07,2007,null
10,08,2007,null
10,09,2007,null
10,10,2007,null
10,11,2007,null
10,12,2007,null
10,13,2007,null
10,14,2007,null
10,15,2007,null
10,16,2007,null
10,17,2007,null
10,18,2007,null
10,19,2007,null
10,20,2007,null
10,21,2007,null
10,22,2007,null
10,23,2007,null
10,24,2007,null
10,25,2007,null
10,26,2007,null
10,27,2007,null
10,28,2007,null
10,29,2007,null
10,30,2007,null
10,31,2007,null
11,01,2007,null
11,02,2007,null
11,03,2007,null
11,04,2007,null
11,05,2007,null
11,06,2007,null
11,07,2007,null
11,08,2007,null
11,09,2007,null
11,10,2007,null
11,11,2007,null
11,12,2007,null
11,13,2007,null
11,14,2007,null
11,15,2007,null
11,16,2007,null
11,17,2007,null
11,18,2007,null
11,19,2007,null
11,20,2007,null
11,21,2007,null
11,22,2007,null
11,23,2007,null
11,24,2007,null
11,25,2007,null
11,26,2007,null
11,27,2007,null
11,28,2007,null
11,29,2007,null
11,30,2007,null
12,01,2007,null
12,02,2007,null
12,03,2007,null
12,04,2007,null
12,05,2007,null
12,06,2007,null
12,07,2007,null
12,08,2007,null
12,09,2007,null
12,10,2007,null
12,11,2007,null
12,12,2007,null
12,13,2007,null
12,14,2007,null
12,15,2007,null
12,16,2007,null
12,17,2007,null
12,18,2007,null
12,19,2007,null
12,20,2007,null
12,21,2007,null
12,22,2007,null
12,23,2007,null
12,24,2007,null
12,25,2007,null
12,26,2007,null
12,27,2007,null
12,28,2007,null
12,29,2007,null
12,30,2007,null
12,31,2007,null
01,01,2008,null
01,02,2008,null
01,03,2008,null
01,04,2008,null
01,05,2008,null
01,06,2008,null
01,07,2008,null
01,08,2008,null
01,09,2008,null
01,10,2008,null
01,11,2008,null
01,12,2008,null
01,13,2008,null
01,14,2008,null
01,15,2008,null
01,16,2008,null
01,17,2008,null
01,18,2008,null
01,19,2008,null
01,20,2008,null
01,21,2008,null
01,22,2008,null
01,23,2008,null
01,24,2008,null
01,25,2008,null
01,26,2008,null
01,27,2008,null
01,28,2008,null
01,29,2008,null
01,30,2008,null
01,31,2008,null
02,01,2008,null
02,02,2008,null
02,03,2008,null
02,04,2008,null
02,05,2008,null
02,06,2008,null
02,07,2008,null
02,08,2008,null
02,09,2008,null
02,10,2008,null
02,11,2008,null
02,12,2008,null
02,13,2008,null
02,14,2008,null
02,15,2008,null
02,16,2008,null
02,17,2008,null
02,18,2008,null
02,19,2008,null
02,20,2008,null
02,21,2008,null
02,22,2008,null
02,23,2008,null
02,24,2008,null
02,25,2008,null
02,26,2008,null
02,27,2008,null
02,28,2008,null
02,29,2008,null
03,01,2008,null
03,02,2008,null
03,03,2008,null
03,04,2008,null
03,05,2008,null
03,06,2008,null
03,07,2008,null
03,08,2008,null
03,09,2008,null
03,10,2008,null
03,11,2008,null
03,12,2008,null
03,13,2008,null
03,14,2008,null
03,15,2008,null
03,16,2008,null
03,17,2008,null
03,18,2008,null
03,19,2008,null
03,20,2008,null
03,21,2008,null
03,22,2008,null
03,23,2008,null
03,24,2008,null
03,25,2008,null
03,26,2008,null
03,27,2008,null
03,28,2008,null
03,29,2008,null
03,30,2008,null
03,31,2008,null
04,01,2008,null
04,02,2008,null
04,03,2008,null
04,04,2008,null
04,05,2008,null
04,06,2008,null
04,07,2008,null
04,08,2008,null
04,09,2008,null
04,10,2008,null
04,11,2008,null
04,12,2008,null
04,13,2008,null
04,14,2008,null
04,15,2008,null
04,16,2008,null
04,17,2008,null
04,18,2008,null
04,19,2008,null
04,20,2008,null
04,21,2008,null
04,22,2008,null
04,23,2008,null
04,24,2008,null
04,25,2008,null
04,26,2008,null
04,27,2008,null
04,28,2008,null
04,29,2008,null
04,30,2008,null
05,01,2008,null
05,02,2008,null
05,03,2008,null
05,04,2008,null
05,05,2008,null
05,06,2008,null
05,07,2008,null
05,08,2008,null
05,09,2008,null
05,10,2008,null
05,11,2008,null
05,12,2008,null
05,13,2008,null
05,14,2008,null
05,15,2008,null
05,16,2008,null
05,17,2008,null
05,18,2008,null
05,19,2008,null
05,20,2008,null
05,21,2008,null
05,22,2008,null
05,23,2008,null
05,24,2008,null
05,25,2008,null
05,26,2008,null
05,27,2008,null
05,28,2008,null
05,29,2008,null
05,30,2008,null
05,31,2008,null
06,01,2008,1.5
06,02,2008,19.3
06,03,2008,4.2
06,04,2008,0.0
06,05,2008,0.0
06,06,2008,1.0
06,07,2008,5.5
06,08,2008,5.8
06,09,2008,11.3
06,10,2008,0.0
06,11,2008,40.0
06,12,2008,8.0
06,13,2008,9.0
06,14,2008,2.0
06,15,2008,0.0
06,16,2008,8.1
06,17,2008,0.0
06,18,2008,0.0
06,19,2008,0.0
06,20,2008,0.0
06,21,2008,0.0
06,22,2008,1.0
06,23,2008,0.0
06,24,2008,0.0
06,25,2008,0.0
06,26,2008,4.8
06,27,2008,9.5
06,28,2008,1.0
06,29,2008,0.0
06,30,2008,0.0
07,01,2008,0.0
07,02,2008,0.0
07,03,2008,0.0
07,04,2008,0.0
07,05,2008,6.4
07,06,2008,4.0
07,07,2008,7.8
07,08,2008,2.0
07,09,2008,5.5
07,10,2008,0.0
07,11,2008,0.0
07,12,2008,0.0
07,13,2008,0.0
07,14,2008,0.0
07,15,2008,0.0
07,16,2008,0.0
07,17,2008,0.0
07,18,2008,0.0
07,19,2008,31.0
07,20,2008,11.5
07,21,2008,8.5
07,22,2008,0.0
07,23,2008,0.0
07,24,2008,0.0
07,25,2008,0.0
07,26,2008,3.0
07,27,2008,0.0
07,28,2008,0.0
07,29,2008,0.0
07,30,2008,4.8
07,31,2008,0.0
08,01,2008,1.5
08,02,2008,0.0
08,03,2008,3.0
08,04,2008,0.0
08,05,2008,2.0
08,06,2008,0.0
08,07,2008,0.0
08,08,2008,2.0
08,09,2008,18.0
08,10,2008,0.0
08,11,2008,0.0
08,12,2008,0.0
08,13,2008,2.0
08,14,2008,4.6
08,15,2008,0.0
08,16,2008,0.0
08,17,2008,1.0
08,18,2008,0.0
08,19,2008,0.0
08,20,2008,2.0
08,21,2008,1.0
08,22,2008,0.0
08,23,2008,0.0
08,24,2008,0.0
08,25,2008,0.0
08,26,2008,0.0
08,27,2008,0.0
08,28,2008,3.0
08,29,2008,1.6
08,30,2008,6.5
08,31,2008,0.0
09,01,2008,1.7
09,02,2008,0.0
09,03,2008,7.0
09,04,2008,9.0
09,05,2008,40.0
09,06,2008,20.0
09,07,2008,56.6
09,08,2008,11.5
09,09,2008,0.0
09,10,2008,0.0
09,11,2008,0.0
09,12,2008,0.0
09,13,2008,0.0
09,14,2008,5.0
09,15,2008,60.4
09,16,2008,12.0
09,17,2008,28.5
09,18,2008,3.0
09,19,2008,2.0
09,20,2008,18.5
09,21,2008,20.0
09,22,2008,20.0
09,23,2008,41.0
09,24,2008,103.0
09,25,2008,130.5
09,26,2008,1.0
09,27,2008,1.0
09,28,2008,2.0
09,29,2008,0.0
09,30,2008,0.0
10,01,2008,0.0
10,02,2008,0.0
10,03,2008,0.0
10,04,2008,0.0
10,05,2008,0.0
10,06,2008,8.5
10,07,2008,37.5
10,08,2008,20.0
10,09,2008,5.0
10,10,2008,2.0
10,11,2008,2.0
10,12,2008,20.0
10,13,2008,8.0
10,14,2008,0.0
10,15,2008,2.0
10,16,2008,31.5
10,17,2008,31.5
10,18,2008,33.7
10,19,2008,20.0
10,20,2008,2.7
10,21,2008,0.0
10,22,2008,0.0
10,23,2008,0.0
10,24,2008,0.0
10,25,2008,0.0
10,26,2008,3.4
10,27,2008,47.7
10,28,2008,5.9
10,29,2008,1.0
10,30,2008,10.0
10,31,2008,0.0
11,01,2008,5.4
11,02,2008,0.0
11,03,2008,0.0
11,04,2008,0.0
11,05,2008,0.0
11,06,2008,0.0
11,07,2008,0.0
11,08,2008,0.0
11,09,2008,0.0
11,10,2008,0.0
11,11,2008,0.0
11,12,2008,0.0
11,13,2008,0.0
11,14,2008,5.5
11,15,2008,29.2
11,16,2008,1.0
11,17,2008,0.0
11,18,2008,0.0
11,19,2008,0.0
11,20,2008,6.0
11,21,2008,17.5
11,22,2008,4.4
11,23,2008,1.5
11,24,2008,2.0
11,25,2008,0.0
11,26,2008,0.0
11,27,2008,0.0
11,28,2008,0.0
11,29,2008,0.0
11,30,2008,0.0
12,01,2008,7.4
12,02,2008,0.0
12,03,2008,0.0
12,04,2008,1.0
12,05,2008,0.0
12,06,2008,0.0
12,07,2008,0.0
12,08,2008,0.0
12,09,2008,0.0
12,10,2008,2.0
12,11,2008,0.0
12,12,2008,0.0
12,13,2008,0.0
12,14,2008,0.0
12,15,2008,0.0
12,16,2008,0.0
12,17,2008,0.0
12,18,2008,0.0
12,19,2008,0.0
12,20,2008,0.0
12,21,2008,9.0
12,22,2008,2.5
12,23,2008,0.0
12,24,2008,0.0
12,25,2008,0.0
12,26,2008,0.0
12,27,2008,0.0
12,28,2008,1.0
12,29,2008,2.0
12,30,2008,0.0
12,31,2008,0.0
