Id:,30458
Estación:,MINZAPAN-VER
Posición:,18.1375N -94.7794444444W
Variable:,Precipitación (mm)
Fecha Inicial:,01/01/1995
Fecha Final:,01/01/2012
No Dato:,nan
Mes,Día,Anio,Datos
01,01,1995,2.0
01,02,1995,0.0
01,03,1995,0.0
01,04,1995,0.0
01,05,1995,0.0
01,06,1995,0.0
01,07,1995,0.0
01,08,1995,13.0
01,09,1995,0.0
01,10,1995,0.0
01,11,1995,0.0
01,12,1995,0.0
01,13,1995,1.9
01,14,1995,0.0
01,15,1995,0.0
01,16,1995,0.0
01,17,1995,0.0
01,18,1995,0.0
01,19,1995,0.0
01,20,1995,2.0
01,21,1995,2.0
01,22,1995,0.0
01,23,1995,2.0
01,24,1995,6.0
01,25,1995,0.0
01,26,1995,0.0
01,27,1995,0.0
01,28,1995,0.0
01,29,1995,0.0
01,30,1995,4.0
01,31,1995,4.0
02,01,1995,0.0
02,02,1995,0.0
02,03,1995,0.0
02,04,1995,0.0
02,05,1995,0.0
02,06,1995,0.0
02,07,1995,0.0
02,08,1995,2.0
02,09,1995,0.0
02,10,1995,0.0
02,11,1995,0.0
02,12,1995,0.0
02,13,1995,0.0
02,14,1995,0.0
02,15,1995,0.0
02,16,1995,0.0
02,17,1995,0.0
02,18,1995,0.0
02,19,1995,0.0
02,20,1995,0.0
02,21,1995,0.0
02,22,1995,0.0
02,23,1995,0.0
02,24,1995,0.0
02,25,1995,0.0
02,26,1995,0.0
02,27,1995,0.0
02,28,1995,0.0
03,01,1995,0.0
03,02,1995,0.0
03,03,1995,2.0
03,04,1995,0.0
03,05,1995,0.0
03,06,1995,0.0
03,07,1995,0.0
03,08,1995,0.0
03,09,1995,0.0
03,10,1995,0.0
03,11,1995,0.0
03,12,1995,0.0
03,13,1995,0.0
03,14,1995,0.0
03,15,1995,0.0
03,16,1995,0.0
03,17,1995,0.0
03,18,1995,0.0
03,19,1995,0.0
03,20,1995,0.0
03,21,1995,0.0
03,22,1995,0.0
03,23,1995,0.0
03,24,1995,0.0
03,25,1995,0.0
03,26,1995,0.0
03,27,1995,0.0
03,28,1995,0.0
03,29,1995,0.0
03,30,1995,0.0
03,31,1995,0.0
04,01,1995,0.0
04,02,1995,0.0
04,03,1995,0.0
04,04,1995,0.0
04,05,1995,0.0
04,06,1995,0.0
04,07,1995,0.0
04,08,1995,0.0
04,09,1995,0.0
04,10,1995,0.0
04,11,1995,0.0
04,12,1995,0.0
04,13,1995,0.0
04,14,1995,0.0
04,15,1995,0.0
04,16,1995,0.0
04,17,1995,0.0
04,18,1995,0.0
04,19,1995,0.0
04,20,1995,0.0
04,21,1995,0.0
04,22,1995,0.0
04,23,1995,0.0
04,24,1995,0.0
04,25,1995,0.0
04,26,1995,0.0
04,27,1995,0.0
04,28,1995,0.0
04,29,1995,0.0
04,30,1995,0.0
05,01,1995,0.0
05,02,1995,0.0
05,03,1995,0.0
05,04,1995,0.0
05,05,1995,0.0
05,06,1995,0.0
05,07,1995,0.0
05,08,1995,0.0
05,09,1995,0.0
05,10,1995,0.0
05,11,1995,0.0
05,12,1995,0.0
05,13,1995,0.0
05,14,1995,0.0
05,15,1995,0.0
05,16,1995,0.0
05,17,1995,0.0
05,18,1995,0.0
05,19,1995,0.0
05,20,1995,0.0
05,21,1995,0.0
05,22,1995,0.0
05,23,1995,0.0
05,24,1995,0.0
05,25,1995,0.0
05,26,1995,0.0
05,27,1995,0.0
05,28,1995,22.0
05,29,1995,0.0
05,30,1995,0.0
05,31,1995,0.0
06,01,1995,0.0
06,02,1995,2.5
06,03,1995,0.0
06,04,1995,0.0
06,05,1995,0.0
06,06,1995,0.0
06,07,1995,0.0
06,08,1995,0.0
06,09,1995,0.0
06,10,1995,0.0
06,11,1995,0.0
06,12,1995,10.0
06,13,1995,13.0
06,14,1995,0.0
06,15,1995,0.0
06,16,1995,2.0
06,17,1995,17.0
06,18,1995,24.0
06,19,1995,2.5
06,20,1995,0.0
06,21,1995,0.0
06,22,1995,0.0
06,23,1995,0.0
06,24,1995,0.0
06,25,1995,0.0
06,26,1995,18.3
06,27,1995,0.0
06,28,1995,0.0
06,29,1995,0.0
06,30,1995,14.0
07,01,1995,0.0
07,02,1995,0.0
07,03,1995,0.0
07,04,1995,0.0
07,05,1995,0.0
07,06,1995,54.5
07,07,1995,6.7
07,08,1995,43.0
07,09,1995,0.0
07,10,1995,0.0
07,11,1995,37.0
07,12,1995,22.0
07,13,1995,0.0
07,14,1995,2.5
07,15,1995,0.0
07,16,1995,0.0
07,17,1995,0.0
07,18,1995,0.0
07,19,1995,21.7
07,20,1995,0.0
07,21,1995,0.0
07,22,1995,17.0
07,23,1995,2.0
07,24,1995,12.0
07,25,1995,70.5
07,26,1995,2.0
07,27,1995,1.0
07,28,1995,9.5
07,29,1995,0.0
07,30,1995,0.0
07,31,1995,0.0
08,01,1995,0.0
08,02,1995,0.0
08,03,1995,19.0
08,04,1995,3.5
08,05,1995,9.0
08,06,1995,34.0
08,07,1995,25.5
08,08,1995,28.0
08,09,1995,6.5
08,10,1995,0.0
08,11,1995,0.0
08,12,1995,0.0
08,13,1995,6.0
08,14,1995,41.0
08,15,1995,38.0
08,16,1995,0.0
08,17,1995,24.5
08,18,1995,29.0
08,19,1995,23.0
08,20,1995,41.5
08,21,1995,0.0
08,22,1995,0.0
08,23,1995,0.0
08,24,1995,0.0
08,25,1995,0.0
08,26,1995,3.0
08,27,1995,8.5
08,28,1995,19.0
08,29,1995,42.0
08,30,1995,0.0
08,31,1995,0.0
09,01,1995,0.0
09,02,1995,0.0
09,03,1995,1.0
09,04,1995,10.0
09,05,1995,9.0
09,06,1995,0.0
09,07,1995,0.0
09,08,1995,0.0
09,09,1995,0.0
09,10,1995,3.0
09,11,1995,0.0
09,12,1995,4.5
09,13,1995,4.0
09,14,1995,6.0
09,15,1995,10.0
09,16,1995,5.0
09,17,1995,3.0
09,18,1995,0.0
09,19,1995,14.0
09,20,1995,5.5
09,21,1995,0.0
09,22,1995,20.0
09,23,1995,35.0
09,24,1995,0.0
09,25,1995,0.0
09,26,1995,0.0
09,27,1995,0.0
09,28,1995,0.0
09,29,1995,0.0
09,30,1995,3.0
10,01,1995,7.0
10,02,1995,0.0
10,03,1995,0.0
10,04,1995,1.0
10,05,1995,10.0
10,06,1995,6.0
10,07,1995,0.0
10,08,1995,0.0
10,09,1995,0.0
10,10,1995,0.0
10,11,1995,15.0
10,12,1995,0.0
10,13,1995,18.0
10,14,1995,0.0
10,15,1995,0.0
10,16,1995,0.0
10,17,1995,0.0
10,18,1995,0.0
10,19,1995,0.0
10,20,1995,28.0
10,21,1995,0.0
10,22,1995,0.0
10,23,1995,1.5
10,24,1995,26.5
10,25,1995,1.0
10,26,1995,0.0
10,27,1995,0.0
10,28,1995,0.0
10,29,1995,0.0
10,30,1995,0.0
10,31,1995,0.0
11,01,1995,0.0
11,02,1995,0.0
11,03,1995,15.5
11,04,1995,1.0
11,05,1995,5.0
11,06,1995,0.0
11,07,1995,0.0
11,08,1995,3.0
11,09,1995,0.0
11,10,1995,0.0
11,11,1995,0.0
11,12,1995,1.0
11,13,1995,0.0
11,14,1995,6.0
11,15,1995,0.0
11,16,1995,0.0
11,17,1995,0.0
11,18,1995,0.0
11,19,1995,0.0
11,20,1995,7.0
11,21,1995,2.5
11,22,1995,0.0
11,23,1995,0.0
11,24,1995,14.5
11,25,1995,0.0
11,26,1995,0.0
11,27,1995,0.0
11,28,1995,0.0
11,29,1995,4.5
11,30,1995,18.0
12,01,1995,1.5
12,02,1995,0.0
12,03,1995,0.0
12,04,1995,0.0
12,05,1995,0.0
12,06,1995,0.0
12,07,1995,0.0
12,08,1995,0.0
12,09,1995,20.0
12,10,1995,7.5
12,11,1995,1.0
12,12,1995,1.0
12,13,1995,0.0
12,14,1995,0.0
12,15,1995,0.0
12,16,1995,1.0
12,17,1995,0.0
12,18,1995,0.0
12,19,1995,3.0
12,20,1995,0.0
12,21,1995,0.0
12,22,1995,0.0
12,23,1995,0.0
12,24,1995,0.0
12,25,1995,0.0
12,26,1995,6.0
12,27,1995,0.0
12,28,1995,0.0
12,29,1995,0.0
12,30,1995,1.0
12,31,1995,0.0
01,01,1996,0.0
01,02,1996,0.0
01,03,1996,0.0
01,04,1996,0.0
01,05,1996,0.0
01,06,1996,0.0
01,07,1996,0.0
01,08,1996,8.0
01,09,1996,0.0
01,10,1996,0.0
01,11,1996,0.0
01,12,1996,0.0
01,13,1996,0.0
01,14,1996,0.0
01,15,1996,0.0
01,16,1996,0.0
01,17,1996,0.0
01,18,1996,0.0
01,19,1996,0.0
01,20,1996,0.0
01,21,1996,0.0
01,22,1996,0.0
01,23,1996,0.0
01,24,1996,0.0
01,25,1996,0.0
01,26,1996,0.0
01,27,1996,0.0
01,28,1996,0.0
01,29,1996,0.0
01,30,1996,0.0
01,31,1996,0.0
02,01,1996,0.0
02,02,1996,0.0
02,03,1996,0.0
02,04,1996,4.0
02,05,1996,0.0
02,06,1996,0.0
02,07,1996,0.0
02,08,1996,0.0
02,09,1996,0.0
02,10,1996,0.0
02,11,1996,0.0
02,12,1996,0.0
02,13,1996,0.0
02,14,1996,0.0
02,15,1996,0.0
02,16,1996,0.0
02,17,1996,0.0
02,18,1996,0.0
02,19,1996,0.0
02,20,1996,0.0
02,21,1996,0.0
02,22,1996,0.0
02,23,1996,0.0
02,24,1996,0.0
02,25,1996,0.0
02,26,1996,0.0
02,27,1996,0.0
02,28,1996,0.0
02,29,1996,3.0
03,01,1996,0.0
03,02,1996,0.0
03,03,1996,0.0
03,04,1996,0.0
03,05,1996,0.0
03,06,1996,0.0
03,07,1996,0.0
03,08,1996,0.0
03,09,1996,2.5
03,10,1996,7.5
03,11,1996,0.0
03,12,1996,0.0
03,13,1996,0.0
03,14,1996,0.0
03,15,1996,0.0
03,16,1996,0.0
03,17,1996,0.0
03,18,1996,1.0
03,19,1996,0.0
03,20,1996,7.0
03,21,1996,0.0
03,22,1996,0.0
03,23,1996,0.0
03,24,1996,0.0
03,25,1996,0.0
03,26,1996,0.0
03,27,1996,0.0
03,28,1996,0.0
03,29,1996,0.0
03,30,1996,0.0
03,31,1996,0.0
04,01,1996,0.0
04,02,1996,0.0
04,03,1996,0.0
04,04,1996,0.0
04,05,1996,0.0
04,06,1996,8.5
04,07,1996,0.0
04,08,1996,0.0
04,09,1996,0.0
04,10,1996,0.0
04,11,1996,0.0
04,12,1996,0.0
04,13,1996,0.0
04,14,1996,0.0
04,15,1996,0.0
04,16,1996,0.0
04,17,1996,0.0
04,18,1996,0.0
04,19,1996,0.0
04,20,1996,0.0
04,21,1996,0.0
04,22,1996,0.0
04,23,1996,0.0
04,24,1996,0.0
04,25,1996,0.0
04,26,1996,0.0
04,27,1996,0.0
04,28,1996,0.0
04,29,1996,0.0
04,30,1996,0.0
05,01,1996,0.0
05,02,1996,0.0
05,03,1996,0.0
05,04,1996,0.0
05,05,1996,0.0
05,06,1996,0.0
05,07,1996,0.0
05,08,1996,0.0
05,09,1996,0.0
05,10,1996,0.0
05,11,1996,0.0
05,12,1996,0.0
05,13,1996,0.0
05,14,1996,0.0
05,15,1996,0.0
05,16,1996,0.0
05,17,1996,0.0
05,18,1996,0.0
05,19,1996,0.0
05,20,1996,0.0
05,21,1996,0.0
05,22,1996,0.0
05,23,1996,0.0
05,24,1996,0.0
05,25,1996,0.0
05,26,1996,0.0
05,27,1996,0.0
05,28,1996,0.0
05,29,1996,0.0
05,30,1996,0.0
05,31,1996,2.5
06,01,1996,0.0
06,02,1996,4.0
06,03,1996,0.0
06,04,1996,0.0
06,05,1996,3.5
06,06,1996,1.5
06,07,1996,26.0
06,08,1996,15.5
06,09,1996,0.0
06,10,1996,0.0
06,11,1996,0.0
06,12,1996,33.0
06,13,1996,23.0
06,14,1996,0.0
06,15,1996,2.5
06,16,1996,3.5
06,17,1996,0.0
06,18,1996,0.0
06,19,1996,9.0
06,20,1996,0.0
06,21,1996,4.5
06,22,1996,0.0
06,23,1996,0.0
06,24,1996,0.0
06,25,1996,0.0
06,26,1996,5.0
06,27,1996,45.5
06,28,1996,3.0
06,29,1996,4.0
06,30,1996,2.0
07,01,1996,1.0
07,02,1996,10.0
07,03,1996,16.5
07,04,1996,0.0
07,05,1996,18.5
07,06,1996,0.0
07,07,1996,0.0
07,08,1996,0.0
07,09,1996,0.0
07,10,1996,0.0
07,11,1996,0.0
07,12,1996,0.0
07,13,1996,0.0
07,14,1996,0.0
07,15,1996,2.5
07,16,1996,6.0
07,17,1996,0.0
07,18,1996,3.5
07,19,1996,7.5
07,20,1996,8.0
07,21,1996,76.0
07,22,1996,0.0
07,23,1996,0.0
07,24,1996,0.0
07,25,1996,1.0
07,26,1996,6.0
07,27,1996,0.0
07,28,1996,11.5
07,29,1996,22.0
07,30,1996,0.0
07,31,1996,0.0
08,01,1996,19.5
08,02,1996,0.0
08,03,1996,0.0
08,04,1996,0.0
08,05,1996,0.0
08,06,1996,0.0
08,07,1996,37.5
08,08,1996,40.0
08,09,1996,4.0
08,10,1996,35.5
08,11,1996,0.0
08,12,1996,0.0
08,13,1996,95.0
08,14,1996,22.0
08,15,1996,28.0
08,16,1996,4.0
08,17,1996,9.5
08,18,1996,5.0
08,19,1996,0.0
08,20,1996,0.0
08,21,1996,2.0
08,22,1996,3.5
08,23,1996,0.0
08,24,1996,16.0
08,25,1996,6.0
08,26,1996,17.0
08,27,1996,75.0
08,28,1996,6.5
08,29,1996,0.0
08,30,1996,0.0
08,31,1996,0.0
09,01,1996,1.0
09,02,1996,0.0
09,03,1996,0.0
09,04,1996,0.0
09,05,1996,0.0
09,06,1996,11.5
09,07,1996,63.5
09,08,1996,41.5
09,09,1996,0.0
09,10,1996,1.0
09,11,1996,0.0
09,12,1996,0.0
09,13,1996,0.0
09,14,1996,66.0
09,15,1996,0.0
09,16,1996,0.0
09,17,1996,0.0
09,18,1996,1.0
09,19,1996,6.5
09,20,1996,0.0
09,21,1996,72.0
09,22,1996,0.0
09,23,1996,0.0
09,24,1996,6.5
09,25,1996,71.0
09,26,1996,0.0
09,27,1996,0.0
09,28,1996,52.0
09,29,1996,79.0
09,30,1996,26.5
10,01,1996,0.0
10,02,1996,0.0
10,03,1996,0.0
10,04,1996,9.5
10,05,1996,0.0
10,06,1996,12.0
10,07,1996,0.0
10,08,1996,0.0
10,09,1996,0.0
10,10,1996,14.0
10,11,1996,0.0
10,12,1996,3.5
10,13,1996,1.0
10,14,1996,0.0
10,15,1996,0.0
10,16,1996,0.0
10,17,1996,0.0
10,18,1996,0.0
10,19,1996,0.0
10,20,1996,0.0
10,21,1996,0.0
10,22,1996,0.0
10,23,1996,0.0
10,24,1996,0.0
10,25,1996,0.0
10,26,1996,0.0
10,27,1996,0.0
10,28,1996,0.0
10,29,1996,0.0
10,30,1996,0.0
10,31,1996,0.0
11,01,1996,25.0
11,02,1996,10.5
11,03,1996,7.0
11,04,1996,11.0
11,05,1996,1.0
11,06,1996,0.0
11,07,1996,1.0
11,08,1996,0.0
11,09,1996,0.0
11,10,1996,16.0
11,11,1996,3.5
11,12,1996,6.5
11,13,1996,2.0
11,14,1996,0.0
11,15,1996,0.0
11,16,1996,0.0
11,17,1996,0.0
11,18,1996,0.0
11,19,1996,0.0
11,20,1996,0.0
11,21,1996,0.0
11,22,1996,0.0
11,23,1996,0.0
11,24,1996,0.0
11,25,1996,0.0
11,26,1996,2.0
11,27,1996,8.0
11,28,1996,0.0
11,29,1996,0.0
11,30,1996,0.0
12,01,1996,0.0
12,02,1996,0.0
12,03,1996,0.0
12,04,1996,0.0
12,05,1996,0.0
12,06,1996,0.0
12,07,1996,0.0
12,08,1996,15.5
12,09,1996,6.5
12,10,1996,0.0
12,11,1996,0.0
12,12,1996,0.0
12,13,1996,0.0
12,14,1996,0.0
12,15,1996,4.0
12,16,1996,0.0
12,17,1996,0.0
12,18,1996,2.5
12,19,1996,0.0
12,20,1996,1.0
12,21,1996,0.0
12,22,1996,0.0
12,23,1996,0.0
12,24,1996,0.0
12,25,1996,3.5
12,26,1996,0.0
12,27,1996,0.0
12,28,1996,0.0
12,29,1996,0.0
12,30,1996,0.0
12,31,1996,0.0
01,01,1997,0.0
01,02,1997,0.0
01,03,1997,0.0
01,04,1997,0.0
01,05,1997,0.0
01,06,1997,0.0
01,07,1997,0.0
01,08,1997,0.0
01,09,1997,0.0
01,10,1997,0.0
01,11,1997,0.0
01,12,1997,0.0
01,13,1997,1.0
01,14,1997,0.0
01,15,1997,0.0
01,16,1997,0.0
01,17,1997,14.0
01,18,1997,0.0
01,19,1997,0.0
01,20,1997,0.0
01,21,1997,0.0
01,22,1997,0.0
01,23,1997,0.0
01,24,1997,0.0
01,25,1997,0.0
01,26,1997,0.0
01,27,1997,0.0
01,28,1997,1.0
01,29,1997,0.0
01,30,1997,0.0
01,31,1997,0.0
02,01,1997,0.0
02,02,1997,0.0
02,03,1997,0.0
02,04,1997,0.0
02,05,1997,17.0
02,06,1997,0.0
02,07,1997,0.0
02,08,1997,0.0
02,09,1997,0.0
02,10,1997,0.0
02,11,1997,0.0
02,12,1997,0.0
02,13,1997,0.0
02,14,1997,0.0
02,15,1997,2.0
02,16,1997,0.0
02,17,1997,0.0
02,18,1997,0.0
02,19,1997,0.0
02,20,1997,0.0
02,21,1997,0.0
02,22,1997,0.0
02,23,1997,1.0
02,24,1997,0.0
02,25,1997,0.0
02,26,1997,0.0
02,27,1997,0.0
02,28,1997,0.0
03,01,1997,0.0
03,02,1997,0.0
03,03,1997,0.0
03,04,1997,0.0
03,05,1997,0.0
03,06,1997,17.5
03,07,1997,0.0
03,08,1997,0.0
03,09,1997,0.0
03,10,1997,0.0
03,11,1997,0.0
03,12,1997,0.0
03,13,1997,0.0
03,14,1997,0.0
03,15,1997,0.0
03,16,1997,0.0
03,17,1997,0.0
03,18,1997,0.0
03,19,1997,0.0
03,20,1997,0.0
03,21,1997,0.0
03,22,1997,24.0
03,23,1997,13.5
03,24,1997,0.0
03,25,1997,0.0
03,26,1997,0.0
03,27,1997,0.0
03,28,1997,0.0
03,29,1997,0.0
03,30,1997,0.0
03,31,1997,0.0
04,01,1997,0.0
04,02,1997,0.0
04,03,1997,0.0
04,04,1997,0.0
04,05,1997,0.0
04,06,1997,0.0
04,07,1997,0.0
04,08,1997,0.0
04,09,1997,0.0
04,10,1997,0.0
04,11,1997,0.0
04,12,1997,17.5
04,13,1997,0.0
04,14,1997,0.0
04,15,1997,0.0
04,16,1997,0.0
04,17,1997,0.0
04,18,1997,0.0
04,19,1997,0.0
04,20,1997,0.0
04,21,1997,0.0
04,22,1997,0.0
04,23,1997,0.0
04,24,1997,0.0
04,25,1997,0.0
04,26,1997,0.0
04,27,1997,0.0
04,28,1997,0.0
04,29,1997,0.0
04,30,1997,0.0
05,01,1997,0.0
05,02,1997,0.0
05,03,1997,4.5
05,04,1997,0.0
05,05,1997,0.0
05,06,1997,0.0
05,07,1997,0.0
05,08,1997,0.0
05,09,1997,0.0
05,10,1997,0.0
05,11,1997,0.0
05,12,1997,0.0
05,13,1997,0.0
05,14,1997,0.0
05,15,1997,0.0
05,16,1997,0.0
05,17,1997,0.0
05,18,1997,0.0
05,19,1997,0.0
05,20,1997,0.0
05,21,1997,0.0
05,22,1997,0.0
05,23,1997,0.0
05,24,1997,0.0
05,25,1997,0.0
05,26,1997,0.0
05,27,1997,0.0
05,28,1997,18.0
05,29,1997,0.0
05,30,1997,0.0
05,31,1997,0.0
06,01,1997,0.0
06,02,1997,0.0
06,03,1997,0.0
06,04,1997,0.0
06,05,1997,0.0
06,06,1997,0.0
06,07,1997,0.0
06,08,1997,0.0
06,09,1997,0.0
06,10,1997,0.0
06,11,1997,0.0
06,12,1997,0.0
06,13,1997,0.0
06,14,1997,0.0
06,15,1997,0.0
06,16,1997,0.0
06,17,1997,0.0
06,18,1997,0.0
06,19,1997,0.0
06,20,1997,0.0
06,21,1997,0.0
06,22,1997,0.0
06,23,1997,16.0
06,24,1997,13.0
06,25,1997,0.0
06,26,1997,13.5
06,27,1997,28.0
06,28,1997,1.5
06,29,1997,28.0
06,30,1997,27.5
07,01,1997,26.5
07,02,1997,17.0
07,03,1997,0.0
07,04,1997,0.0
07,05,1997,0.0
07,06,1997,1.5
07,07,1997,2.0
07,08,1997,19.5
07,09,1997,0.0
07,10,1997,3.0
07,11,1997,0.0
07,12,1997,15.5
07,13,1997,78.0
07,14,1997,47.5
07,15,1997,3.0
07,16,1997,2.0
07,17,1997,3.5
07,18,1997,0.0
07,19,1997,1.5
07,20,1997,0.0
07,21,1997,0.0
07,22,1997,0.0
07,23,1997,11.0
07,24,1997,1.0
07,25,1997,44.0
07,26,1997,5.0
07,27,1997,0.0
07,28,1997,14.5
07,29,1997,13.5
07,30,1997,0.0
07,31,1997,7.0
08,01,1997,4.0
08,02,1997,1.5
08,03,1997,29.5
08,04,1997,9.0
08,05,1997,0.0
08,06,1997,15.5
08,07,1997,0.0
08,08,1997,51.5
08,09,1997,0.0
08,10,1997,0.0
08,11,1997,0.0
08,12,1997,2.5
08,13,1997,126.0
08,14,1997,0.0
08,15,1997,0.0
08,16,1997,0.0
08,17,1997,15.0
08,18,1997,5.0
08,19,1997,25.0
08,20,1997,5.5
08,21,1997,0.0
08,22,1997,0.0
08,23,1997,14.5
08,24,1997,10.0
08,25,1997,0.0
08,26,1997,9.0
08,27,1997,0.0
08,28,1997,0.0
08,29,1997,0.0
08,30,1997,0.0
08,31,1997,0.0
09,01,1997,1.5
09,02,1997,0.0
09,03,1997,7.0
09,04,1997,10.0
09,05,1997,2.5
09,06,1997,3.5
09,07,1997,0.0
09,08,1997,0.0
09,09,1997,0.0
09,10,1997,0.0
09,11,1997,16.0
09,12,1997,35.0
09,13,1997,0.0
09,14,1997,25.0
09,15,1997,0.0
09,16,1997,3.0
09,17,1997,3.0
09,18,1997,0.0
09,19,1997,0.0
09,20,1997,0.0
09,21,1997,0.0
09,22,1997,0.0
09,23,1997,0.0
09,24,1997,0.0
09,25,1997,0.0
09,26,1997,0.0
09,27,1997,0.0
09,28,1997,10.0
09,29,1997,1.5
09,30,1997,29.5
10,01,1997,16.5
10,02,1997,19.5
10,03,1997,0.0
10,04,1997,23.5
10,05,1997,16.0
10,06,1997,24.5
10,07,1997,0.0
10,08,1997,1.0
10,09,1997,9.5
10,10,1997,1.5
10,11,1997,0.0
10,12,1997,49.0
10,13,1997,20.0
10,14,1997,0.0
10,15,1997,10.0
10,16,1997,1.0
10,17,1997,3.0
10,18,1997,0.0
10,19,1997,0.0
10,20,1997,0.0
10,21,1997,0.0
10,22,1997,0.0
10,23,1997,0.0
10,24,1997,0.0
10,25,1997,0.0
10,26,1997,6.0
10,27,1997,1.5
10,28,1997,0.0
10,29,1997,0.0
10,30,1997,0.0
10,31,1997,0.0
11,01,1997,0.0
11,02,1997,0.0
11,03,1997,1.5
11,04,1997,0.0
11,05,1997,47.0
11,06,1997,0.0
11,07,1997,0.0
11,08,1997,0.0
11,09,1997,6.0
11,10,1997,0.0
11,11,1997,0.0
11,12,1997,0.0
11,13,1997,0.0
11,14,1997,0.0
11,15,1997,126.5
11,16,1997,0.0
11,17,1997,0.0
11,18,1997,0.0
11,19,1997,16.5
11,20,1997,0.0
11,21,1997,0.0
11,22,1997,0.0
11,23,1997,2.0
11,24,1997,6.0
11,25,1997,0.0
11,26,1997,0.0
11,27,1997,1.0
11,28,1997,0.0
11,29,1997,0.0
11,30,1997,0.0
12,01,1997,0.0
12,02,1997,0.0
12,03,1997,0.0
12,04,1997,0.0
12,05,1997,0.0
12,06,1997,0.5
12,07,1997,0.0
12,08,1997,0.0
12,09,1997,0.0
12,10,1997,0.0
12,11,1997,5.0
12,12,1997,3.0
12,13,1997,0.0
12,14,1997,0.0
12,15,1997,0.0
12,16,1997,0.0
12,17,1997,0.0
12,18,1997,0.0
12,19,1997,0.0
12,20,1997,0.0
12,21,1997,0.0
12,22,1997,0.0
12,23,1997,0.0
12,24,1997,0.0
12,25,1997,0.0
12,26,1997,3.0
12,27,1997,0.0
12,28,1997,0.0
12,29,1997,0.0
12,30,1997,0.0
12,31,1997,8.0
01,01,1998,0.0
01,02,1998,6.5
01,03,1998,0.5
01,04,1998,0.2
01,05,1998,0.0
01,06,1998,0.0
01,07,1998,0.0
01,08,1998,18.0
01,09,1998,0.0
01,10,1998,0.0
01,11,1998,0.0
01,12,1998,0.0
01,13,1998,0.0
01,14,1998,0.0
01,15,1998,0.0
01,16,1998,0.0
01,17,1998,0.0
01,18,1998,2.0
01,19,1998,0.0
01,20,1998,0.0
01,21,1998,0.0
01,22,1998,0.0
01,23,1998,0.0
01,24,1998,4.0
01,25,1998,0.0
01,26,1998,0.0
01,27,1998,0.0
01,28,1998,0.0
01,29,1998,0.0
01,30,1998,0.0
01,31,1998,0.0
02,01,1998,0.0
02,02,1998,0.0
02,03,1998,0.0
02,04,1998,0.0
02,05,1998,0.0
02,06,1998,0.0
02,07,1998,0.0
02,08,1998,0.0
02,09,1998,0.0
02,10,1998,0.0
02,11,1998,0.0
02,12,1998,0.0
02,13,1998,0.0
02,14,1998,0.0
02,15,1998,0.0
02,16,1998,0.0
02,17,1998,0.0
02,18,1998,0.0
02,19,1998,0.0
02,20,1998,0.0
02,21,1998,0.0
02,22,1998,0.0
02,23,1998,0.0
02,24,1998,0.0
02,25,1998,0.0
02,26,1998,0.0
02,27,1998,0.0
02,28,1998,0.0
03,01,1998,6.0
03,02,1998,7.0
03,03,1998,0.0
03,04,1998,0.0
03,05,1998,0.0
03,06,1998,0.0
03,07,1998,0.0
03,08,1998,0.0
03,09,1998,0.0
03,10,1998,6.0
03,11,1998,15.0
03,12,1998,2.0
03,13,1998,0.0
03,14,1998,0.0
03,15,1998,2.0
03,16,1998,0.0
03,17,1998,0.0
03,18,1998,0.0
03,19,1998,0.0
03,20,1998,0.0
03,21,1998,4.0
03,22,1998,0.0
03,23,1998,0.0
03,24,1998,0.0
03,25,1998,0.0
03,26,1998,0.0
03,27,1998,0.0
03,28,1998,0.0
03,29,1998,0.0
03,30,1998,0.0
03,31,1998,0.0
04,01,1998,0.0
04,02,1998,0.0
04,03,1998,0.0
04,04,1998,0.0
04,05,1998,0.0
04,06,1998,0.0
04,07,1998,0.0
04,08,1998,0.0
04,09,1998,0.0
04,10,1998,0.0
04,11,1998,0.0
04,12,1998,0.0
04,13,1998,0.0
04,14,1998,0.0
04,15,1998,0.0
04,16,1998,0.0
04,17,1998,0.0
04,18,1998,0.0
04,19,1998,0.0
04,20,1998,0.0
04,21,1998,0.0
04,22,1998,1.0
04,23,1998,0.0
04,24,1998,0.0
04,25,1998,0.0
04,26,1998,0.0
04,27,1998,0.0
04,28,1998,0.0
04,29,1998,0.0
04,30,1998,0.0
05,01,1998,0.0
05,02,1998,0.0
05,03,1998,0.0
05,04,1998,0.0
05,05,1998,0.0
05,06,1998,0.0
05,07,1998,0.0
05,08,1998,0.0
05,09,1998,0.0
05,10,1998,0.0
05,11,1998,0.0
05,12,1998,0.0
05,13,1998,0.0
05,14,1998,0.0
05,15,1998,0.0
05,16,1998,0.0
05,17,1998,0.0
05,18,1998,0.0
05,19,1998,0.0
05,20,1998,0.0
05,21,1998,0.0
05,22,1998,0.0
05,23,1998,0.0
05,24,1998,0.0
05,25,1998,0.0
05,26,1998,0.0
05,27,1998,0.0
05,28,1998,0.0
05,29,1998,0.0
05,30,1998,0.0
05,31,1998,0.0
06,01,1998,0.0
06,02,1998,0.0
06,03,1998,0.0
06,04,1998,0.0
06,05,1998,0.0
06,06,1998,0.0
06,07,1998,6.0
06,08,1998,0.0
06,09,1998,0.0
06,10,1998,0.0
06,11,1998,0.0
06,12,1998,0.0
06,13,1998,0.0
06,14,1998,0.0
06,15,1998,0.0
06,16,1998,0.0
06,17,1998,0.0
06,18,1998,0.0
06,19,1998,0.0
06,20,1998,0.0
06,21,1998,0.0
06,22,1998,40.0
06,23,1998,21.0
06,24,1998,16.0
06,25,1998,4.0
06,26,1998,27.0
06,27,1998,0.0
06,28,1998,0.0
06,29,1998,0.0
06,30,1998,0.0
07,01,1998,12.0
07,02,1998,0.0
07,03,1998,0.0
07,04,1998,0.0
07,05,1998,0.0
07,06,1998,0.0
07,07,1998,0.0
07,08,1998,42.0
07,09,1998,57.0
07,10,1998,1.0
07,11,1998,1.0
07,12,1998,11.0
07,13,1998,0.0
07,14,1998,4.0
07,15,1998,14.5
07,16,1998,9.0
07,17,1998,23.0
07,18,1998,3.0
07,19,1998,1.0
07,20,1998,3.0
07,21,1998,0.0
07,22,1998,53.0
07,23,1998,5.0
07,24,1998,16.5
07,25,1998,3.5
07,26,1998,60.0
07,27,1998,6.0
07,28,1998,14.0
07,29,1998,8.0
07,30,1998,21.0
07,31,1998,9.5
08,01,1998,34.0
08,02,1998,5.5
08,03,1998,5.0
08,04,1998,0.0
08,05,1998,26.5
08,06,1998,0.0
08,07,1998,0.0
08,08,1998,0.0
08,09,1998,9.0
08,10,1998,1.5
08,11,1998,19.0
08,12,1998,0.0
08,13,1998,0.0
08,14,1998,10.0
08,15,1998,59.0
08,16,1998,4.0
08,17,1998,0.0
08,18,1998,0.0
08,19,1998,0.0
08,20,1998,12.5
08,21,1998,0.5
08,22,1998,5.0
08,23,1998,3.0
08,24,1998,0.0
08,25,1998,0.0
08,26,1998,14.0
08,27,1998,8.5
08,28,1998,4.0
08,29,1998,2.0
08,30,1998,4.5
08,31,1998,21.5
09,01,1998,0.0
09,02,1998,4.0
09,03,1998,41.0
09,04,1998,4.0
09,05,1998,15.0
09,06,1998,10.0
09,07,1998,45.0
09,08,1998,0.0
09,09,1998,0.0
09,10,1998,0.0
09,11,1998,0.0
09,12,1998,0.0
09,13,1998,0.0
09,14,1998,0.0
09,15,1998,0.0
09,16,1998,0.0
09,17,1998,0.0
09,18,1998,0.0
09,19,1998,0.0
09,20,1998,0.0
09,21,1998,1.5
09,22,1998,0.0
09,23,1998,2.0
09,24,1998,14.0
09,25,1998,44.0
09,26,1998,60.0
09,27,1998,7.5
09,28,1998,2.0
09,29,1998,0.0
09,30,1998,4.0
10,01,1998,0.0
10,02,1998,0.0
10,03,1998,12.0
10,04,1998,0.0
10,05,1998,0.0
10,06,1998,0.0
10,07,1998,17.0
10,08,1998,4.0
10,09,1998,33.0
10,10,1998,48.0
10,11,1998,2.0
10,12,1998,53.0
10,13,1998,0.0
10,14,1998,4.0
10,15,1998,3.0
10,16,1998,6.0
10,17,1998,22.0
10,18,1998,1.0
10,19,1998,0.0
10,20,1998,1.0
10,21,1998,0.0
10,22,1998,5.0
10,23,1998,43.0
10,24,1998,0.0
10,25,1998,0.0
10,26,1998,0.0
10,27,1998,3.0
10,28,1998,0.0
10,29,1998,8.0
10,30,1998,5.0
10,31,1998,18.0
11,01,1998,21.0
11,02,1998,33.0
11,03,1998,0.0
11,04,1998,4.0
11,05,1998,19.8
11,06,1998,2.0
11,07,1998,0.0
11,08,1998,0.0
11,09,1998,0.0
11,10,1998,0.0
11,11,1998,17.0
11,12,1998,0.0
11,13,1998,0.0
11,14,1998,0.0
11,15,1998,27.0
11,16,1998,14.0
11,17,1998,2.0
11,18,1998,0.0
11,19,1998,0.0
11,20,1998,16.0
11,21,1998,38.3
11,22,1998,71.2
11,23,1998,0.5
11,24,1998,8.0
11,25,1998,0.0
11,26,1998,0.0
11,27,1998,0.0
11,28,1998,1.4
11,29,1998,0.5
11,30,1998,0.0
12,01,1998,0.0
12,02,1998,0.0
12,03,1998,0.0
12,04,1998,0.0
12,05,1998,0.0
12,06,1998,0.0
12,07,1998,0.0
12,08,1998,2.0
12,09,1998,5.0
12,10,1998,0.0
12,11,1998,1.0
12,12,1998,1.0
12,13,1998,1.0
12,14,1998,2.0
12,15,1998,2.0
12,16,1998,3.0
12,17,1998,5.0
12,18,1998,0.0
12,19,1998,0.0
12,20,1998,3.0
12,21,1998,0.0
12,22,1998,0.0
12,23,1998,5.4
12,24,1998,10.0
12,25,1998,0.8
12,26,1998,0.0
12,27,1998,0.0
12,28,1998,0.0
12,29,1998,0.0
12,30,1998,0.0
12,31,1998,0.0
01,01,1999,0.0
01,02,1999,2.0
01,03,1999,0.0
01,04,1999,0.0
01,05,1999,2.5
01,06,1999,0.0
01,07,1999,0.0
01,08,1999,0.0
01,09,1999,0.0
01,10,1999,0.0
01,11,1999,0.0
01,12,1999,0.0
01,13,1999,0.0
01,14,1999,0.0
01,15,1999,5.0
01,16,1999,0.0
01,17,1999,0.0
01,18,1999,0.0
01,19,1999,0.0
01,20,1999,0.0
01,21,1999,0.0
01,22,1999,0.0
01,23,1999,0.0
01,24,1999,0.0
01,25,1999,0.0
01,26,1999,0.0
01,27,1999,0.0
01,28,1999,0.0
01,29,1999,0.0
01,30,1999,0.0
01,31,1999,49.0
02,01,1999,0.0
02,02,1999,0.0
02,03,1999,0.0
02,04,1999,3.2
02,05,1999,0.0
02,06,1999,0.0
02,07,1999,0.0
02,08,1999,0.0
02,09,1999,0.0
02,10,1999,0.0
02,11,1999,11.0
02,12,1999,17.5
02,13,1999,0.0
02,14,1999,1.0
02,15,1999,0.0
02,16,1999,0.0
02,17,1999,0.0
02,18,1999,0.0
02,19,1999,0.0
02,20,1999,0.0
02,21,1999,11.0
02,22,1999,0.0
02,23,1999,1.0
02,24,1999,2.5
02,25,1999,0.0
02,26,1999,0.0
02,27,1999,0.0
02,28,1999,0.0
03,01,1999,0.0
03,02,1999,0.0
03,03,1999,0.0
03,04,1999,0.0
03,05,1999,0.0
03,06,1999,0.0
03,07,1999,0.0
03,08,1999,0.0
03,09,1999,0.0
03,10,1999,0.0
03,11,1999,0.0
03,12,1999,0.0
03,13,1999,0.0
03,14,1999,0.0
03,15,1999,0.0
03,16,1999,0.0
03,17,1999,0.0
03,18,1999,0.0
03,19,1999,0.0
03,20,1999,0.0
03,21,1999,0.0
03,22,1999,0.0
03,23,1999,0.0
03,24,1999,0.0
03,25,1999,0.0
03,26,1999,0.0
03,27,1999,0.0
03,28,1999,0.0
03,29,1999,0.0
03,30,1999,0.0
03,31,1999,0.0
04,01,1999,0.0
04,02,1999,0.0
04,03,1999,0.0
04,04,1999,0.0
04,05,1999,0.0
04,06,1999,0.0
04,07,1999,0.0
04,08,1999,0.0
04,09,1999,0.0
04,10,1999,0.0
04,11,1999,0.0
04,12,1999,0.0
04,13,1999,0.0
04,14,1999,0.0
04,15,1999,0.0
04,16,1999,1.5
04,17,1999,3.1
04,18,1999,3.0
04,19,1999,14.0
04,20,1999,0.0
04,21,1999,0.0
04,22,1999,0.0
04,23,1999,0.0
04,24,1999,0.0
04,25,1999,0.0
04,26,1999,0.0
04,27,1999,0.0
04,28,1999,0.0
04,29,1999,0.0
04,30,1999,0.0
05,01,1999,0.0
05,02,1999,0.0
05,03,1999,0.0
05,04,1999,0.0
05,05,1999,0.0
05,06,1999,0.0
05,07,1999,0.0
05,08,1999,0.0
05,09,1999,0.0
05,10,1999,0.0
05,11,1999,0.0
05,12,1999,0.0
05,13,1999,0.0
05,14,1999,0.0
05,15,1999,0.0
05,16,1999,0.0
05,17,1999,11.0
05,18,1999,1.0
05,19,1999,2.0
05,20,1999,0.0
05,21,1999,0.0
05,22,1999,3.0
05,23,1999,0.0
05,24,1999,0.0
05,25,1999,0.0
05,26,1999,0.0
05,27,1999,0.0
05,28,1999,0.0
05,29,1999,0.0
05,30,1999,0.0
05,31,1999,0.0
06,01,1999,0.0
06,02,1999,0.0
06,03,1999,4.0
06,04,1999,0.0
06,05,1999,0.0
06,06,1999,0.0
06,07,1999,0.0
06,08,1999,0.0
06,09,1999,0.0
06,10,1999,0.0
06,11,1999,0.0
06,12,1999,0.0
06,13,1999,0.0
06,14,1999,0.0
06,15,1999,0.0
06,16,1999,65.8
06,17,1999,1.0
06,18,1999,8.0
06,19,1999,0.5
06,20,1999,0.0
06,21,1999,54.0
06,22,1999,20.0
06,23,1999,10.0
06,24,1999,0.0
06,25,1999,0.0
06,26,1999,0.0
06,27,1999,0.0
06,28,1999,0.0
06,29,1999,0.0
06,30,1999,0.0
07,01,1999,16.0
07,02,1999,30.0
07,03,1999,8.0
07,04,1999,3.0
07,05,1999,13.0
07,06,1999,22.0
07,07,1999,20.0
07,08,1999,0.0
07,09,1999,0.0
07,10,1999,9.0
07,11,1999,45.0
07,12,1999,6.0
07,13,1999,2.0
07,14,1999,0.0
07,15,1999,0.0
07,16,1999,2.5
07,17,1999,12.0
07,18,1999,15.0
07,19,1999,41.0
07,20,1999,21.5
07,21,1999,2.4
07,22,1999,0.0
07,23,1999,5.0
07,24,1999,0.0
07,25,1999,9.0
07,26,1999,49.0
07,27,1999,33.5
07,28,1999,0.0
07,29,1999,0.0
07,30,1999,11.5
07,31,1999,0.0
08,01,1999,0.0
08,02,1999,0.0
08,03,1999,1.0
08,04,1999,0.0
08,05,1999,3.0
08,06,1999,0.0
08,07,1999,32.0
08,08,1999,62.0
08,09,1999,36.0
08,10,1999,15.8
08,11,1999,18.5
08,12,1999,3.5
08,13,1999,0.0
08,14,1999,0.0
08,15,1999,4.5
08,16,1999,2.0
08,17,1999,25.0
08,18,1999,12.0
08,19,1999,2.5
08,20,1999,0.0
08,21,1999,12.0
08,22,1999,0.0
08,23,1999,0.0
08,24,1999,0.0
08,25,1999,12.0
08,26,1999,1.0
08,27,1999,19.0
08,28,1999,9.7
08,29,1999,2.0
08,30,1999,7.0
08,31,1999,0.0
09,01,1999,7.0
09,02,1999,43.0
09,03,1999,25.0
09,04,1999,6.0
09,05,1999,0.0
09,06,1999,0.0
09,07,1999,0.0
09,08,1999,3.0
09,09,1999,32.0
09,10,1999,49.8
09,11,1999,34.5
09,12,1999,75.9
09,13,1999,118.5
09,14,1999,4.5
09,15,1999,52.3
09,16,1999,12.2
09,17,1999,18.2
09,18,1999,12.4
09,19,1999,0.0
09,20,1999,0.0
09,21,1999,0.0
09,22,1999,1.0
09,23,1999,0.0
09,24,1999,0.0
09,25,1999,0.0
09,26,1999,0.0
09,27,1999,25.0
09,28,1999,71.5
09,29,1999,20.0
09,30,1999,74.5
10,01,1999,16.2
10,02,1999,19.7
10,03,1999,68.2
10,04,1999,37.0
10,05,1999,0.0
10,06,1999,5.0
10,07,1999,0.5
10,08,1999,10.0
10,09,1999,13.5
10,10,1999,13.5
10,11,1999,0.0
10,12,1999,28.0
10,13,1999,22.5
10,14,1999,1.0
10,15,1999,0.0
10,16,1999,0.0
10,17,1999,0.0
10,18,1999,15.0
10,19,1999,24.5
10,20,1999,6.5
10,21,1999,0.0
10,22,1999,0.0
10,23,1999,0.0
10,24,1999,0.0
10,25,1999,1.0
10,26,1999,0.0
10,27,1999,0.0
10,28,1999,0.0
10,29,1999,0.0
10,30,1999,0.0
10,31,1999,2.5
11,01,1999,0.0
11,02,1999,0.5
11,03,1999,37.0
11,04,1999,3.5
11,05,1999,3.2
11,06,1999,80.0
11,07,1999,0.0
11,08,1999,5.0
11,09,1999,2.5
11,10,1999,3.0
11,11,1999,1.5
11,12,1999,0.0
11,13,1999,3.8
11,14,1999,0.0
11,15,1999,0.0
11,16,1999,0.5
11,17,1999,0.0
11,18,1999,0.0
11,19,1999,0.0
11,20,1999,0.0
11,21,1999,0.0
11,22,1999,0.0
11,23,1999,4.5
11,24,1999,0.0
11,25,1999,8.5
11,26,1999,0.0
11,27,1999,0.0
11,28,1999,0.0
11,29,1999,2.5
11,30,1999,13.3
12,01,1999,0.5
12,02,1999,0.0
12,03,1999,0.0
12,04,1999,0.0
12,05,1999,0.0
12,06,1999,12.5
12,07,1999,0.8
12,08,1999,0.0
12,09,1999,106.0
12,10,1999,2.4
12,11,1999,0.0
12,12,1999,1.2
12,13,1999,0.0
12,14,1999,0.0
12,15,1999,9.0
12,16,1999,0.0
12,17,1999,0.0
12,18,1999,0.0
12,19,1999,0.0
12,20,1999,1.0
12,21,1999,1.0
12,22,1999,9.5
12,23,1999,66.5
12,24,1999,1.3
12,25,1999,0.0
12,26,1999,3.0
12,27,1999,0.0
12,28,1999,0.0
12,29,1999,0.0
12,30,1999,0.0
12,31,1999,0.0
01,01,2000,0.0
01,02,2000,0.0
01,03,2000,0.0
01,04,2000,0.0
01,05,2000,0.0
01,06,2000,0.0
01,07,2000,2.0
01,08,2000,0.0
01,09,2000,0.0
01,10,2000,0.0
01,11,2000,0.0
01,12,2000,0.0
01,13,2000,0.0
01,14,2000,18.0
01,15,2000,3.2
01,16,2000,0.0
01,17,2000,3.0
01,18,2000,0.0
01,19,2000,0.0
01,20,2000,0.0
01,21,2000,0.0
01,22,2000,0.0
01,23,2000,0.0
01,24,2000,0.0
01,25,2000,0.0
01,26,2000,0.0
01,27,2000,0.0
01,28,2000,0.0
01,29,2000,0.0
01,30,2000,0.0
01,31,2000,0.0
02,01,2000,0.0
02,02,2000,0.0
02,03,2000,0.0
02,04,2000,0.0
02,05,2000,0.0
02,06,2000,0.0
02,07,2000,0.0
02,08,2000,0.0
02,09,2000,0.0
02,10,2000,0.0
02,11,2000,0.0
02,12,2000,0.0
02,13,2000,0.0
02,14,2000,0.0
02,15,2000,0.0
02,16,2000,0.0
02,17,2000,0.0
02,18,2000,0.0
02,19,2000,0.0
02,20,2000,1.5
02,21,2000,3.5
02,22,2000,0.0
02,23,2000,0.0
02,24,2000,0.0
02,25,2000,0.0
02,26,2000,0.0
02,27,2000,0.0
02,28,2000,0.0
02,29,2000,0.0
03,01,2000,0.0
03,02,2000,0.0
03,03,2000,0.0
03,04,2000,0.0
03,05,2000,0.0
03,06,2000,0.0
03,07,2000,0.0
03,08,2000,0.0
03,09,2000,0.0
03,10,2000,0.0
03,11,2000,24.5
03,12,2000,0.0
03,13,2000,0.0
03,14,2000,0.0
03,15,2000,0.0
03,16,2000,0.0
03,17,2000,0.0
03,18,2000,0.0
03,19,2000,1.0
03,20,2000,0.0
03,21,2000,0.0
03,22,2000,0.0
03,23,2000,0.0
03,24,2000,0.0
03,25,2000,0.0
03,26,2000,0.0
03,27,2000,0.0
03,28,2000,0.0
03,29,2000,0.0
03,30,2000,0.0
03,31,2000,0.0
04,01,2000,0.0
04,02,2000,5.5
04,03,2000,0.0
04,04,2000,0.0
04,05,2000,0.0
04,06,2000,0.0
04,07,2000,0.0
04,08,2000,0.0
04,09,2000,38.4
04,10,2000,1.0
04,11,2000,0.0
04,12,2000,0.0
04,13,2000,0.0
04,14,2000,0.0
04,15,2000,0.0
04,16,2000,0.0
04,17,2000,0.0
04,18,2000,0.0
04,19,2000,0.0
04,20,2000,0.0
04,21,2000,0.0
04,22,2000,0.0
04,23,2000,0.0
04,24,2000,0.0
04,25,2000,0.0
04,26,2000,0.0
04,27,2000,0.0
04,28,2000,2.0
04,29,2000,0.0
04,30,2000,0.0
05,01,2000,0.0
05,02,2000,0.0
05,03,2000,0.0
05,04,2000,0.0
05,05,2000,0.0
05,06,2000,0.0
05,07,2000,1.0
05,08,2000,0.0
05,09,2000,0.0
05,10,2000,0.0
05,11,2000,0.0
05,12,2000,0.0
05,13,2000,44.0
05,14,2000,26.0
05,15,2000,14.0
05,16,2000,2.0
05,17,2000,3.0
05,18,2000,0.0
05,19,2000,68.0
05,20,2000,0.0
05,21,2000,2.5
05,22,2000,10.0
05,23,2000,1.5
05,24,2000,0.0
05,25,2000,0.0
05,26,2000,0.0
05,27,2000,0.0
05,28,2000,0.0
05,29,2000,62.0
05,30,2000,94.5
05,31,2000,79.5
06,01,2000,17.0
06,02,2000,0.0
06,03,2000,4.0
06,04,2000,45.5
06,05,2000,18.5
06,06,2000,10.0
06,07,2000,39.0
06,08,2000,22.0
06,09,2000,0.0
06,10,2000,0.0
06,11,2000,37.0
06,12,2000,2.5
06,13,2000,7.8
06,14,2000,7.0
06,15,2000,0.0
06,16,2000,0.0
06,17,2000,0.0
06,18,2000,48.8
06,19,2000,2.5
06,20,2000,19.0
06,21,2000,6.0
06,22,2000,0.0
06,23,2000,0.0
06,24,2000,0.0
06,25,2000,0.0
06,26,2000,0.0
06,27,2000,2.0
06,28,2000,51.0
06,29,2000,2.5
06,30,2000,0.0
07,01,2000,0.0
07,02,2000,0.0
07,03,2000,0.0
07,04,2000,0.0
07,05,2000,23.5
07,06,2000,0.0
07,07,2000,0.0
07,08,2000,6.0
07,09,2000,25.5
07,10,2000,68.5
07,11,2000,0.0
07,12,2000,0.0
07,13,2000,0.0
07,14,2000,0.0
07,15,2000,0.0
07,16,2000,0.0
07,17,2000,22.0
07,18,2000,24.0
07,19,2000,0.0
07,20,2000,0.0
07,21,2000,0.0
07,22,2000,0.0
07,23,2000,0.0
07,24,2000,4.0
07,25,2000,16.0
07,26,2000,17.0
07,27,2000,0.0
07,28,2000,5.0
07,29,2000,43.0
07,30,2000,15.0
07,31,2000,43.0
08,01,2000,0.0
08,02,2000,33.0
08,03,2000,30.0
08,04,2000,12.5
08,05,2000,0.0
08,06,2000,2.0
08,07,2000,0.0
08,08,2000,46.7
08,09,2000,18.7
08,10,2000,32.4
08,11,2000,7.5
08,12,2000,0.0
08,13,2000,0.0
08,14,2000,0.0
08,15,2000,0.0
08,16,2000,6.5
08,17,2000,3.0
08,18,2000,16.0
08,19,2000,0.0
08,20,2000,8.0
08,21,2000,86.0
08,22,2000,10.0
08,23,2000,0.0
08,24,2000,1.3
08,25,2000,0.0
08,26,2000,0.0
08,27,2000,4.0
08,28,2000,39.0
08,29,2000,39.0
08,30,2000,18.0
08,31,2000,17.5
09,01,2000,7.3
09,02,2000,30.3
09,03,2000,0.3
09,04,2000,0.3
09,05,2000,7.5
09,06,2000,0.0
09,07,2000,5.2
09,08,2000,0.0
09,09,2000,3.2
09,10,2000,2.0
09,11,2000,17.7
09,12,2000,49.0
09,13,2000,7.5
09,14,2000,13.7
09,15,2000,3.3
09,16,2000,34.0
09,17,2000,15.6
09,18,2000,26.0
09,19,2000,0.7
09,20,2000,0.0
09,21,2000,0.0
09,22,2000,0.0
09,23,2000,0.0
09,24,2000,0.0
09,25,2000,0.5
09,26,2000,23.8
09,27,2000,100.8
09,28,2000,5.5
09,29,2000,0.0
09,30,2000,0.5
10,01,2000,11.0
10,02,2000,0.0
10,03,2000,10.2
10,04,2000,0.0
10,05,2000,9.8
10,06,2000,1.0
10,07,2000,5.5
10,08,2000,0.0
10,09,2000,2.0
10,10,2000,3.3
10,11,2000,20.0
10,12,2000,0.0
10,13,2000,15.0
10,14,2000,0.0
10,15,2000,0.0
10,16,2000,0.0
10,17,2000,0.0
10,18,2000,0.0
10,19,2000,3.2
10,20,2000,0.0
10,21,2000,0.0
10,22,2000,0.5
10,23,2000,0.0
10,24,2000,4.3
10,25,2000,2.0
10,26,2000,1.7
10,27,2000,15.0
10,28,2000,7.0
10,29,2000,0.0
10,30,2000,8.0
10,31,2000,0.5
11,01,2000,0.0
11,02,2000,0.0
11,03,2000,0.0
11,04,2000,0.0
11,05,2000,0.0
11,06,2000,0.0
11,07,2000,0.0
11,08,2000,0.0
11,09,2000,0.0
11,10,2000,2.0
11,11,2000,0.0
11,12,2000,0.0
11,13,2000,0.0
11,14,2000,0.0
11,15,2000,0.0
11,16,2000,0.0
11,17,2000,0.0
11,18,2000,0.0
11,19,2000,20.0
11,20,2000,71.5
11,21,2000,39.0
11,22,2000,9.3
11,23,2000,0.0
11,24,2000,0.0
11,25,2000,0.0
11,26,2000,3.5
11,27,2000,0.3
11,28,2000,1.0
11,29,2000,3.0
11,30,2000,0.0
12,01,2000,0.0
12,02,2000,1.0
12,03,2000,5.5
12,04,2000,34.5
12,05,2000,28.8
12,06,2000,0.0
12,07,2000,2.0
12,08,2000,1.5
12,09,2000,0.5
12,10,2000,0.0
12,11,2000,0.0
12,12,2000,0.0
12,13,2000,0.0
12,14,2000,0.0
12,15,2000,0.0
12,16,2000,21.0
12,17,2000,8.0
12,18,2000,10.0
12,19,2000,2.0
12,20,2000,0.0
12,21,2000,2.0
12,22,2000,21.3
12,23,2000,0.0
12,24,2000,0.0
12,25,2000,2.5
12,26,2000,0.0
12,27,2000,0.0
12,28,2000,0.0
12,29,2000,0.0
12,30,2000,19.0
12,31,2000,0.0
01,01,2001,1.0
01,02,2001,2.5
01,03,2001,0.0
01,04,2001,3.0
01,05,2001,0.5
01,06,2001,0.0
01,07,2001,0.5
01,08,2001,0.0
01,09,2001,0.0
01,10,2001,0.0
01,11,2001,0.0
01,12,2001,3.0
01,13,2001,0.0
01,14,2001,0.0
01,15,2001,0.0
01,16,2001,0.0
01,17,2001,0.0
01,18,2001,0.0
01,19,2001,9.5
01,20,2001,0.0
01,21,2001,14.0
01,22,2001,11.0
01,23,2001,0.0
01,24,2001,0.0
01,25,2001,10.5
01,26,2001,0.0
01,27,2001,0.0
01,28,2001,0.0
01,29,2001,0.0
01,30,2001,0.0
01,31,2001,0.0
02,01,2001,0.0
02,02,2001,0.0
02,03,2001,0.5
02,04,2001,13.0
02,05,2001,8.7
02,06,2001,0.0
02,07,2001,0.0
02,08,2001,0.0
02,09,2001,0.0
02,10,2001,0.0
02,11,2001,0.0
02,12,2001,0.0
02,13,2001,0.0
02,14,2001,0.0
02,15,2001,0.0
02,16,2001,0.0
02,17,2001,0.0
02,18,2001,1.0
02,19,2001,0.0
02,20,2001,0.0
02,21,2001,0.0
02,22,2001,0.0
02,23,2001,0.0
02,24,2001,0.0
02,25,2001,0.0
02,26,2001,2.5
02,27,2001,0.0
02,28,2001,0.0
03,01,2001,0.0
03,02,2001,0.0
03,03,2001,0.0
03,04,2001,0.0
03,05,2001,0.0
03,06,2001,0.0
03,07,2001,0.0
03,08,2001,0.0
03,09,2001,0.0
03,10,2001,0.0
03,11,2001,0.0
03,12,2001,0.0
03,13,2001,0.0
03,14,2001,0.0
03,15,2001,0.0
03,16,2001,0.0
03,17,2001,0.0
03,18,2001,0.0
03,19,2001,12.5
03,20,2001,0.0
03,21,2001,0.0
03,22,2001,0.0
03,23,2001,0.0
03,24,2001,0.0
03,25,2001,0.0
03,26,2001,0.0
03,27,2001,0.0
03,28,2001,0.0
03,29,2001,0.0
03,30,2001,0.0
03,31,2001,0.0
04,01,2001,0.0
04,02,2001,0.0
04,03,2001,0.0
04,04,2001,0.0
04,05,2001,0.0
04,06,2001,0.0
04,07,2001,0.0
04,08,2001,0.0
04,09,2001,0.0
04,10,2001,0.0
04,11,2001,0.0
04,12,2001,0.0
04,13,2001,0.0
04,14,2001,0.0
04,15,2001,0.0
04,16,2001,0.0
04,17,2001,12.7
04,18,2001,0.0
04,19,2001,0.0
04,20,2001,0.0
04,21,2001,0.0
04,22,2001,0.0
04,23,2001,0.0
04,24,2001,2.3
04,25,2001,0.0
04,26,2001,0.0
04,27,2001,8.0
04,28,2001,0.0
04,29,2001,0.0
04,30,2001,0.0
05,01,2001,0.0
05,02,2001,0.0
05,03,2001,0.0
05,04,2001,0.0
05,05,2001,0.0
05,06,2001,0.0
05,07,2001,0.0
05,08,2001,0.0
05,09,2001,37.0
05,10,2001,0.0
05,11,2001,1.0
05,12,2001,1.0
05,13,2001,1.5
05,14,2001,0.0
05,15,2001,0.0
05,16,2001,0.0
05,17,2001,0.0
05,18,2001,0.0
05,19,2001,0.0
05,20,2001,0.0
05,21,2001,0.0
05,22,2001,0.0
05,23,2001,23.0
05,24,2001,0.0
05,25,2001,46.5
05,26,2001,0.0
05,27,2001,0.0
05,28,2001,0.0
05,29,2001,0.0
05,30,2001,0.0
05,31,2001,22.0
06,01,2001,0.0
06,02,2001,2.5
06,03,2001,0.0
06,04,2001,0.0
06,05,2001,0.0
06,06,2001,0.0
06,07,2001,0.0
06,08,2001,30.0
06,09,2001,0.0
06,10,2001,0.0
06,11,2001,0.0
06,12,2001,0.0
06,13,2001,0.0
06,14,2001,0.0
06,15,2001,0.0
06,16,2001,12.0
06,17,2001,29.0
06,18,2001,6.5
06,19,2001,0.0
06,20,2001,0.0
06,21,2001,0.0
06,22,2001,0.0
06,23,2001,12.0
06,24,2001,20.7
06,25,2001,5.0
06,26,2001,3.7
06,27,2001,26.0
06,28,2001,1.0
06,29,2001,0.0
06,30,2001,0.0
07,01,2001,2.0
07,02,2001,5.5
07,03,2001,7.5
07,04,2001,2.0
07,05,2001,26.0
07,06,2001,4.0
07,07,2001,5.0
07,08,2001,30.5
07,09,2001,32.5
07,10,2001,35.5
07,11,2001,46.5
07,12,2001,0.0
07,13,2001,0.0
07,14,2001,27.0
07,15,2001,0.0
07,16,2001,0.0
07,17,2001,8.7
07,18,2001,117.0
07,19,2001,0.0
07,20,2001,1.0
07,21,2001,0.0
07,22,2001,0.0
07,23,2001,0.0
07,24,2001,21.0
07,25,2001,21.0
07,26,2001,0.0
07,27,2001,5.0
07,28,2001,41.0
07,29,2001,29.8
07,30,2001,19.0
07,31,2001,3.0
08,01,2001,0.0
08,02,2001,6.5
08,03,2001,0.0
08,04,2001,0.0
08,05,2001,3.6
08,06,2001,5.0
08,07,2001,10.5
08,08,2001,20.0
08,09,2001,24.0
08,10,2001,18.5
08,11,2001,121.0
08,12,2001,58.5
08,13,2001,40.0
08,14,2001,55.5
08,15,2001,16.3
08,16,2001,0.0
08,17,2001,0.0
08,18,2001,3.0
08,19,2001,0.0
08,20,2001,14.5
08,21,2001,20.5
08,22,2001,59.9
08,23,2001,43.9
08,24,2001,3.9
08,25,2001,0.5
08,26,2001,0.0
08,27,2001,0.0
08,28,2001,4.9
08,29,2001,0.0
08,30,2001,0.0
08,31,2001,0.0
09,01,2001,0.0
09,02,2001,9.5
09,03,2001,6.5
09,04,2001,7.0
09,05,2001,43.0
09,06,2001,31.3
09,07,2001,4.2
09,08,2001,5.2
09,09,2001,28.2
09,10,2001,61.5
09,11,2001,0.0
09,12,2001,0.0
09,13,2001,11.2
09,14,2001,52.5
09,15,2001,6.4
09,16,2001,5.1
09,17,2001,29.3
09,18,2001,0.0
09,19,2001,0.0
09,20,2001,0.0
09,21,2001,27.1
09,22,2001,4.6
09,23,2001,8.3
09,24,2001,14.0
09,25,2001,1.1
09,26,2001,5.7
09,27,2001,22.7
09,28,2001,6.9
09,29,2001,0.0
09,30,2001,4.5
10,01,2001,1.5
10,02,2001,0.0
10,03,2001,0.0
10,04,2001,0.0
10,05,2001,0.0
10,06,2001,0.0
10,07,2001,8.0
10,08,2001,3.6
10,09,2001,94.6
10,10,2001,7.6
10,11,2001,0.0
10,12,2001,0.0
10,13,2001,0.0
10,14,2001,37.2
10,15,2001,35.0
10,16,2001,78.3
10,17,2001,40.1
10,18,2001,15.5
10,19,2001,2.5
10,20,2001,0.0
10,21,2001,0.0
10,22,2001,0.0
10,23,2001,0.0
10,24,2001,0.0
10,25,2001,17.8
10,26,2001,5.7
10,27,2001,109.6
10,28,2001,28.9
10,29,2001,1.6
10,30,2001,3.9
10,31,2001,3.1
11,01,2001,0.0
11,02,2001,0.0
11,03,2001,6.5
11,04,2001,30.4
11,05,2001,4.2
11,06,2001,6.5
11,07,2001,1.0
11,08,2001,0.0
11,09,2001,13.9
11,10,2001,0.7
11,11,2001,0.0
11,12,2001,0.0
11,13,2001,0.0
11,14,2001,0.0
11,15,2001,2.2
11,16,2001,11.0
11,17,2001,0.0
11,18,2001,0.0
11,19,2001,0.0
11,20,2001,0.0
11,21,2001,6.3
11,22,2001,0.0
11,23,2001,0.0
11,24,2001,0.0
11,25,2001,0.0
11,26,2001,0.0
11,27,2001,0.0
11,28,2001,0.0
11,29,2001,0.0
11,30,2001,0.0
12,01,2001,0.0
12,02,2001,0.4
12,03,2001,2.7
12,04,2001,0.0
12,05,2001,0.0
12,06,2001,0.0
12,07,2001,0.0
12,08,2001,0.0
12,09,2001,0.0
12,10,2001,0.0
12,11,2001,0.0
12,12,2001,0.0
12,13,2001,0.0
12,14,2001,0.0
12,15,2001,0.0
12,16,2001,0.0
12,17,2001,0.0
12,18,2001,0.0
12,19,2001,50.8
12,20,2001,0.5
12,21,2001,0.0
12,22,2001,0.0
12,23,2001,0.0
12,24,2001,0.0
12,25,2001,0.5
12,26,2001,19.5
12,27,2001,0.0
12,28,2001,0.0
12,29,2001,0.5
12,30,2001,0.0
12,31,2001,0.0
01,01,2002,0.0
01,02,2002,0.0
01,03,2002,1.5
01,04,2002,1.1
01,05,2002,0.5
01,06,2002,0.0
01,07,2002,0.0
01,08,2002,0.0
01,09,2002,0.0
01,10,2002,0.0
01,11,2002,0.0
01,12,2002,0.0
01,13,2002,0.0
01,14,2002,0.0
01,15,2002,0.0
01,16,2002,0.0
01,17,2002,0.0
01,18,2002,0.0
01,19,2002,0.0
01,20,2002,0.0
01,21,2002,0.0
01,22,2002,0.0
01,23,2002,0.0
01,24,2002,0.0
01,25,2002,1.2
01,26,2002,0.0
01,27,2002,0.0
01,28,2002,0.0
01,29,2002,0.0
01,30,2002,0.0
01,31,2002,0.0
02,01,2002,2.5
02,02,2002,2.5
02,03,2002,0.0
02,04,2002,0.0
02,05,2002,0.0
02,06,2002,0.0
02,07,2002,0.0
02,08,2002,0.0
02,09,2002,0.0
02,10,2002,0.0
02,11,2002,0.0
02,12,2002,0.0
02,13,2002,0.0
02,14,2002,0.0
02,15,2002,0.0
02,16,2002,0.0
02,17,2002,5.0
02,18,2002,0.0
02,19,2002,0.0
02,20,2002,0.0
02,21,2002,0.0
02,22,2002,0.3
02,23,2002,0.0
02,24,2002,0.0
02,25,2002,0.0
02,26,2002,6.0
02,27,2002,0.0
02,28,2002,0.0
03,01,2002,0.0
03,02,2002,0.0
03,03,2002,0.0
03,04,2002,0.0
03,05,2002,3.5
03,06,2002,0.0
03,07,2002,0.0
03,08,2002,0.0
03,09,2002,0.0
03,10,2002,14.7
03,11,2002,0.0
03,12,2002,0.0
03,13,2002,0.0
03,14,2002,0.0
03,15,2002,0.0
03,16,2002,0.0
03,17,2002,0.0
03,18,2002,0.0
03,19,2002,0.0
03,20,2002,0.0
03,21,2002,0.0
03,22,2002,0.0
03,23,2002,0.0
03,24,2002,0.0
03,25,2002,0.0
03,26,2002,0.0
03,27,2002,0.0
03,28,2002,0.0
03,29,2002,0.0
03,30,2002,0.0
03,31,2002,0.0
04,01,2002,0.0
04,02,2002,0.0
04,03,2002,0.0
04,04,2002,0.0
04,05,2002,0.0
04,06,2002,0.0
04,07,2002,0.0
04,08,2002,0.0
04,09,2002,0.0
04,10,2002,2.0
04,11,2002,0.0
04,12,2002,0.0
04,13,2002,0.0
04,14,2002,0.0
04,15,2002,0.0
04,16,2002,0.0
04,17,2002,0.0
04,18,2002,0.0
04,19,2002,0.0
04,20,2002,0.0
04,21,2002,0.0
04,22,2002,0.0
04,23,2002,1.5
04,24,2002,0.0
04,25,2002,0.0
04,26,2002,0.0
04,27,2002,0.0
04,28,2002,0.0
04,29,2002,0.0
04,30,2002,0.0
05,01,2002,0.0
05,02,2002,0.0
05,03,2002,0.0
05,04,2002,0.0
05,05,2002,1.9
05,06,2002,0.0
05,07,2002,0.0
05,08,2002,0.0
05,09,2002,0.0
05,10,2002,0.0
05,11,2002,0.0
05,12,2002,0.0
05,13,2002,0.0
05,14,2002,4.5
05,15,2002,0.5
05,16,2002,0.0
05,17,2002,2.0
05,18,2002,7.7
05,19,2002,2.0
05,20,2002,0.2
05,21,2002,0.0
05,22,2002,0.0
05,23,2002,0.0
05,24,2002,0.0
05,25,2002,0.0
05,26,2002,0.0
05,27,2002,0.0
05,28,2002,0.0
05,29,2002,0.0
05,30,2002,0.0
05,31,2002,0.0
06,01,2002,0.0
06,02,2002,0.0
06,03,2002,0.0
06,04,2002,0.0
06,05,2002,0.0
06,06,2002,1.0
06,07,2002,3.3
06,08,2002,1.2
06,09,2002,0.0
06,10,2002,47.5
06,11,2002,0.8
06,12,2002,4.0
06,13,2002,42.5
06,14,2002,17.0
06,15,2002,29.0
06,16,2002,0.0
06,17,2002,0.0
06,18,2002,15.0
06,19,2002,24.5
06,20,2002,5.4
06,21,2002,31.0
06,22,2002,28.9
06,23,2002,1.6
06,24,2002,0.0
06,25,2002,0.5
06,26,2002,1.6
06,27,2002,84.0
06,28,2002,17.0
06,29,2002,0.0
06,30,2002,0.0
07,01,2002,0.0
07,02,2002,0.0
07,03,2002,0.0
07,04,2002,2.2
07,05,2002,12.0
07,06,2002,0.0
07,07,2002,0.0
07,08,2002,2.0
07,09,2002,0.0
07,10,2002,12.2
07,11,2002,11.2
07,12,2002,25.5
07,13,2002,7.9
07,14,2002,0.0
07,15,2002,0.0
07,16,2002,0.0
07,17,2002,13.3
07,18,2002,5.4
07,19,2002,1.0
07,20,2002,2.0
07,21,2002,71.0
07,22,2002,10.0
07,23,2002,24.0
07,24,2002,0.0
07,25,2002,0.0
07,26,2002,0.0
07,27,2002,0.0
07,28,2002,0.0
07,29,2002,6.8
07,30,2002,0.0
07,31,2002,4.0
08,01,2002,0.0
08,02,2002,0.0
08,03,2002,0.3
08,04,2002,12.1
08,05,2002,0.0
08,06,2002,0.0
08,07,2002,0.0
08,08,2002,0.0
08,09,2002,0.0
08,10,2002,0.3
08,11,2002,2.5
08,12,2002,0.0
08,13,2002,0.0
08,14,2002,0.0
08,15,2002,0.0
08,16,2002,0.0
08,17,2002,1.0
08,18,2002,7.5
08,19,2002,3.5
08,20,2002,10.5
08,21,2002,1.4
08,22,2002,19.0
08,23,2002,7.6
08,24,2002,0.0
08,25,2002,0.0
08,26,2002,0.0
08,27,2002,0.0
08,28,2002,63.0
08,29,2002,14.4
08,30,2002,0.8
08,31,2002,1.5
09,01,2002,0.5
09,02,2002,15.0
09,03,2002,0.0
09,04,2002,32.0
09,05,2002,0.0
09,06,2002,0.0
09,07,2002,0.0
09,08,2002,0.0
09,09,2002,23.6
09,10,2002,3.3
09,11,2002,0.0
09,12,2002,9.0
09,13,2002,1.3
09,14,2002,2.3
09,15,2002,1.7
09,16,2002,5.0
09,17,2002,0.0
09,18,2002,0.0
09,19,2002,0.0
09,20,2002,0.0
09,21,2002,4.9
09,22,2002,4.5
09,23,2002,0.0
09,24,2002,0.0
09,25,2002,4.2
09,26,2002,1.3
09,27,2002,3.0
09,28,2002,0.8
09,29,2002,5.7
09,30,2002,0.0
10,01,2002,null
10,02,2002,null
10,03,2002,null
10,04,2002,null
10,05,2002,null
10,06,2002,null
10,07,2002,null
10,08,2002,null
10,09,2002,null
10,10,2002,null
10,11,2002,null
10,12,2002,null
10,13,2002,null
10,14,2002,null
10,15,2002,null
10,16,2002,null
10,17,2002,null
10,18,2002,null
10,19,2002,null
10,20,2002,null
10,21,2002,null
10,22,2002,null
10,23,2002,null
10,24,2002,null
10,25,2002,null
10,26,2002,null
10,27,2002,null
10,28,2002,null
10,29,2002,null
10,30,2002,null
10,31,2002,null
11,01,2002,null
11,02,2002,null
11,03,2002,null
11,04,2002,null
11,05,2002,null
11,06,2002,null
11,07,2002,null
11,08,2002,null
11,09,2002,null
11,10,2002,null
11,11,2002,null
11,12,2002,null
11,13,2002,null
11,14,2002,null
11,15,2002,null
11,16,2002,null
11,17,2002,null
11,18,2002,null
11,19,2002,null
11,20,2002,null
11,21,2002,null
11,22,2002,null
11,23,2002,null
11,24,2002,null
11,25,2002,null
11,26,2002,null
11,27,2002,null
11,28,2002,null
11,29,2002,null
11,30,2002,null
12,01,2002,null
12,02,2002,null
12,03,2002,null
12,04,2002,null
12,05,2002,null
12,06,2002,null
12,07,2002,null
12,08,2002,null
12,09,2002,null
12,10,2002,null
12,11,2002,null
12,12,2002,null
12,13,2002,null
12,14,2002,null
12,15,2002,null
12,16,2002,null
12,17,2002,null
12,18,2002,null
12,19,2002,null
12,20,2002,null
12,21,2002,null
12,22,2002,null
12,23,2002,null
12,24,2002,null
12,25,2002,null
12,26,2002,null
12,27,2002,null
12,28,2002,null
12,29,2002,null
12,30,2002,null
12,31,2002,null
01,01,2003,0.0
01,02,2003,0.0
01,03,2003,0.0
01,04,2003,0.8
01,05,2003,0.4
01,06,2003,7.2
01,07,2003,16.5
01,08,2003,0.0
01,09,2003,0.0
01,10,2003,0.0
01,11,2003,0.0
01,12,2003,0.0
01,13,2003,14.6
01,14,2003,0.0
01,15,2003,0.0
01,16,2003,21.5
01,17,2003,11.5
01,18,2003,8.5
01,19,2003,0.0
01,20,2003,0.0
01,21,2003,0.0
01,22,2003,0.0
01,23,2003,10.8
01,24,2003,2.1
01,25,2003,0.0
01,26,2003,0.0
01,27,2003,0.5
01,28,2003,1.0
01,29,2003,0.0
01,30,2003,0.0
01,31,2003,0.0
02,01,2003,0.0
02,02,2003,0.0
02,03,2003,0.0
02,04,2003,0.0
02,05,2003,0.0
02,06,2003,0.0
02,07,2003,0.0
02,08,2003,0.0
02,09,2003,0.0
02,10,2003,0.0
02,11,2003,0.0
02,12,2003,0.0
02,13,2003,0.0
02,14,2003,0.0
02,15,2003,0.0
02,16,2003,5.4
02,17,2003,0.0
02,18,2003,0.2
02,19,2003,0.0
02,20,2003,0.0
02,21,2003,0.0
02,22,2003,0.0
02,23,2003,0.0
02,24,2003,0.0
02,25,2003,0.0
02,26,2003,0.0
02,27,2003,0.0
02,28,2003,0.0
03,01,2003,0.0
03,02,2003,0.0
03,03,2003,0.0
03,04,2003,0.0
03,05,2003,0.0
03,06,2003,0.0
03,07,2003,0.0
03,08,2003,0.0
03,09,2003,0.0
03,10,2003,0.0
03,11,2003,0.0
03,12,2003,0.0
03,13,2003,0.0
03,14,2003,0.0
03,15,2003,0.0
03,16,2003,0.0
03,17,2003,0.0
03,18,2003,0.0
03,19,2003,0.0
03,20,2003,0.0
03,21,2003,0.0
03,22,2003,0.0
03,23,2003,0.0
03,24,2003,0.0
03,25,2003,0.0
03,26,2003,0.0
03,27,2003,0.0
03,28,2003,0.0
03,29,2003,0.5
03,30,2003,0.0
03,31,2003,0.0
04,01,2003,0.0
04,02,2003,0.0
04,03,2003,0.0
04,04,2003,0.0
04,05,2003,0.0
04,06,2003,0.0
04,07,2003,0.0
04,08,2003,35.5
04,09,2003,0.0
04,10,2003,0.0
04,11,2003,0.0
04,12,2003,0.0
04,13,2003,0.0
04,14,2003,0.0
04,15,2003,0.0
04,16,2003,0.0
04,17,2003,0.0
04,18,2003,0.0
04,19,2003,0.0
04,20,2003,0.0
04,21,2003,0.0
04,22,2003,0.0
04,23,2003,0.0
04,24,2003,0.0
04,25,2003,0.0
04,26,2003,0.0
04,27,2003,0.0
04,28,2003,0.0
04,29,2003,0.0
04,30,2003,0.0
05,01,2003,0.0
05,02,2003,0.0
05,03,2003,0.0
05,04,2003,0.0
05,05,2003,0.0
05,06,2003,0.0
05,07,2003,0.0
05,08,2003,0.0
05,09,2003,0.0
05,10,2003,0.0
05,11,2003,0.0
05,12,2003,0.0
05,13,2003,0.0
05,14,2003,0.0
05,15,2003,0.0
05,16,2003,0.0
05,17,2003,0.0
05,18,2003,0.0
05,19,2003,0.0
05,20,2003,3.0
05,21,2003,0.0
05,22,2003,0.0
05,23,2003,0.0
05,24,2003,0.0
05,25,2003,0.0
05,26,2003,110.0
05,27,2003,6.0
05,28,2003,29.5
05,29,2003,8.5
05,30,2003,0.0
05,31,2003,0.0
06,01,2003,0.0
06,02,2003,0.0
06,03,2003,0.0
06,04,2003,0.0
06,05,2003,0.0
06,06,2003,0.0
06,07,2003,1.0
06,08,2003,0.1
06,09,2003,5.3
06,10,2003,13.0
06,11,2003,0.0
06,12,2003,0.0
06,13,2003,0.0
06,14,2003,0.0
06,15,2003,0.0
06,16,2003,0.0
06,17,2003,0.0
06,18,2003,16.9
06,19,2003,51.9
06,20,2003,10.0
06,21,2003,0.0
06,22,2003,1.6
06,23,2003,21.9
06,24,2003,0.9
06,25,2003,42.0
06,26,2003,0.2
06,27,2003,1.5
06,28,2003,8.7
06,29,2003,0.0
06,30,2003,0.0
07,01,2003,0.0
07,02,2003,8.1
07,03,2003,0.0
07,04,2003,0.0
07,05,2003,45.7
07,06,2003,0.7
07,07,2003,0.0
07,08,2003,21.1
07,09,2003,61.6
07,10,2003,0.9
07,11,2003,0.0
07,12,2003,8.1
07,13,2003,0.0
07,14,2003,0.2
07,15,2003,67.6
07,16,2003,0.2
07,17,2003,5.5
07,18,2003,8.1
07,19,2003,16.5
07,20,2003,5.1
07,21,2003,2.3
07,22,2003,0.0
07,23,2003,2.2
07,24,2003,20.0
07,25,2003,13.7
07,26,2003,72.5
07,27,2003,14.8
07,28,2003,0.0
07,29,2003,0.0
07,30,2003,0.0
07,31,2003,4.8
08,01,2003,7.1
08,02,2003,0.0
08,03,2003,0.0
08,04,2003,17.1
08,05,2003,0.0
08,06,2003,0.0
08,07,2003,0.0
08,08,2003,0.0
08,09,2003,0.0
08,10,2003,0.0
08,11,2003,0.0
08,12,2003,18.0
08,13,2003,14.0
08,14,2003,3.5
08,15,2003,0.8
08,16,2003,16.1
08,17,2003,3.9
08,18,2003,1.2
08,19,2003,56.5
08,20,2003,119.0
08,21,2003,6.7
08,22,2003,3.9
08,23,2003,41.6
08,24,2003,3.3
08,25,2003,3.6
08,26,2003,0.3
08,27,2003,0.3
08,28,2003,0.9
08,29,2003,10.1
08,30,2003,51.2
08,31,2003,0.0
09,01,2003,0.0
09,02,2003,0.0
09,03,2003,15.2
09,04,2003,0.0
09,05,2003,1.2
09,06,2003,0.0
09,07,2003,0.0
09,08,2003,3.8
09,09,2003,1.2
09,10,2003,22.0
09,11,2003,4.7
09,12,2003,46.7
09,13,2003,10.0
09,14,2003,107.4
09,15,2003,39.7
09,16,2003,39.0
09,17,2003,0.0
09,18,2003,0.0
09,19,2003,5.6
09,20,2003,10.4
09,21,2003,1.2
09,22,2003,0.0
09,23,2003,1.7
09,24,2003,0.0
09,25,2003,0.0
09,26,2003,0.0
09,27,2003,6.8
09,28,2003,25.4
09,29,2003,168.3
09,30,2003,1.0
10,01,2003,15.9
10,02,2003,3.6
10,03,2003,30.3
10,04,2003,28.3
10,05,2003,122.5
10,06,2003,23.7
10,07,2003,23.0
10,08,2003,5.3
10,09,2003,0.0
10,10,2003,0.0
10,11,2003,5.1
10,12,2003,0.5
10,13,2003,0.2
10,14,2003,1.8
10,15,2003,13.0
10,16,2003,20.0
10,17,2003,31.3
10,18,2003,0.8
10,19,2003,0.9
10,20,2003,1.8
10,21,2003,7.9
10,22,2003,0.8
10,23,2003,0.0
10,24,2003,0.0
10,25,2003,0.0
10,26,2003,0.0
10,27,2003,6.8
10,28,2003,0.0
10,29,2003,0.0
10,30,2003,0.0
10,31,2003,25.7
11,01,2003,32.2
11,02,2003,0.0
11,03,2003,0.0
11,04,2003,0.0
11,05,2003,0.0
11,06,2003,5.4
11,07,2003,116.7
11,08,2003,21.4
11,09,2003,80.5
11,10,2003,34.1
11,11,2003,25.0
11,12,2003,26.7
11,13,2003,7.6
11,14,2003,0.0
11,15,2003,0.0
11,16,2003,0.0
11,17,2003,0.0
11,18,2003,0.0
11,19,2003,0.0
11,20,2003,0.0
11,21,2003,0.0
11,22,2003,0.0
11,23,2003,0.0
11,24,2003,0.0
11,25,2003,0.0
11,26,2003,0.0
11,27,2003,0.0
11,28,2003,0.0
11,29,2003,4.3
11,30,2003,1.9
12,01,2003,2.5
12,02,2003,0.0
12,03,2003,0.0
12,04,2003,0.0
12,05,2003,3.1
12,06,2003,36.1
12,07,2003,8.9
12,08,2003,0.0
12,09,2003,0.0
12,10,2003,0.2
12,11,2003,0.0
12,12,2003,0.0
12,13,2003,0.0
12,14,2003,0.0
12,15,2003,0.0
12,16,2003,0.0
12,17,2003,0.0
12,18,2003,1.9
12,19,2003,5.5
12,20,2003,0.2
12,21,2003,0.0
12,22,2003,0.0
12,23,2003,0.9
12,24,2003,3.1
12,25,2003,0.0
12,26,2003,0.0
12,27,2003,0.0
12,28,2003,0.0
12,29,2003,3.0
12,30,2003,0.3
12,31,2003,0.1
01,01,2004,0.0
01,02,2004,0.0
01,03,2004,0.0
01,04,2004,0.0
01,05,2004,8.8
01,06,2004,1.7
01,07,2004,0.3
01,08,2004,0.2
01,09,2004,0.2
01,10,2004,4.7
01,11,2004,4.3
01,12,2004,1.5
01,13,2004,0.0
01,14,2004,0.0
01,15,2004,0.0
01,16,2004,0.0
01,17,2004,0.0
01,18,2004,5.3
01,19,2004,0.1
01,20,2004,0.0
01,21,2004,0.0
01,22,2004,0.0
01,23,2004,0.0
01,24,2004,0.0
01,25,2004,0.0
01,26,2004,0.0
01,27,2004,0.0
01,28,2004,0.5
01,29,2004,0.0
01,30,2004,3.1
01,31,2004,0.1
02,01,2004,0.0
02,02,2004,0.0
02,03,2004,0.0
02,04,2004,0.0
02,05,2004,0.0
02,06,2004,0.0
02,07,2004,0.4
02,08,2004,1.2
02,09,2004,1.3
02,10,2004,0.0
02,11,2004,0.0
02,12,2004,0.0
02,13,2004,0.0
02,14,2004,0.0
02,15,2004,0.0
02,16,2004,13.7
02,17,2004,2.4
02,18,2004,0.0
02,19,2004,0.0
02,20,2004,0.0
02,21,2004,0.0
02,22,2004,0.0
02,23,2004,0.0
02,24,2004,0.0
02,25,2004,0.0
02,26,2004,0.8
02,27,2004,2.2
02,28,2004,0.0
02,29,2004,0.0
03,01,2004,0.0
03,02,2004,0.0
03,03,2004,0.0
03,04,2004,0.0
03,05,2004,0.0
03,06,2004,0.0
03,07,2004,0.0
03,08,2004,0.0
03,09,2004,0.0
03,10,2004,0.0
03,11,2004,2.7
03,12,2004,0.0
03,13,2004,0.0
03,14,2004,0.0
03,15,2004,0.0
03,16,2004,0.0
03,17,2004,10.9
03,18,2004,0.0
03,19,2004,0.0
03,20,2004,0.0
03,21,2004,6.5
03,22,2004,3.3
03,23,2004,2.6
03,24,2004,0.0
03,25,2004,0.0
03,26,2004,0.0
03,27,2004,21.0
03,28,2004,0.0
03,29,2004,18.7
03,30,2004,2.7
03,31,2004,2.6
04,01,2004,0.0
04,02,2004,0.0
04,03,2004,18.3
04,04,2004,0.0
04,05,2004,0.0
04,06,2004,0.2
04,07,2004,0.0
04,08,2004,0.0
04,09,2004,0.0
04,10,2004,0.0
04,11,2004,0.0
04,12,2004,0.0
04,13,2004,0.0
04,14,2004,0.0
04,15,2004,0.0
04,16,2004,0.0
04,17,2004,0.0
04,18,2004,0.0
04,19,2004,0.0
04,20,2004,0.0
04,21,2004,0.0
04,22,2004,0.0
04,23,2004,0.0
04,24,2004,0.0
04,25,2004,0.0
04,26,2004,1.9
04,27,2004,17.3
04,28,2004,2.7
04,29,2004,0.0
04,30,2004,0.0
05,01,2004,0.0
05,02,2004,8.5
05,03,2004,0.0
05,04,2004,0.8
05,05,2004,30.8
05,06,2004,0.0
05,07,2004,0.0
05,08,2004,0.0
05,09,2004,0.0
05,10,2004,0.0
05,11,2004,0.0
05,12,2004,0.0
05,13,2004,0.0
05,14,2004,53.7
05,15,2004,4.6
05,16,2004,5.7
05,17,2004,0.2
05,18,2004,0.0
05,19,2004,0.0
05,20,2004,0.3
05,21,2004,0.3
05,22,2004,0.0
05,23,2004,0.0
05,24,2004,0.0
05,25,2004,0.0
05,26,2004,0.0
05,27,2004,0.0
05,28,2004,0.0
05,29,2004,0.0
05,30,2004,0.0
05,31,2004,0.0
06,01,2004,23.5
06,02,2004,17.1
06,03,2004,0.2
06,04,2004,26.8
06,05,2004,0.1
06,06,2004,0.0
06,07,2004,3.8
06,08,2004,41.5
06,09,2004,0.0
06,10,2004,0.0
06,11,2004,0.0
06,12,2004,54.6
06,13,2004,0.0
06,14,2004,0.0
06,15,2004,10.3
06,16,2004,1.0
06,17,2004,0.0
06,18,2004,0.0
06,19,2004,0.0
06,20,2004,0.0
06,21,2004,0.0
06,22,2004,15.4
06,23,2004,0.5
06,24,2004,15.1
06,25,2004,9.6
06,26,2004,0.0
06,27,2004,0.2
06,28,2004,0.0
06,29,2004,2.5
06,30,2004,0.0
07,01,2004,0.0
07,02,2004,0.0
07,03,2004,0.0
07,04,2004,17.0
07,05,2004,2.5
07,06,2004,9.5
07,07,2004,0.0
07,08,2004,0.0
07,09,2004,0.4
07,10,2004,11.4
07,11,2004,0.0
07,12,2004,0.0
07,13,2004,0.0
07,14,2004,0.9
07,15,2004,28.2
07,16,2004,0.2
07,17,2004,0.0
07,18,2004,0.0
07,19,2004,0.0
07,20,2004,4.6
07,21,2004,1.9
07,22,2004,94.5
07,23,2004,0.5
07,24,2004,0.0
07,25,2004,6.4
07,26,2004,0.0
07,27,2004,0.0
07,28,2004,0.0
07,29,2004,0.0
07,30,2004,0.0
07,31,2004,0.0
08,01,2004,4.7
08,02,2004,0.0
08,03,2004,20.0
08,04,2004,0.0
08,05,2004,0.0
08,06,2004,0.0
08,07,2004,0.0
08,08,2004,0.0
08,09,2004,0.0
08,10,2004,0.0
08,11,2004,0.0
08,12,2004,0.0
08,13,2004,0.0
08,14,2004,4.5
08,15,2004,11.8
08,16,2004,27.1
08,17,2004,16.9
08,18,2004,3.4
08,19,2004,44.5
08,20,2004,0.0
08,21,2004,0.3
08,22,2004,0.0
08,23,2004,22.3
08,24,2004,28.7
08,25,2004,0.0
08,26,2004,0.0
08,27,2004,3.1
08,28,2004,23.5
08,29,2004,72.1
08,30,2004,1.1
08,31,2004,3.5
09,01,2004,5.9
09,02,2004,2.2
09,03,2004,0.6
09,04,2004,0.0
09,05,2004,0.0
09,06,2004,16.7
09,07,2004,0.2
09,08,2004,25.7
09,09,2004,28.0
09,10,2004,10.2
09,11,2004,0.0
09,12,2004,5.3
09,13,2004,5.7
09,14,2004,0.0
09,15,2004,4.9
09,16,2004,4.0
09,17,2004,10.0
09,18,2004,4.0
09,19,2004,0.0
09,20,2004,0.0
09,21,2004,0.0
09,22,2004,0.0
09,23,2004,2.6
09,24,2004,0.0
09,25,2004,3.4
09,26,2004,0.7
09,27,2004,28.8
09,28,2004,7.5
09,29,2004,73.2
09,30,2004,34.6
10,01,2004,34.5
10,02,2004,6.5
10,03,2004,69.6
10,04,2004,35.0
10,05,2004,34.1
10,06,2004,7.5
10,07,2004,0.0
10,08,2004,1.3
10,09,2004,43.5
10,10,2004,1.6
10,11,2004,8.1
10,12,2004,0.4
10,13,2004,0.8
10,14,2004,0.0
10,15,2004,1.7
10,16,2004,0.0
10,17,2004,0.0
10,18,2004,0.0
10,19,2004,0.0
10,20,2004,7.1
10,21,2004,2.0
10,22,2004,0.0
10,23,2004,0.0
10,24,2004,0.0
10,25,2004,1.4
10,26,2004,6.2
10,27,2004,0.0
10,28,2004,0.0
10,29,2004,0.3
10,30,2004,6.0
10,31,2004,0.0
11,01,2004,0.0
11,02,2004,5.0
11,03,2004,32.0
11,04,2004,34.9
11,05,2004,0.0
11,06,2004,0.7
11,07,2004,0.7
11,08,2004,0.0
11,09,2004,0.0
11,10,2004,0.0
11,11,2004,0.0
11,12,2004,2.8
11,13,2004,7.5
11,14,2004,0.0
11,15,2004,9.2
11,16,2004,15.5
11,17,2004,0.8
11,18,2004,0.0
11,19,2004,0.0
11,20,2004,0.0
11,21,2004,0.0
11,22,2004,0.0
11,23,2004,0.0
11,24,2004,0.0
11,25,2004,0.0
11,26,2004,0.0
11,27,2004,0.0
11,28,2004,0.0
11,29,2004,0.0
11,30,2004,0.0
12,01,2004,0.0
12,02,2004,0.0
12,03,2004,0.0
12,04,2004,0.0
12,05,2004,0.0
12,06,2004,0.0
12,07,2004,0.0
12,08,2004,0.0
12,09,2004,0.0
12,10,2004,21.0
12,11,2004,0.0
12,12,2004,0.0
12,13,2004,0.0
12,14,2004,0.7
12,15,2004,0.1
12,16,2004,0.0
12,17,2004,0.0
12,18,2004,0.0
12,19,2004,10.4
12,20,2004,0.0
12,21,2004,0.0
12,22,2004,0.0
12,23,2004,0.0
12,24,2004,0.7
12,25,2004,0.5
12,26,2004,0.8
12,27,2004,6.7
12,28,2004,0.0
12,29,2004,0.0
12,30,2004,0.0
12,31,2004,0.0
01,01,2005,0.0
01,02,2005,1.0
01,03,2005,5.3
01,04,2005,0.0
01,05,2005,0.0
01,06,2005,0.0
01,07,2005,0.0
01,08,2005,0.5
01,09,2005,0.0
01,10,2005,2.0
01,11,2005,0.0
01,12,2005,0.0
01,13,2005,0.0
01,14,2005,0.0
01,15,2005,0.6
01,16,2005,11.4
01,17,2005,16.4
01,18,2005,4.1
01,19,2005,0.0
01,20,2005,0.0
01,21,2005,0.0
01,22,2005,0.0
01,23,2005,0.0
01,24,2005,5.7
01,25,2005,0.0
01,26,2005,0.0
01,27,2005,0.0
01,28,2005,0.0
01,29,2005,0.0
01,30,2005,0.0
01,31,2005,0.0
02,01,2005,0.0
02,02,2005,0.0
02,03,2005,0.0
02,04,2005,1.8
02,05,2005,4.1
02,06,2005,0.0
02,07,2005,0.0
02,08,2005,0.0
02,09,2005,0.0
02,10,2005,0.0
02,11,2005,0.0
02,12,2005,0.0
02,13,2005,0.0
02,14,2005,0.0
02,15,2005,0.0
02,16,2005,0.0
02,17,2005,0.0
02,18,2005,0.0
02,19,2005,0.0
02,20,2005,0.0
02,21,2005,0.0
02,22,2005,0.0
02,23,2005,0.0
02,24,2005,0.0
02,25,2005,9.6
02,26,2005,0.0
02,27,2005,0.0
02,28,2005,0.0
03,01,2005,0.0
03,02,2005,0.0
03,03,2005,0.0
03,04,2005,0.0
03,05,2005,0.0
03,06,2005,0.0
03,07,2005,0.0
03,08,2005,0.0
03,09,2005,1.0
03,10,2005,0.0
03,11,2005,0.0
03,12,2005,0.0
03,13,2005,0.0
03,14,2005,0.0
03,15,2005,0.0
03,16,2005,7.0
03,17,2005,3.0
03,18,2005,0.0
03,19,2005,0.0
03,20,2005,0.0
03,21,2005,0.0
03,22,2005,0.0
03,23,2005,0.0
03,24,2005,0.0
03,25,2005,0.0
03,26,2005,0.0
03,27,2005,0.0
03,28,2005,0.0
03,29,2005,0.0
03,30,2005,0.0
03,31,2005,0.0
04,01,2005,0.0
04,02,2005,0.0
04,03,2005,0.0
04,04,2005,0.0
04,05,2005,0.0
04,06,2005,0.0
04,07,2005,0.0
04,08,2005,0.0
04,09,2005,0.0
04,10,2005,0.0
04,11,2005,0.0
04,12,2005,0.0
04,13,2005,0.0
04,14,2005,0.0
04,15,2005,0.0
04,16,2005,5.0
04,17,2005,0.0
04,18,2005,0.0
04,19,2005,0.0
04,20,2005,0.0
04,21,2005,0.0
04,22,2005,0.0
04,23,2005,0.0
04,24,2005,0.0
04,25,2005,0.0
04,26,2005,0.0
04,27,2005,0.0
04,28,2005,0.0
04,29,2005,0.0
04,30,2005,null
05,01,2005,0.0
05,02,2005,0.0
05,03,2005,1.0
05,04,2005,0.0
05,05,2005,3.7
05,06,2005,1.0
05,07,2005,0.0
05,08,2005,0.0
05,09,2005,0.0
05,10,2005,0.0
05,11,2005,0.0
05,12,2005,0.0
05,13,2005,0.0
05,14,2005,0.0
05,15,2005,0.0
05,16,2005,0.0
05,17,2005,0.0
05,18,2005,0.0
05,19,2005,0.0
05,20,2005,0.0
05,21,2005,0.0
05,22,2005,0.0
05,23,2005,0.0
05,24,2005,0.0
05,25,2005,0.0
05,26,2005,0.0
05,27,2005,0.0
05,28,2005,0.0
05,29,2005,0.0
05,30,2005,0.0
05,31,2005,0.0
06,01,2005,0.0
06,02,2005,0.0
06,03,2005,0.0
06,04,2005,0.0
06,05,2005,0.0
06,06,2005,0.0
06,07,2005,0.0
06,08,2005,0.0
06,09,2005,0.0
06,10,2005,0.0
06,11,2005,0.0
06,12,2005,0.0
06,13,2005,0.0
06,14,2005,120.5
06,15,2005,109.0
06,16,2005,4.2
06,17,2005,0.0
06,18,2005,0.0
06,19,2005,52.5
06,20,2005,63.0
06,21,2005,0.5
06,22,2005,6.0
06,23,2005,28.0
06,24,2005,0.5
06,25,2005,12.0
06,26,2005,0.5
06,27,2005,1.5
06,28,2005,0.5
06,29,2005,32.0
06,30,2005,0.0
07,01,2005,0.0
07,02,2005,19.0
07,03,2005,0.0
07,04,2005,0.0
07,05,2005,4.5
07,06,2005,0.2
07,07,2005,0.0
07,08,2005,0.0
07,09,2005,0.0
07,10,2005,0.0
07,11,2005,0.3
07,12,2005,26.0
07,13,2005,6.0
07,14,2005,23.0
07,15,2005,55.0
07,16,2005,0.5
07,17,2005,33.0
07,18,2005,0.0
07,19,2005,0.0
07,20,2005,0.0
07,21,2005,0.0
07,22,2005,4.0
07,23,2005,20.0
07,24,2005,0.0
07,25,2005,34.0
07,26,2005,6.0
07,27,2005,36.5
07,28,2005,0.0
07,29,2005,0.0
07,30,2005,0.1
07,31,2005,0.0
08,01,2005,0.0
08,02,2005,0.0
08,03,2005,18.0
08,04,2005,0.0
08,05,2005,86.0
08,06,2005,1.0
08,07,2005,101.0
08,08,2005,0.0
08,09,2005,0.5
08,10,2005,14.0
08,11,2005,6.0
08,12,2005,44.0
08,13,2005,0.0
08,14,2005,2.0
08,15,2005,59.0
08,16,2005,25.0
08,17,2005,23.0
08,18,2005,9.0
08,19,2005,121.0
08,20,2005,0.5
08,21,2005,39.0
08,22,2005,3.5
08,23,2005,0.5
08,24,2005,7.0
08,25,2005,5.8
08,26,2005,0.0
08,27,2005,0.0
08,28,2005,0.0
08,29,2005,0.0
08,30,2005,2.0
08,31,2005,0.0
09,01,2005,1.5
09,02,2005,8.0
09,03,2005,6.0
09,04,2005,5.0
09,05,2005,0.0
09,06,2005,25.0
09,07,2005,4.5
09,08,2005,8.4
09,09,2005,0.0
09,10,2005,0.0
09,11,2005,0.0
09,12,2005,4.0
09,13,2005,3.8
09,14,2005,16.0
09,15,2005,1.7
09,16,2005,1.3
09,17,2005,2.8
09,18,2005,1.5
09,19,2005,25.1
09,20,2005,6.1
09,21,2005,0.0
09,22,2005,4.9
09,23,2005,0.0
09,24,2005,0.0
09,25,2005,0.5
09,26,2005,30.7
09,27,2005,15.0
09,28,2005,0.0
09,29,2005,2.5
09,30,2005,0.0
10,01,2005,0.0
10,02,2005,2.1
10,03,2005,73.0
10,04,2005,71.2
10,05,2005,4.2
10,06,2005,22.5
10,07,2005,12.7
10,08,2005,0.5
10,09,2005,0.0
10,10,2005,0.0
10,11,2005,0.0
10,12,2005,0.0
10,13,2005,5.0
10,14,2005,10.0
10,15,2005,11.1
10,16,2005,7.5
10,17,2005,1.8
10,18,2005,5.0
10,19,2005,0.0
10,20,2005,0.0
10,21,2005,0.0
10,22,2005,0.0
10,23,2005,0.0
10,24,2005,0.4
10,25,2005,19.8
10,26,2005,0.0
10,27,2005,0.0
10,28,2005,2.0
10,29,2005,6.1
10,30,2005,8.2
10,31,2005,0.0
11,01,2005,0.0
11,02,2005,0.0
11,03,2005,0.0
11,04,2005,0.0
11,05,2005,0.0
11,06,2005,0.0
11,07,2005,30.5
11,08,2005,6.4
11,09,2005,0.0
11,10,2005,4.0
11,11,2005,0.0
11,12,2005,0.0
11,13,2005,12.7
11,14,2005,0.3
11,15,2005,14.0
11,16,2005,15.0
11,17,2005,10.0
11,18,2005,4.5
11,19,2005,0.0
11,20,2005,0.0
11,21,2005,0.0
11,22,2005,0.0
11,23,2005,0.0
11,24,2005,0.0
11,25,2005,0.0
11,26,2005,0.0
11,27,2005,0.0
11,28,2005,0.5
11,29,2005,8.5
11,30,2005,3.1
12,01,2005,0.0
12,02,2005,4.5
12,03,2005,0.0
12,04,2005,0.0
12,05,2005,0.7
12,06,2005,0.0
12,07,2005,0.0
12,08,2005,0.2
12,09,2005,0.0
12,10,2005,0.0
12,11,2005,7.9
12,12,2005,0.0
12,13,2005,0.0
12,14,2005,0.0
12,15,2005,1.2
12,16,2005,0.0
12,17,2005,0.0
12,18,2005,0.0
12,19,2005,0.3
12,20,2005,10.9
12,21,2005,1.0
12,22,2005,0.2
12,23,2005,0.0
12,24,2005,0.0
12,25,2005,0.0
12,26,2005,0.0
12,27,2005,0.0
12,28,2005,0.0
12,29,2005,0.0
12,30,2005,0.0
12,31,2005,0.0
01,01,2006,0.0
01,02,2006,0.0
01,03,2006,0.0
01,04,2006,0.0
01,05,2006,2.4
01,06,2006,0.0
01,07,2006,0.0
01,08,2006,0.0
01,09,2006,0.0
01,10,2006,2.8
01,11,2006,0.0
01,12,2006,0.0
01,13,2006,0.0
01,14,2006,0.3
01,15,2006,0.0
01,16,2006,0.0
01,17,2006,0.0
01,18,2006,0.0
01,19,2006,0.0
01,20,2006,0.0
01,21,2006,0.0
01,22,2006,0.0
01,23,2006,0.0
01,24,2006,11.3
01,25,2006,28.1
01,26,2006,10.8
01,27,2006,0.3
01,28,2006,0.0
01,29,2006,0.0
01,30,2006,0.0
01,31,2006,0.0
02,01,2006,0.0
02,02,2006,0.0
02,03,2006,0.0
02,04,2006,0.0
02,05,2006,0.0
02,06,2006,0.0
02,07,2006,0.0
02,08,2006,10.0
02,09,2006,0.0
02,10,2006,0.0
02,11,2006,1.3
02,12,2006,0.7
02,13,2006,0.3
02,14,2006,0.0
02,15,2006,0.0
02,16,2006,0.0
02,17,2006,0.0
02,18,2006,0.0
02,19,2006,0.0
02,20,2006,0.0
02,21,2006,0.0
02,22,2006,0.0
02,23,2006,0.0
02,24,2006,0.0
02,25,2006,0.0
02,26,2006,17.5
02,27,2006,0.0
02,28,2006,0.0
03,01,2006,0.0
03,02,2006,0.0
03,03,2006,0.0
03,04,2006,0.0
03,05,2006,0.0
03,06,2006,0.0
03,07,2006,0.0
03,08,2006,0.0
03,09,2006,0.0
03,10,2006,0.0
03,11,2006,0.0
03,12,2006,0.0
03,13,2006,0.0
03,14,2006,0.0
03,15,2006,1.0
03,16,2006,0.0
03,17,2006,0.0
03,18,2006,0.0
03,19,2006,0.0
03,20,2006,0.0
03,21,2006,0.0
03,22,2006,0.0
03,23,2006,8.0
03,24,2006,0.0
03,25,2006,8.5
03,26,2006,0.5
03,27,2006,0.0
03,28,2006,0.0
03,29,2006,0.0
03,30,2006,0.0
03,31,2006,0.0
04,01,2006,0.0
04,02,2006,0.0
04,03,2006,0.0
04,04,2006,0.0
04,05,2006,0.0
04,06,2006,0.0
04,07,2006,0.0
04,08,2006,0.0
04,09,2006,0.0
04,10,2006,0.0
04,11,2006,0.0
04,12,2006,0.0
04,13,2006,0.0
04,14,2006,0.0
04,15,2006,0.0
04,16,2006,0.0
04,17,2006,0.0
04,18,2006,0.0
04,19,2006,0.0
04,20,2006,0.0
04,21,2006,0.0
04,22,2006,0.0
04,23,2006,0.0
04,24,2006,0.0
04,25,2006,0.0
04,26,2006,0.0
04,27,2006,0.0
04,28,2006,0.0
04,29,2006,0.0
04,30,2006,0.0
05,01,2006,0.2
05,02,2006,0.0
05,03,2006,0.0
05,04,2006,0.0
05,05,2006,0.0
05,06,2006,0.0
05,07,2006,0.0
05,08,2006,0.0
05,09,2006,0.0
05,10,2006,0.0
05,11,2006,0.0
05,12,2006,0.0
05,13,2006,0.0
05,14,2006,0.0
05,15,2006,9.0
05,16,2006,9.2
05,17,2006,0.0
05,18,2006,0.0
05,19,2006,0.0
05,20,2006,12.5
05,21,2006,0.0
05,22,2006,0.0
05,23,2006,0.0
05,24,2006,0.0
05,25,2006,0.0
05,26,2006,0.0
05,27,2006,0.0
05,28,2006,19.0
05,29,2006,21.6
05,30,2006,0.4
05,31,2006,0.9
06,01,2006,3.7
06,02,2006,0.0
06,03,2006,0.0
06,04,2006,6.5
06,05,2006,16.1
06,06,2006,54.2
06,07,2006,0.5
06,08,2006,4.6
06,09,2006,0.0
06,10,2006,0.0
06,11,2006,0.0
06,12,2006,0.0
06,13,2006,6.8
06,14,2006,1.4
06,15,2006,0.0
06,16,2006,2.6
06,17,2006,34.3
06,18,2006,0.0
06,19,2006,0.0
06,20,2006,0.2
06,21,2006,1.5
06,22,2006,9.0
06,23,2006,1.0
06,24,2006,0.5
06,25,2006,12.3
06,26,2006,2.3
06,27,2006,13.5
06,28,2006,49.0
06,29,2006,87.0
06,30,2006,0.0
07,01,2006,1.2
07,02,2006,13.7
07,03,2006,1.0
07,04,2006,0.0
07,05,2006,0.0
07,06,2006,0.0
07,07,2006,1.5
07,08,2006,19.5
07,09,2006,55.5
07,10,2006,0.1
07,11,2006,1.5
07,12,2006,0.0
07,13,2006,1.4
07,14,2006,18.5
07,15,2006,8.8
07,16,2006,0.0
07,17,2006,12.0
07,18,2006,6.3
07,19,2006,86.0
07,20,2006,53.9
07,21,2006,6.1
07,22,2006,2.5
07,23,2006,0.3
07,24,2006,0.0
07,25,2006,0.0
07,26,2006,0.0
07,27,2006,0.0
07,28,2006,0.0
07,29,2006,2.0
07,30,2006,16.0
07,31,2006,0.0
08,01,2006,15.7
08,02,2006,141.5
08,03,2006,13.4
08,04,2006,5.5
08,05,2006,0.0
08,06,2006,30.4
08,07,2006,0.4
08,08,2006,6.6
08,09,2006,28.5
08,10,2006,0.0
08,11,2006,0.0
08,12,2006,5.6
08,13,2006,6.9
08,14,2006,0.8
08,15,2006,0.0
08,16,2006,0.0
08,17,2006,0.0
08,18,2006,0.0
08,19,2006,0.0
08,20,2006,4.5
08,21,2006,11.6
08,22,2006,18.5
08,23,2006,0.0
08,24,2006,22.2
08,25,2006,0.0
08,26,2006,0.0
08,27,2006,0.0
08,28,2006,46.5
08,29,2006,5.9
08,30,2006,0.0
08,31,2006,0.0
09,01,2006,0.0
09,02,2006,18.9
09,03,2006,18.5
09,04,2006,0.3
09,05,2006,0.0
09,06,2006,22.2
09,07,2006,0.2
09,08,2006,0.0
09,09,2006,6.3
09,10,2006,7.5
09,11,2006,128.5
09,12,2006,5.0
09,13,2006,0.0
09,14,2006,0.0
09,15,2006,4.0
09,16,2006,0.0
09,17,2006,0.0
09,18,2006,3.2
09,19,2006,16.3
09,20,2006,0.0
09,21,2006,0.0
09,22,2006,0.0
09,23,2006,31.9
09,24,2006,12.2
09,25,2006,27.5
09,26,2006,22.6
09,27,2006,0.0
09,28,2006,20.5
09,29,2006,35.0
09,30,2006,5.1
10,01,2006,24.2
10,02,2006,6.6
10,03,2006,36.0
10,04,2006,58.8
10,05,2006,33.2
10,06,2006,0.2
10,07,2006,7.0
10,08,2006,7.6
10,09,2006,3.3
10,10,2006,0.0
10,11,2006,0.6
10,12,2006,0.0
10,13,2006,0.0
10,14,2006,0.0
10,15,2006,0.0
10,16,2006,0.0
10,17,2006,0.0
10,18,2006,0.0
10,19,2006,26.2
10,20,2006,0.0
10,21,2006,5.2
10,22,2006,0.1
10,23,2006,9.5
10,24,2006,2.1
10,25,2006,0.0
10,26,2006,0.0
10,27,2006,74.9
10,28,2006,0.3
10,29,2006,0.1
10,30,2006,0.0
10,31,2006,0.0
11,01,2006,0.0
11,02,2006,6.0
11,03,2006,70.6
11,04,2006,11.6
11,05,2006,8.5
11,06,2006,0.2
11,07,2006,3.2
11,08,2006,0.0
11,09,2006,0.0
11,10,2006,0.0
11,11,2006,3.9
11,12,2006,14.3
11,13,2006,16.5
11,14,2006,0.0
11,15,2006,59.5
11,16,2006,0.0
11,17,2006,0.1
11,18,2006,12.6
11,19,2006,11.5
11,20,2006,33.2
11,21,2006,0.0
11,22,2006,0.0
11,23,2006,0.0
11,24,2006,0.0
11,25,2006,0.0
11,26,2006,0.0
11,27,2006,0.0
11,28,2006,0.0
11,29,2006,0.0
11,30,2006,17.9
12,01,2006,0.9
12,02,2006,0.0
12,03,2006,26.2
12,04,2006,0.1
12,05,2006,5.1
12,06,2006,1.0
12,07,2006,16.0
12,08,2006,25.4
12,09,2006,0.4
12,10,2006,0.0
12,11,2006,0.6
12,12,2006,8.5
12,13,2006,1.9
12,14,2006,0.0
12,15,2006,0.0
12,16,2006,0.0
12,17,2006,0.0
12,18,2006,0.0
12,19,2006,17.4
12,20,2006,0.0
12,21,2006,0.0
12,22,2006,0.0
12,23,2006,0.0
12,24,2006,0.0
12,25,2006,0.0
12,26,2006,0.0
12,27,2006,0.0
12,28,2006,0.0
12,29,2006,0.0
12,30,2006,0.0
12,31,2006,2.0
01,01,2007,0.0
01,02,2007,0.0
01,03,2007,0.0
01,04,2007,0.0
01,05,2007,0.0
01,06,2007,0.0
01,07,2007,0.0
01,08,2007,0.4
01,09,2007,0.0
01,10,2007,3.0
01,11,2007,0.0
01,12,2007,0.9
01,13,2007,0.8
01,14,2007,0.0
01,15,2007,3.3
01,16,2007,0.1
01,17,2007,0.0
01,18,2007,0.0
01,19,2007,0.5
01,20,2007,0.0
01,21,2007,0.0
01,22,2007,0.0
01,23,2007,3.6
01,24,2007,0.7
01,25,2007,0.6
01,26,2007,0.0
01,27,2007,0.0
01,28,2007,7.3
01,29,2007,0.3
01,30,2007,0.0
01,31,2007,0.0
02,01,2007,0.0
02,02,2007,0.0
02,03,2007,3.8
02,04,2007,5.7
02,05,2007,0.0
02,06,2007,0.0
02,07,2007,0.0
02,08,2007,0.0
02,09,2007,0.0
02,10,2007,7.9
02,11,2007,0.0
02,12,2007,0.0
02,13,2007,0.0
02,14,2007,0.0
02,15,2007,0.0
02,16,2007,1.6
02,17,2007,15.2
02,18,2007,0.0
02,19,2007,0.0
02,20,2007,0.0
02,21,2007,0.0
02,22,2007,0.0
02,23,2007,0.0
02,24,2007,0.0
02,25,2007,0.0
02,26,2007,0.0
02,27,2007,0.0
02,28,2007,0.0
03,01,2007,0.0
03,02,2007,0.0
03,03,2007,0.0
03,04,2007,0.2
03,05,2007,6.5
03,06,2007,0.0
03,07,2007,0.0
03,08,2007,0.0
03,09,2007,0.0
03,10,2007,0.0
03,11,2007,0.0
03,12,2007,0.0
03,13,2007,0.0
03,14,2007,0.0
03,15,2007,0.0
03,16,2007,0.0
03,17,2007,0.0
03,18,2007,0.0
03,19,2007,0.0
03,20,2007,0.0
03,21,2007,0.0
03,22,2007,0.0
03,23,2007,0.0
03,24,2007,0.1
03,25,2007,0.0
03,26,2007,0.0
03,27,2007,0.0
03,28,2007,0.0
03,29,2007,0.0
03,30,2007,0.0
03,31,2007,0.0
04,01,2007,0.0
04,02,2007,0.0
04,03,2007,0.0
04,04,2007,0.0
04,05,2007,0.0
04,06,2007,0.0
04,07,2007,0.0
04,08,2007,0.0
04,09,2007,0.0
04,10,2007,0.0
04,11,2007,0.0
04,12,2007,0.0
04,13,2007,0.0
04,14,2007,0.0
04,15,2007,0.0
04,16,2007,0.0
04,17,2007,0.0
04,18,2007,0.0
04,19,2007,0.0
04,20,2007,0.0
04,21,2007,0.0
04,22,2007,0.0
04,23,2007,0.0
04,24,2007,0.0
04,25,2007,0.0
04,26,2007,0.0
04,27,2007,0.0
04,28,2007,0.0
04,29,2007,0.0
04,30,2007,0.0
05,01,2007,0.0
05,02,2007,0.0
05,03,2007,0.0
05,04,2007,0.0
05,05,2007,0.0
05,06,2007,0.0
05,07,2007,0.0
05,08,2007,0.0
05,09,2007,0.0
05,10,2007,0.0
05,11,2007,0.0
05,12,2007,0.0
05,13,2007,0.0
05,14,2007,0.0
05,15,2007,0.0
05,16,2007,0.0
05,17,2007,0.0
05,18,2007,0.0
05,19,2007,0.0
05,20,2007,0.0
05,21,2007,0.0
05,22,2007,0.0
05,23,2007,0.0
05,24,2007,0.0
05,25,2007,0.0
05,26,2007,0.2
05,27,2007,1.0
05,28,2007,0.0
05,29,2007,0.5
05,30,2007,0.0
05,31,2007,1.8
06,01,2007,0.0
06,02,2007,0.0
06,03,2007,0.0
06,04,2007,0.0
06,05,2007,0.0
06,06,2007,0.0
06,07,2007,0.5
06,08,2007,20.8
06,09,2007,45.8
06,10,2007,0.0
06,11,2007,0.0
06,12,2007,0.0
06,13,2007,17.1
06,14,2007,0.0
06,15,2007,0.0
06,16,2007,0.0
06,17,2007,66.6
06,18,2007,9.9
06,19,2007,0.0
06,20,2007,0.0
06,21,2007,0.0
06,22,2007,0.0
06,23,2007,0.0
06,24,2007,0.0
06,25,2007,0.0
06,26,2007,0.0
06,27,2007,0.0
06,28,2007,0.0
06,29,2007,0.0
06,30,2007,0.0
07,01,2007,0.0
07,02,2007,12.5
07,03,2007,1.4
07,04,2007,0.9
07,05,2007,0.0
07,06,2007,4.8
07,07,2007,0.0
07,08,2007,0.0
07,09,2007,0.0
07,10,2007,0.0
07,11,2007,5.8
07,12,2007,0.0
07,13,2007,4.2
07,14,2007,44.5
07,15,2007,37.0
07,16,2007,0.1
07,17,2007,0.0
07,18,2007,0.0
07,19,2007,1.0
07,20,2007,0.0
07,21,2007,0.3
07,22,2007,0.0
07,23,2007,6.5
07,24,2007,26.0
07,25,2007,0.0
07,26,2007,0.0
07,27,2007,4.6
07,28,2007,0.0
07,29,2007,2.6
07,30,2007,26.0
07,31,2007,0.0
08,01,2007,0.0
08,02,2007,0.0
08,03,2007,4.5
08,04,2007,0.3
08,05,2007,62.0
08,06,2007,4.2
08,07,2007,0.0
08,08,2007,0.2
08,09,2007,0.0
08,10,2007,0.0
08,11,2007,13.2
08,12,2007,1.5
08,13,2007,4.2
08,14,2007,6.3
08,15,2007,10.8
08,16,2007,0.1
08,17,2007,47.8
08,18,2007,1.1
08,19,2007,0.0
08,20,2007,0.0
08,21,2007,20.0
08,22,2007,0.3
08,23,2007,54.5
08,24,2007,20.5
08,25,2007,3.5
08,26,2007,26.5
08,27,2007,7.0
08,28,2007,1.8
08,29,2007,25.5
08,30,2007,5.1
08,31,2007,36.5
09,01,2007,0.0
09,02,2007,30.6
09,03,2007,51.5
09,04,2007,0.0
09,05,2007,0.0
09,06,2007,16.1
09,07,2007,7.8
09,08,2007,0.0
09,09,2007,1.7
09,10,2007,19.8
09,11,2007,0.2
09,12,2007,4.6
09,13,2007,8.8
09,14,2007,9.0
09,15,2007,1.3
09,16,2007,0.0
09,17,2007,0.0
09,18,2007,0.3
09,19,2007,0.4
09,20,2007,9.5
09,21,2007,0.0
09,22,2007,0.0
09,23,2007,0.0
09,24,2007,0.0
09,25,2007,0.0
09,26,2007,0.0
09,27,2007,0.0
09,28,2007,20.6
09,29,2007,19.9
09,30,2007,29.9
10,01,2007,0.0
10,02,2007,0.0
10,03,2007,0.0
10,04,2007,0.0
10,05,2007,0.0
10,06,2007,0.0
10,07,2007,0.0
10,08,2007,28.3
10,09,2007,162.3
10,10,2007,77.2
10,11,2007,17.3
10,12,2007,0.0
10,13,2007,0.0
10,14,2007,0.0
10,15,2007,0.0
10,16,2007,0.0
10,17,2007,0.0
10,18,2007,0.0
10,19,2007,6.5
10,20,2007,6.9
10,21,2007,3.1
10,22,2007,4.9
10,23,2007,0.6
10,24,2007,0.0
10,25,2007,0.0
10,26,2007,0.0
10,27,2007,0.0
10,28,2007,1.8
10,29,2007,0.6
10,30,2007,0.0
10,31,2007,0.0
11,01,2007,2.7
11,02,2007,6.7
11,03,2007,5.4
11,04,2007,0.0
11,05,2007,1.6
11,06,2007,0.2
11,07,2007,18.1
11,08,2007,0.0
11,09,2007,0.6
11,10,2007,0.0
11,11,2007,0.0
11,12,2007,0.0
11,13,2007,1.1
11,14,2007,4.8
11,15,2007,0.0
11,16,2007,0.0
11,17,2007,0.0
11,18,2007,1.6
11,19,2007,2.3
11,20,2007,1.4
11,21,2007,0.0
11,22,2007,0.0
11,23,2007,0.0
11,24,2007,0.0
11,25,2007,0.0
11,26,2007,17.1
11,27,2007,36.9
11,28,2007,4.2
11,29,2007,1.6
11,30,2007,6.3
12,01,2007,3.3
12,02,2007,32.4
12,03,2007,41.4
12,04,2007,0.0
12,05,2007,0.0
12,06,2007,0.0
12,07,2007,0.0
12,08,2007,0.0
12,09,2007,0.0
12,10,2007,0.0
12,11,2007,0.0
12,12,2007,0.5
12,13,2007,21.3
12,14,2007,1.5
12,15,2007,0.0
12,16,2007,7.5
12,17,2007,12.0
12,18,2007,0.0
12,19,2007,0.0
12,20,2007,0.0
12,21,2007,0.0
12,22,2007,0.0
12,23,2007,24.5
12,24,2007,0.5
12,25,2007,0.0
12,26,2007,0.0
12,27,2007,0.0
12,28,2007,0.0
12,29,2007,0.0
12,30,2007,0.2
12,31,2007,4.5
01,01,2008,24.0
01,02,2008,16.0
01,03,2008,20.3
01,04,2008,0.0
01,05,2008,0.0
01,06,2008,0.0
01,07,2008,0.0
01,08,2008,0.0
01,09,2008,0.0
01,10,2008,0.0
01,11,2008,0.0
01,12,2008,0.0
01,13,2008,0.0
01,14,2008,4.7
01,15,2008,0.0
01,16,2008,0.0
01,17,2008,0.0
01,18,2008,0.0
01,19,2008,3.4
01,20,2008,0.6
01,21,2008,0.0
01,22,2008,0.0
01,23,2008,0.0
01,24,2008,0.0
01,25,2008,0.0
01,26,2008,0.0
01,27,2008,3.2
01,28,2008,0.0
01,29,2008,0.0
01,30,2008,0.0
01,31,2008,null
02,01,2008,6.8
02,02,2008,0.0
02,03,2008,0.0
02,04,2008,0.0
02,05,2008,0.0
02,06,2008,0.0
02,07,2008,0.0
02,08,2008,0.0
02,09,2008,9.5
02,10,2008,7.0
02,11,2008,0.0
02,12,2008,0.0
02,13,2008,13.7
02,14,2008,0.0
02,15,2008,0.0
02,16,2008,0.0
02,17,2008,0.0
02,18,2008,0.0
02,19,2008,0.0
02,20,2008,0.0
02,21,2008,0.0
02,22,2008,0.0
02,23,2008,0.0
02,24,2008,0.0
02,25,2008,0.0
02,26,2008,0.0
02,27,2008,1.9
02,28,2008,0.0
02,29,2008,0.4
03,01,2008,8.0
03,02,2008,0.0
03,03,2008,0.0
03,04,2008,2.4
03,05,2008,0.0
03,06,2008,0.0
03,07,2008,0.9
03,08,2008,3.4
03,09,2008,0.0
03,10,2008,0.0
03,11,2008,1.9
03,12,2008,5.0
03,13,2008,0.0
03,14,2008,0.0
03,15,2008,0.0
03,16,2008,0.0
03,17,2008,0.0
03,18,2008,0.0
03,19,2008,0.0
03,20,2008,0.0
03,21,2008,0.0
03,22,2008,0.0
03,23,2008,0.0
03,24,2008,9.2
03,25,2008,0.0
03,26,2008,0.0
03,27,2008,0.0
03,28,2008,0.0
03,29,2008,0.0
03,30,2008,0.0
03,31,2008,0.0
04,01,2008,0.0
04,02,2008,0.0
04,03,2008,0.0
04,04,2008,0.0
04,05,2008,0.0
04,06,2008,0.0
04,07,2008,0.0
04,08,2008,0.0
04,09,2008,0.0
04,10,2008,0.0
04,11,2008,0.0
04,12,2008,0.0
04,13,2008,76.9
04,14,2008,0.0
04,15,2008,0.0
04,16,2008,0.0
04,17,2008,0.0
04,18,2008,0.0
04,19,2008,0.0
04,20,2008,0.0
04,21,2008,0.0
04,22,2008,0.0
04,23,2008,0.0
04,24,2008,0.0
04,25,2008,0.0
04,26,2008,0.0
04,27,2008,0.0
04,28,2008,4.5
04,29,2008,13.7
04,30,2008,0.0
05,01,2008,0.0
05,02,2008,0.0
05,03,2008,0.0
05,04,2008,0.0
05,05,2008,0.0
05,06,2008,0.0
05,07,2008,0.0
05,08,2008,0.0
05,09,2008,0.0
05,10,2008,0.0
05,11,2008,0.0
05,12,2008,0.0
05,13,2008,0.0
05,14,2008,0.0
05,15,2008,0.0
05,16,2008,0.0
05,17,2008,1.4
05,18,2008,11.3
05,19,2008,0.0
05,20,2008,0.0
05,21,2008,0.0
05,22,2008,0.0
05,23,2008,0.0
05,24,2008,0.0
05,25,2008,0.4
05,26,2008,0.2
05,27,2008,24.5
05,28,2008,0.7
05,29,2008,0.0
05,30,2008,0.1
05,31,2008,60.7
06,01,2008,20.9
06,02,2008,24.2
06,03,2008,2.0
06,04,2008,0.0
06,05,2008,0.0
06,06,2008,57.5
06,07,2008,14.0
06,08,2008,20.1
06,09,2008,0.0
06,10,2008,0.0
06,11,2008,0.2
06,12,2008,31.5
06,13,2008,0.0
06,14,2008,32.3
06,15,2008,5.6
06,16,2008,0.0
06,17,2008,0.0
06,18,2008,0.0
06,19,2008,0.0
06,20,2008,3.0
06,21,2008,7.4
06,22,2008,108.1
06,23,2008,15.3
06,24,2008,3.5
06,25,2008,16.3
06,26,2008,20.1
06,27,2008,54.0
06,28,2008,39.6
06,29,2008,12.4
06,30,2008,2.2
07,01,2008,1.5
07,02,2008,0.2
07,03,2008,0.0
07,04,2008,0.0
07,05,2008,3.2
07,06,2008,0.5
07,07,2008,3.0
07,08,2008,12.3
07,09,2008,27.8
07,10,2008,2.4
07,11,2008,39.9
07,12,2008,28.3
07,13,2008,29.4
07,14,2008,9.5
07,15,2008,0.6
07,16,2008,14.0
07,17,2008,0.0
07,18,2008,11.8
07,19,2008,27.3
07,20,2008,0.8
07,21,2008,0.0
07,22,2008,0.1
07,23,2008,0.0
07,24,2008,3.0
07,25,2008,12.3
07,26,2008,0.0
07,27,2008,1.6
07,28,2008,0.0
07,29,2008,9.5
07,30,2008,0.0
07,31,2008,0.0
08,01,2008,8.5
08,02,2008,81.1
08,03,2008,3.9
08,04,2008,9.4
08,05,2008,0.0
08,06,2008,29.5
08,07,2008,0.0
08,08,2008,1.1
08,09,2008,17.5
08,10,2008,0.0
08,11,2008,0.0
08,12,2008,0.0
08,13,2008,0.0
08,14,2008,0.0
08,15,2008,0.0
08,16,2008,3.3
08,17,2008,0.0
08,18,2008,0.0
08,19,2008,0.0
08,20,2008,60.9
08,21,2008,0.3
08,22,2008,0.0
08,23,2008,0.0
08,24,2008,0.0
08,25,2008,0.0
08,26,2008,0.0
08,27,2008,27.7
08,28,2008,2.2
08,29,2008,0.0
08,30,2008,4.8
08,31,2008,25.0
09,01,2008,7.7
09,02,2008,0.0
09,03,2008,46.3
09,04,2008,0.1
09,05,2008,9.4
09,06,2008,100.2
09,07,2008,1.5
09,08,2008,0.0
09,09,2008,0.0
09,10,2008,0.0
09,11,2008,0.0
09,12,2008,0.0
09,13,2008,0.0
09,14,2008,17.3
09,15,2008,47.5
09,16,2008,35.7
09,17,2008,22.3
09,18,2008,3.8
09,19,2008,52.3
09,20,2008,37.2
09,21,2008,1.6
09,22,2008,20.9
09,23,2008,71.8
09,24,2008,25.4
09,25,2008,7.1
09,26,2008,1.2
09,27,2008,2.2
09,28,2008,0.0
09,29,2008,13.0
09,30,2008,0.0
10,01,2008,8.7
10,02,2008,1.0
10,03,2008,0.0
10,04,2008,18.5
10,05,2008,0.0
10,06,2008,1.8
10,07,2008,0.0
10,08,2008,36.0
10,09,2008,41.5
10,10,2008,0.0
10,11,2008,0.0
10,12,2008,0.1
10,13,2008,0.0
10,14,2008,0.0
10,15,2008,32.0
10,16,2008,9.3
10,17,2008,6.5
10,18,2008,32.7
10,19,2008,11.0
10,20,2008,5.8
10,21,2008,0.5
10,22,2008,0.0
10,23,2008,0.0
10,24,2008,0.0
10,25,2008,0.0
10,26,2008,0.0
10,27,2008,1.1
10,28,2008,0.3
10,29,2008,3.7
10,30,2008,0.1
10,31,2008,2.0
11,01,2008,0.5
11,02,2008,0.0
11,03,2008,0.0
11,04,2008,0.0
11,05,2008,0.0
11,06,2008,0.0
11,07,2008,0.0
11,08,2008,0.0
11,09,2008,0.0
11,10,2008,0.0
11,11,2008,0.0
11,12,2008,0.0
11,13,2008,0.0
11,14,2008,0.0
11,15,2008,7.5
11,16,2008,2.8
11,17,2008,6.8
11,18,2008,54.4
11,19,2008,1.5
11,20,2008,7.6
11,21,2008,14.6
11,22,2008,0.3
11,23,2008,1.6
11,24,2008,0.0
11,25,2008,0.0
11,26,2008,0.0
11,27,2008,0.0
11,28,2008,0.0
11,29,2008,0.0
11,30,2008,0.1
12,01,2008,1.7
12,02,2008,0.0
12,03,2008,0.0
12,04,2008,9.5
12,05,2008,0.0
12,06,2008,0.0
12,07,2008,0.0
12,08,2008,0.0
12,09,2008,0.0
12,10,2008,11.1
12,11,2008,0.0
12,12,2008,0.0
12,13,2008,0.0
12,14,2008,0.0
12,15,2008,0.0
12,16,2008,0.0
12,17,2008,0.0
12,18,2008,0.0
12,19,2008,0.0
12,20,2008,0.0
12,21,2008,0.0
12,22,2008,12.6
12,23,2008,0.0
12,24,2008,0.0
12,25,2008,0.0
12,26,2008,0.0
12,27,2008,0.0
12,28,2008,0.2
12,29,2008,4.6
12,30,2008,8.9
12,31,2008,0.9
01,01,2009,1.5
01,02,2009,0.0
01,03,2009,0.0
01,04,2009,0.0
01,05,2009,0.0
01,06,2009,0.0
01,07,2009,0.0
01,08,2009,0.0
01,09,2009,0.0
01,10,2009,0.0
01,11,2009,0.0
01,12,2009,0.0
01,13,2009,0.1
01,14,2009,1.3
01,15,2009,13.3
01,16,2009,36.9
01,17,2009,5.0
01,18,2009,0.0
01,19,2009,0.0
01,20,2009,0.0
01,21,2009,0.0
01,22,2009,0.0
01,23,2009,0.0
01,24,2009,0.0
01,25,2009,0.1
01,26,2009,0.0
01,27,2009,0.0
01,28,2009,0.0
01,29,2009,0.0
01,30,2009,1.3
01,31,2009,1.7
02,01,2009,0.0
02,02,2009,11.5
02,03,2009,6.6
02,04,2009,5.2
02,05,2009,1.5
02,06,2009,0.0
02,07,2009,0.0
02,08,2009,0.0
02,09,2009,0.0
02,10,2009,0.0
02,11,2009,0.0
02,12,2009,0.0
02,13,2009,0.0
02,14,2009,0.0
02,15,2009,0.0
02,16,2009,0.0
02,17,2009,0.0
02,18,2009,0.0
02,19,2009,0.6
02,20,2009,11.0
02,21,2009,4.9
02,22,2009,15.8
02,23,2009,0.0
02,24,2009,0.7
02,25,2009,0.0
02,26,2009,0.0
02,27,2009,0.0
02,28,2009,0.0
03,01,2009,0.0
03,02,2009,0.0
03,03,2009,0.0
03,04,2009,0.0
03,05,2009,0.0
03,06,2009,0.0
03,07,2009,0.0
03,08,2009,0.0
03,09,2009,0.0
03,10,2009,0.0
03,11,2009,0.0
03,12,2009,0.0
03,13,2009,0.0
03,14,2009,0.0
03,15,2009,0.0
03,16,2009,0.0
03,17,2009,0.0
03,18,2009,0.0
03,19,2009,0.0
03,20,2009,0.0
03,21,2009,0.0
03,22,2009,0.0
03,23,2009,0.0
03,24,2009,0.0
03,25,2009,0.0
03,26,2009,0.0
03,27,2009,0.0
03,28,2009,0.4
03,29,2009,0.0
03,30,2009,0.0
03,31,2009,0.0
04,01,2009,0.0
04,02,2009,0.0
04,03,2009,0.0
04,04,2009,0.0
04,05,2009,0.0
04,06,2009,2.5
04,07,2009,0.0
04,08,2009,0.0
04,09,2009,0.0
04,10,2009,0.0
04,11,2009,0.0
04,12,2009,0.0
04,13,2009,0.0
04,14,2009,0.0
04,15,2009,0.0
04,16,2009,0.0
04,17,2009,0.0
04,18,2009,0.0
04,19,2009,8.2
04,20,2009,0.4
04,21,2009,0.0
04,22,2009,0.0
04,23,2009,0.0
04,24,2009,0.0
04,25,2009,0.0
04,26,2009,0.0
04,27,2009,0.0
04,28,2009,8.0
04,29,2009,0.0
04,30,2009,0.0
05,01,2009,0.0
05,02,2009,0.0
05,03,2009,0.0
05,04,2009,0.0
05,05,2009,0.0
05,06,2009,0.0
05,07,2009,0.0
05,08,2009,0.0
05,09,2009,0.4
05,10,2009,0.0
05,11,2009,0.0
05,12,2009,0.0
05,13,2009,0.0
05,14,2009,0.0
05,15,2009,31.7
05,16,2009,0.0
05,17,2009,6.4
05,18,2009,10.8
05,19,2009,13.5
05,20,2009,0.0
05,21,2009,0.0
05,22,2009,0.0
05,23,2009,0.0
05,24,2009,0.0
05,25,2009,0.0
05,26,2009,0.0
05,27,2009,0.0
05,28,2009,0.0
05,29,2009,0.0
05,30,2009,0.0
05,31,2009,0.0
06,01,2009,1.1
06,02,2009,0.0
06,03,2009,0.0
06,04,2009,0.0
06,05,2009,0.0
06,06,2009,0.0
06,07,2009,0.0
06,08,2009,59.0
06,09,2009,0.2
06,10,2009,0.0
06,11,2009,0.0
06,12,2009,0.0
06,13,2009,0.0
06,14,2009,0.0
06,15,2009,1.0
06,16,2009,0.0
06,17,2009,32.6
06,18,2009,4.6
06,19,2009,58.3
06,20,2009,30.5
06,21,2009,30.6
06,22,2009,0.0
06,23,2009,0.0
06,24,2009,2.5
06,25,2009,0.0
06,26,2009,0.0
06,27,2009,0.0
06,28,2009,0.0
06,29,2009,5.5
06,30,2009,19.5
07,01,2009,21.6
07,02,2009,54.7
07,03,2009,0.4
07,04,2009,0.0
07,05,2009,0.0
07,06,2009,0.0
07,07,2009,0.0
07,08,2009,0.0
07,09,2009,19.5
07,10,2009,98.1
07,11,2009,6.1
07,12,2009,36.1
07,13,2009,1.4
07,14,2009,0.0
07,15,2009,0.0
07,16,2009,0.0
07,17,2009,4.2
07,18,2009,0.0
07,19,2009,0.0
07,20,2009,0.0
07,21,2009,0.0
07,22,2009,0.0
07,23,2009,10.6
07,24,2009,4.5
07,25,2009,0.5
07,26,2009,14.4
07,27,2009,0.0
07,28,2009,0.0
07,29,2009,0.0
07,30,2009,0.0
07,31,2009,0.0
08,01,2009,19.5
08,02,2009,21.9
08,03,2009,21.4
08,04,2009,0.0
08,05,2009,0.0
08,06,2009,0.0
08,07,2009,15.4
08,08,2009,88.0
08,09,2009,33.6
08,10,2009,0.0
08,11,2009,0.1
08,12,2009,7.2
08,13,2009,0.0
08,14,2009,0.0
08,15,2009,0.4
08,16,2009,0.3
08,17,2009,12.4
08,18,2009,45.3
08,19,2009,0.1
08,20,2009,0.0
08,21,2009,0.0
08,22,2009,26.2
08,23,2009,20.0
08,24,2009,24.7
08,25,2009,4.2
08,26,2009,0.7
08,27,2009,4.3
08,28,2009,2.5
08,29,2009,0.5
08,30,2009,0.0
08,31,2009,24.3
09,01,2009,0.5
09,02,2009,6.7
09,03,2009,0.0
09,04,2009,0.0
09,05,2009,1.7
09,06,2009,50.2
09,07,2009,5.1
09,08,2009,0.1
09,09,2009,0.5
09,10,2009,4.0
09,11,2009,0.0
09,12,2009,0.0
09,13,2009,0.0
09,14,2009,0.0
09,15,2009,0.2
09,16,2009,0.0
09,17,2009,0.0
09,18,2009,45.5
09,19,2009,2.9
09,20,2009,17.1
09,21,2009,2.1
09,22,2009,27.7
09,23,2009,76.7
09,24,2009,19.6
09,25,2009,5.5
09,26,2009,26.2
09,27,2009,1.2
09,28,2009,5.4
09,29,2009,42.6
09,30,2009,3.7
10,01,2009,0.3
10,02,2009,0.0
10,03,2009,0.0
10,04,2009,0.0
10,05,2009,0.0
10,06,2009,17.5
10,07,2009,0.0
10,08,2009,16.4
10,09,2009,0.0
10,10,2009,37.0
10,11,2009,0.8
10,12,2009,0.0
10,13,2009,2.0
10,14,2009,29.2
10,15,2009,0.0
10,16,2009,21.8
10,17,2009,103.2
10,18,2009,31.8
10,19,2009,11.0
10,20,2009,0.0
10,21,2009,0.0
10,22,2009,0.0
10,23,2009,4.3
10,24,2009,1.0
10,25,2009,0.0
10,26,2009,0.0
10,27,2009,26.0
10,28,2009,0.0
10,29,2009,0.0
10,30,2009,32.2
10,31,2009,0.0
11,01,2009,1.5
11,02,2009,16.1
11,03,2009,118.1
11,04,2009,41.1
11,05,2009,14.5
11,06,2009,0.0
11,07,2009,0.0
11,08,2009,0.0
11,09,2009,0.0
11,10,2009,0.0
11,11,2009,7.1
11,12,2009,4.2
11,13,2009,0.0
11,14,2009,0.0
11,15,2009,0.0
11,16,2009,0.0
11,17,2009,23.1
11,18,2009,2.5
11,19,2009,0.0
11,20,2009,0.0
11,21,2009,0.0
11,22,2009,0.0
11,23,2009,0.0
11,24,2009,17.6
11,25,2009,2.6
11,26,2009,1.8
11,27,2009,3.0
11,28,2009,0.0
11,29,2009,0.0
11,30,2009,0.0
12,01,2009,0.0
12,02,2009,0.0
12,03,2009,0.1
12,04,2009,1.3
12,05,2009,0.0
12,06,2009,0.0
12,07,2009,0.0
12,08,2009,0.0
12,09,2009,0.0
12,10,2009,0.0
12,11,2009,0.0
12,12,2009,0.0
12,13,2009,0.0
12,14,2009,0.6
12,15,2009,18.4
12,16,2009,70.1
12,17,2009,0.2
12,18,2009,0.2
12,19,2009,0.1
12,20,2009,8.0
12,21,2009,3.5
12,22,2009,0.0
12,23,2009,0.0
12,24,2009,0.0
12,25,2009,0.0
12,26,2009,0.0
12,27,2009,0.0
12,28,2009,6.3
12,29,2009,1.4
12,30,2009,2.5
12,31,2009,0.2
01,01,2010,8.0
01,02,2010,7.9
01,03,2010,3.2
01,04,2010,22.2
01,05,2010,40.3
01,06,2010,0.2
01,07,2010,0.0
01,08,2010,0.0
01,09,2010,0.0
01,10,2010,16.1
01,11,2010,0.0
01,12,2010,0.0
01,13,2010,0.1
01,14,2010,0.0
01,15,2010,0.0
01,16,2010,0.4
01,17,2010,0.0
01,18,2010,0.0
01,19,2010,0.0
01,20,2010,0.0
01,21,2010,0.0
01,22,2010,0.0
01,23,2010,0.0
01,24,2010,0.4
01,25,2010,0.4
01,26,2010,0.0
01,27,2010,0.0
01,28,2010,0.0
01,29,2010,0.0
01,30,2010,0.3
01,31,2010,0.0
02,01,2010,0.0
02,02,2010,3.0
02,03,2010,0.0
02,04,2010,2.7
02,05,2010,0.1
02,06,2010,0.0
02,07,2010,0.0
02,08,2010,0.0
02,09,2010,0.0
02,10,2010,0.2
02,11,2010,0.0
02,12,2010,0.0
02,13,2010,0.0
02,14,2010,0.0
02,15,2010,0.5
02,16,2010,1.5
02,17,2010,16.8
02,18,2010,8.1
02,19,2010,0.0
02,20,2010,0.0
02,21,2010,0.0
02,22,2010,0.0
02,23,2010,3.2
02,24,2010,4.7
02,25,2010,0.0
02,26,2010,0.0
02,27,2010,0.0
02,28,2010,0.0
03,01,2010,0.0
03,02,2010,0.0
03,03,2010,0.7
03,04,2010,2.7
03,05,2010,0.0
03,06,2010,0.1
03,07,2010,9.58
03,08,2010,0.0
03,09,2010,0.0
03,10,2010,0.0
03,11,2010,0.0
03,12,2010,0.1
03,13,2010,0.0
03,14,2010,0.0
03,15,2010,0.0
03,16,2010,0.0
03,17,2010,0.0
03,18,2010,0.0
03,19,2010,0.0
03,20,2010,28.7
03,21,2010,1.1
03,22,2010,0.0
03,23,2010,0.0
03,24,2010,0.0
03,25,2010,0.0
03,26,2010,0.0
03,27,2010,0.0
03,28,2010,0.6
03,29,2010,0.0
03,30,2010,0.0
03,31,2010,0.0
04,01,2010,0.0
04,02,2010,0.0
04,03,2010,0.0
04,04,2010,0.0
04,05,2010,0.0
04,06,2010,0.0
04,07,2010,0.0
04,08,2010,0.0
04,09,2010,0.0
04,10,2010,0.0
04,11,2010,0.0
04,12,2010,2.9
04,13,2010,2.8
04,14,2010,0.0
04,15,2010,6.2
04,16,2010,0.0
04,17,2010,0.0
04,18,2010,0.0
04,19,2010,0.0
04,20,2010,0.0
04,21,2010,0.0
04,22,2010,0.0
04,23,2010,0.0
04,24,2010,0.0
04,25,2010,0.0
04,26,2010,0.0
04,27,2010,0.0
04,28,2010,0.0
04,29,2010,0.0
04,30,2010,0.0
05,01,2010,0.0
05,02,2010,0.0
05,03,2010,0.0
05,04,2010,0.0
05,05,2010,0.0
05,06,2010,0.0
05,07,2010,0.0
05,08,2010,0.0
05,09,2010,0.0
05,10,2010,0.0
05,11,2010,0.0
05,12,2010,0.0
05,13,2010,0.0
05,14,2010,0.0
05,15,2010,0.0
05,16,2010,2.9
05,17,2010,0.0
05,18,2010,1.3
05,19,2010,0.0
05,20,2010,0.0
05,21,2010,0.0
05,22,2010,0.0
05,23,2010,0.0
05,24,2010,0.0
05,25,2010,0.0
05,26,2010,0.0
05,27,2010,4.0
05,28,2010,0.0
05,29,2010,0.0
05,30,2010,0.0
05,31,2010,0.0
06,01,2010,0.0
06,02,2010,0.0
06,03,2010,0.0
06,04,2010,0.0
06,05,2010,0.0
06,06,2010,0.0
06,07,2010,0.0
06,08,2010,0.0
06,09,2010,0.0
06,10,2010,0.0
06,11,2010,0.0
06,12,2010,0.0
06,13,2010,7.0
06,14,2010,2.0
06,15,2010,6.8
06,16,2010,23.5
06,17,2010,21.8
06,18,2010,12.0
06,19,2010,2.1
06,20,2010,0.0
06,21,2010,0.0
06,22,2010,0.0
06,23,2010,0.0
06,24,2010,1.5
06,25,2010,0.0
06,26,2010,0.0
06,27,2010,18.8
06,28,2010,8.2
06,29,2010,8.4
06,30,2010,0.0
07,01,2010,0.0
07,02,2010,0.0
07,03,2010,0.0
07,04,2010,0.0
07,05,2010,0.0
07,06,2010,10.0
07,07,2010,18.3
07,08,2010,22.1
07,09,2010,45.1
07,10,2010,20.0
07,11,2010,0.0
07,12,2010,9.7
07,13,2010,56.1
07,14,2010,15.6
07,15,2010,0.0
07,16,2010,0.0
07,17,2010,19.9
07,18,2010,12.9
07,19,2010,5.8
07,20,2010,65.2
07,21,2010,24.5
07,22,2010,0.6
07,23,2010,10.6
07,24,2010,12.5
07,25,2010,5.8
07,26,2010,14.4
07,27,2010,24.5
07,28,2010,6.2
07,29,2010,1.0
07,30,2010,1.0
07,31,2010,9.6
08,01,2010,27.7
08,02,2010,22.2
08,03,2010,30.6
08,04,2010,92.4
08,05,2010,0.1
08,06,2010,1.6
08,07,2010,2.0
08,08,2010,1.6
08,09,2010,0.1
08,10,2010,0.0
08,11,2010,1.0
08,12,2010,2.7
08,13,2010,0.4
08,14,2010,13.4
08,15,2010,14.5
08,16,2010,8.6
08,17,2010,82.2
08,18,2010,17.8
08,19,2010,47.7
08,20,2010,9.0
08,21,2010,46.1
08,22,2010,14.6
08,23,2010,18.0
08,24,2010,2.1
08,25,2010,13.9
08,26,2010,34.8
08,27,2010,61.0
08,28,2010,4.1
08,29,2010,14.1
08,30,2010,151.3
08,31,2010,25.7
09,01,2010,5.6
09,02,2010,10.0
09,03,2010,22.0
09,04,2010,0.1
09,05,2010,0.2
09,06,2010,0.0
09,07,2010,0.0
09,08,2010,2.2
09,09,2010,0.0
09,10,2010,0.0
09,11,2010,3.4
09,12,2010,4.1
09,13,2010,3.8
09,14,2010,9.9
09,15,2010,10.7
09,16,2010,0.9
09,17,2010,0.0
09,18,2010,2.0
09,19,2010,0.0
09,20,2010,0.0
09,21,2010,3.2
09,22,2010,9.5
09,23,2010,17.6
09,24,2010,32.8
09,25,2010,65.5
09,26,2010,149.0
09,27,2010,481.0
09,28,2010,18.0
09,29,2010,0.0
09,30,2010,0.0
10,01,2010,0.0
10,02,2010,0.0
10,03,2010,0.0
10,04,2010,2.5
10,05,2010,36.0
10,06,2010,31.0
10,07,2010,0.0
10,08,2010,11.0
10,09,2010,0.0
10,10,2010,0.0
10,11,2010,0.0
10,12,2010,0.0
10,13,2010,0.0
10,14,2010,2.5
10,15,2010,0.5
10,16,2010,0.0
10,17,2010,0.0
10,18,2010,0.0
10,19,2010,0.0
10,20,2010,0.0
10,21,2010,0.0
10,22,2010,0.0
10,23,2010,0.0
10,24,2010,0.0
10,25,2010,0.0
10,26,2010,0.0
10,27,2010,0.0
10,28,2010,40.5
10,29,2010,25.0
10,30,2010,2.3
10,31,2010,0.0
11,01,2010,0.0
11,02,2010,2.1
11,03,2010,1.3
11,04,2010,0.0
11,05,2010,0.0
11,06,2010,0.0
11,07,2010,5.0
11,08,2010,4.9
11,09,2010,0.0
11,10,2010,0.2
11,11,2010,0.0
11,12,2010,0.0
11,13,2010,0.0
11,14,2010,0.0
11,15,2010,0.0
11,16,2010,0.0
11,17,2010,1.9
11,18,2010,1.9
11,19,2010,10.7
11,20,2010,8.5
11,21,2010,0.2
11,22,2010,0.0
11,23,2010,0.0
11,24,2010,0.0
11,25,2010,0.0
11,26,2010,0.0
11,27,2010,0.0
11,28,2010,0.0
11,29,2010,0.0
11,30,2010,0.0
12,01,2010,0.0
12,02,2010,9.0
12,03,2010,1.1
12,04,2010,0.0
12,05,2010,0.0
12,06,2010,0.0
12,07,2010,1.5
12,08,2010,0.2
12,09,2010,0.0
12,10,2010,0.0
12,11,2010,0.0
12,12,2010,0.0
12,13,2010,5.5
12,14,2010,0.2
12,15,2010,0.0
12,16,2010,0.0
12,17,2010,0.0
12,18,2010,0.7
12,19,2010,0.0
12,20,2010,0.0
12,21,2010,0.0
12,22,2010,0.0
12,23,2010,0.0
12,24,2010,0.0
12,25,2010,2.8
12,26,2010,1.5
12,27,2010,0.0
12,28,2010,0.0
12,29,2010,0.0
12,30,2010,0.0
12,31,2010,0.0
01,01,2011,0.0
01,02,2011,1.4
01,03,2011,0.0
01,04,2011,0.0
01,05,2011,0.0
01,06,2011,0.0
01,07,2011,0.0
01,08,2011,0.0
01,09,2011,0.0
01,10,2011,0.0
01,11,2011,11.5
01,12,2011,63.1
01,13,2011,28.7
01,14,2011,9.1
01,15,2011,0.0
01,16,2011,0.0
01,17,2011,0.0
01,18,2011,0.0
01,19,2011,0.0
01,20,2011,0.0
01,21,2011,0.0
01,22,2011,6.5
01,23,2011,0.0
01,24,2011,0.0
01,25,2011,4.5
01,26,2011,4.0
01,27,2011,9.5
01,28,2011,0.0
01,29,2011,0.0
01,30,2011,0.0
01,31,2011,0.0
02,01,2011,0.0
02,02,2011,0.0
02,03,2011,0.1
02,04,2011,0.0
02,05,2011,0.0
02,06,2011,0.0
02,07,2011,0.0
02,08,2011,0.0
02,09,2011,0.0
02,10,2011,0.0
02,11,2011,0.0
02,12,2011,8.4
02,13,2011,0.0
02,14,2011,0.0
02,15,2011,0.0
02,16,2011,0.0
02,17,2011,0.0
02,18,2011,0.6
02,19,2011,0.0
02,20,2011,0.0
02,21,2011,0.0
02,22,2011,0.0
02,23,2011,0.0
02,24,2011,0.0
02,25,2011,0.0
02,26,2011,0.0
02,27,2011,0.0
02,28,2011,0.0
03,01,2011,0.0
03,02,2011,0.0
03,03,2011,0.0
03,04,2011,0.0
03,05,2011,0.3
03,06,2011,0.5
03,07,2011,0.0
03,08,2011,0.0
03,09,2011,0.0
03,10,2011,1.3
03,11,2011,0.0
03,12,2011,0.0
03,13,2011,0.0
03,14,2011,0.0
03,15,2011,0.0
03,16,2011,0.0
03,17,2011,0.1
03,18,2011,0.0
03,19,2011,0.0
03,20,2011,0.0
03,21,2011,0.0
03,22,2011,0.0
03,23,2011,0.0
03,24,2011,0.0
03,25,2011,0.0
03,26,2011,0.0
03,27,2011,0.0
03,28,2011,0.0
03,29,2011,0.0
03,30,2011,0.0
03,31,2011,0.0
04,01,2011,0.0
04,02,2011,61.3
04,03,2011,0.0
04,04,2011,0.0
04,05,2011,0.0
04,06,2011,0.0
04,07,2011,0.0
04,08,2011,0.0
04,09,2011,0.0
04,10,2011,0.0
04,11,2011,0.0
04,12,2011,0.6
04,13,2011,0.0
04,14,2011,0.0
04,15,2011,0.0
04,16,2011,0.0
04,17,2011,0.0
04,18,2011,0.0
04,19,2011,0.0
04,20,2011,0.0
04,21,2011,0.0
04,22,2011,0.0
04,23,2011,0.0
04,24,2011,0.0
04,25,2011,0.0
04,26,2011,0.0
04,27,2011,0.0
04,28,2011,0.0
04,29,2011,0.0
04,30,2011,0.0
05,01,2011,0.0
05,02,2011,0.0
05,03,2011,10.6
05,04,2011,0.1
05,05,2011,0.0
05,06,2011,0.0
05,07,2011,0.0
05,08,2011,0.0
05,09,2011,0.0
05,10,2011,0.0
05,11,2011,0.0
05,12,2011,0.0
05,13,2011,0.0
05,14,2011,3.6
05,15,2011,0.0
05,16,2011,0.0
05,17,2011,0.0
05,18,2011,0.0
05,19,2011,0.0
05,20,2011,0.0
05,21,2011,0.0
05,22,2011,0.0
05,23,2011,0.0
05,24,2011,0.0
05,25,2011,0.0
05,26,2011,0.0
05,27,2011,0.0
05,28,2011,0.0
05,29,2011,0.0
05,30,2011,0.0
05,31,2011,0.0
06,01,2011,0.0
06,02,2011,0.0
06,03,2011,0.0
06,04,2011,0.0
06,05,2011,0.0
06,06,2011,0.8
06,07,2011,0.0
06,08,2011,0.0
06,09,2011,1.7
06,10,2011,0.0
06,11,2011,0.0
06,12,2011,0.0
06,13,2011,1.4
06,14,2011,29.3
06,15,2011,0.3
06,16,2011,0.0
06,17,2011,0.0
06,18,2011,7.5
06,19,2011,1.1
06,20,2011,0.0
06,21,2011,0.0
06,22,2011,0.0
06,23,2011,21.6
06,24,2011,0.0
06,25,2011,0.0
06,26,2011,3.2
06,27,2011,10.1
06,28,2011,28.7
06,29,2011,0.1
06,30,2011,0.3
07,01,2011,0.0
07,02,2011,13.3
07,03,2011,0.0
07,04,2011,5.0
07,05,2011,4.1
07,06,2011,0.0
07,07,2011,0.0
07,08,2011,0.0
07,09,2011,2.4
07,10,2011,32.7
07,11,2011,7.2
07,12,2011,26.2
07,13,2011,42.2
07,14,2011,7.3
07,15,2011,17.9
07,16,2011,52.0
07,17,2011,18.9
07,18,2011,152.0
07,19,2011,16.0
07,20,2011,0.1
07,21,2011,0.0
07,22,2011,0.0
07,23,2011,40.2
07,24,2011,0.1
07,25,2011,7.6
07,26,2011,0.2
07,27,2011,3.2
07,28,2011,34.0
07,29,2011,25.2
07,30,2011,16.0
07,31,2011,20.7
08,01,2011,35.0
08,02,2011,33.4
08,03,2011,0.2
08,04,2011,0.0
08,05,2011,0.0
08,06,2011,3.5
08,07,2011,2.9
08,08,2011,0.0
08,09,2011,0.0
08,10,2011,0.0
08,11,2011,10.5
08,12,2011,1.0
08,13,2011,0.0
08,14,2011,0.1
08,15,2011,106.0
08,16,2011,0.4
08,17,2011,0.9
08,18,2011,0.3
08,19,2011,0.0
08,20,2011,1.0
08,21,2011,62.3
08,22,2011,7.5
08,23,2011,0.0
08,24,2011,0.0
08,25,2011,0.0
08,26,2011,3.4
08,27,2011,5.7
08,28,2011,0.0
08,29,2011,36.6
08,30,2011,0.5
08,31,2011,9.4
09,01,2011,8.7
09,02,2011,0.0
09,03,2011,0.0
09,04,2011,0.0
09,05,2011,40.0
09,06,2011,32.4
09,07,2011,6.1
09,08,2011,0.1
09,09,2011,1.8
09,10,2011,38.8
09,11,2011,14.0
09,12,2011,101.9
09,13,2011,97.0
09,14,2011,15.9
09,15,2011,11.1
09,16,2011,0.1
09,17,2011,43.5
09,18,2011,0.6
09,19,2011,8.0
09,20,2011,3.0
09,21,2011,10.4
09,22,2011,0.0
09,23,2011,17.7
09,24,2011,3.6
09,25,2011,0.0
09,26,2011,0.5
09,27,2011,0.0
09,28,2011,4.0
09,29,2011,17.0
09,30,2011,21.6
10,01,2011,48.3
10,02,2011,19.0
10,03,2011,19.9
10,04,2011,25.7
10,05,2011,1.7
10,06,2011,0.0
10,07,2011,0.0
10,08,2011,0.0
10,09,2011,0.0
10,10,2011,0.6
10,11,2011,0.0
10,12,2011,0.2
10,13,2011,21.0
10,14,2011,17.9
10,15,2011,65.9
10,16,2011,61.6
10,17,2011,0.2
10,18,2011,1.2
10,19,2011,7.8
10,20,2011,0.0
10,21,2011,0.0
10,22,2011,0.5
10,23,2011,0.0
10,24,2011,1.1
10,25,2011,0.0
10,26,2011,0.0
10,27,2011,0.0
10,28,2011,1.0
10,29,2011,25.2
10,30,2011,0.3
10,31,2011,0.0
11,01,2011,2.1
11,02,2011,0.0
11,03,2011,8.0
11,04,2011,8.0
11,05,2011,0.0
11,06,2011,0.0
11,07,2011,0.0
11,08,2011,0.0
11,09,2011,0.0
11,10,2011,0.0
11,11,2011,0.1
11,12,2011,0.0
11,13,2011,0.0
11,14,2011,0.0
11,15,2011,0.0
11,16,2011,0.0
11,17,2011,23.3
11,18,2011,3.8
11,19,2011,0.0
11,20,2011,0.0
11,21,2011,0.3
11,22,2011,0.0
11,23,2011,8.5
11,24,2011,0.0
11,25,2011,0.0
11,26,2011,0.0
11,27,2011,0.0
11,28,2011,0.0
11,29,2011,0.0
11,30,2011,0.0
12,01,2011,0.0
12,02,2011,0.0
12,03,2011,0.0
12,04,2011,0.0
12,05,2011,0.0
12,06,2011,0.5
12,07,2011,0.7
12,08,2011,2.1
12,09,2011,3.0
12,10,2011,0.0
12,11,2011,0.0
12,12,2011,0.2
12,13,2011,0.6
12,14,2011,4.5
12,15,2011,0.0
12,16,2011,6.8
12,17,2011,0.3
12,18,2011,0.0
12,19,2011,0.0
12,20,2011,0.0
12,21,2011,0.0
12,22,2011,0.0
12,23,2011,0.0
12,24,2011,0.5
12,25,2011,0.3
12,26,2011,0.0
12,27,2011,0.5
12,28,2011,0.0
12,29,2011,0.0
12,30,2011,0.0
12,31,2011,0.0
