STATION,STATION_NAME,ELEVATION,LATITUDE,LONGITUDE,DATE,CLDD,Missing,Consecutive Missing,HTDD,Missing,Consecutive Missing,DT90,Missing,Consecutive Missing,DX32,Missing,Consecutive Missing,DT00,Missing,Consecutive Missing,DT32,Missing,Consecutive Missing,DP01,Missing,Consecutive Missing,DP05,Missing,Consecutive Missing,DP10,Missing,Consecutive Missing,EMXP,Missing,Consecutive Missing,MXSD,Missing,Consecutive Missing,TPCP,Missing,Consecutive Missing,EMXT,Missing,Consecutive Missing,EMNT,Missing,Consecutive Missing,MMXT,Missing,Consecutive Missing,MMNT,Missing,Consecutive Missing,MNTM,Missing,Consecutive Missing
GHCND:BLM00085153,SAN IGNACIO DE MOXO BL,241,-14.967,-65.633,20130101,167,11,3,0,11,3,14,9,3,0,9,3,0,11,3,0,11,3,8,0,0,6,0,0,1,0,0,30.2,0,0,-9999,0,0,151.1,0,0,35.2,9,3,19.8,11,3,32.3,9,3,22.8,11,3,27.6,11,3
GHCND:BLM00085153,SAN IGNACIO DE MOXO BL,241,-14.967,-65.633,20130201,155,11,3,0,11,3,7,11,3,0,11,3,0,9,2,0,9,2,9,0,0,6,0,0,2,0,0,46.0,0,0,-9999,0,0,178.5,0,0,34.6,11,3,21.6,9,2,31.2,11,3,23.5,9,2,27.4,11,3
GHCND:BLM00085153,SAN IGNACIO DE MOXO BL,241,-14.967,-65.633,20130301,169,10,2,0,10,2,9,8,2,0,8,2,0,10,2,0,10,2,6,0,0,4,0,0,2,0,0,71.4,0,0,-9999,0,0,136.0,0,0,34.0,8,2,19.2,10,2,30.6,8,2,22.8,10,2,26.7,10,2
GHCND:BLM00085153,SAN IGNACIO DE MOXO BL,241,-14.967,-65.633,20130401,83,16,6,0,16,6,4,15,6,0,15,6,0,16,6,0,16,6,2,0,0,1,0,0,1,0,0,76.2,0,0,-9999,0,0,89.1,0,0,33.6,15,6,16.2,16,6,30.6,15,6,19.8,16,6,25.2,16,6
GHCND:BLM00085153,SAN IGNACIO DE MOXO BL,241,-14.967,-65.633,20130501,128,11,9,2,11,9,3,10,9,0,10,9,0,11,9,0,11,9,3,0,0,1,0,0,1,0,0,59.9,0,0,-9999,0,0,73.6,0,0,34.2,10,9,14.0,11,9,30.1,10,9,20.2,11,9,25.3,11,9
GHCND:BLM00085153,SAN IGNACIO DE MOXO BL,241,-14.967,-65.633,20130601,146,5,3,4,5,3,4,4,3,0,4,3,0,5,3,0,5,3,7,0,0,6,0,0,4,0,0,50.0,0,0,-9999,0,0,202.4,0,0,32.6,4,3,13.3,5,3,28.6,4,3,19.1,5,3,24.0,5,3
GHCND:BLM00085153,SAN IGNACIO DE MOXO BL,241,-14.967,-65.633,20130701,122,9,4,16,9,4,4,8,4,0,8,4,0,9,4,0,9,4,2,0,0,1,0,0,1,0,0,42.7,0,0,-9999,0,0,51.1,0,0,33.6,8,4,8.0,9,4,28.7,8,4,16.9,9,4,23.1,9,4
GHCND:BLM00085153,SAN IGNACIO DE MOXO BL,241,-14.967,-65.633,20130801,95,9,2,10,9,2,11,7,2,0,7,2,0,7,2,0,7,2,-9999,0,0,-9999,0,0,-9999,0,0,-9999,0,0,-9999,0,0,-9999,0,0,35.2,7,2,7.9,7,2,29.3,7,2,15.2,7,2,22.2,9,2
GHCND:BLM00085153,SAN IGNACIO DE MOXO BL,241,-14.967,-65.633,20130901,96,6,2,0,6,2,17,5,2,0,5,2,0,6,2,0,6,2,4,0,0,4,0,0,2,0,0,64.3,0,0,-9999,0,0,130.3,0,0,36.2,5,2,15.0,6,2,32.2,5,2,19.6,6,2,26.3,6,2
GHCND:BLM00085153,SAN IGNACIO DE MOXO BL,241,-14.967,-65.633,20131001,-9999,0,0,-9999,0,0,14,5,2,0,5,2,-9999,0,0,-9999,0,0,8,0,0,3,0,0,2,0,0,33.0,0,0,-9999,0,0,124.9,0,0,34.8,5,2,-9999,0,0,30.6,5,2,-9999,0,0,-9999,0,0
GHCND:BLM00085153,SAN IGNACIO DE MOXO BL,241,-14.967,-65.633,20131101,-9999,0,0,-9999,0,0,12,5,4,0,5,4,-9999,0,0,-9999,0,0,6,0,0,4,0,0,3,0,0,66.8,0,0,-9999,0,0,180.8,0,0,34.8,5,4,-9999,0,0,31.1,5,4,-9999,0,0,-9999,0,0
GHCND:BLM00085153,SAN IGNACIO DE MOXO BL,241,-14.967,-65.633,20131201,-9999,0,0,-9999,0,0,14,6,1,0,6,1,-9999,0,0,-9999,0,0,11,0,0,8,0,0,5,0,0,98.8,0,0,-9999,0,0,409.7,0,0,34.2,6,1,-9999,0,0,31.6,6,1,-9999,0,0,-9999,0,0
GHCND:BLM00085175,ASCENCION GUARAYOS BL,247,-15.717,-63.1,20130101,-9999,0,0,-9999,0,0,0,16,16,0,16,16,-9999,0,0,-9999,0,0,-9999,0,0,-9999,0,0,-9999,0,0,-9999,0,0,-9999,0,0,-9999,0,0,31.5,16,16,-9999,0,0,31.5,16,16,-9999,0,0,-9999,0,0
GHCND:BLM00085175,ASCENCION GUARAYOS BL,247,-15.717,-63.1,20130401,-9999,0,0,-9999,0,0,1,5,5,0,5,5,-9999,0,0,-9999,0,0,-9999,0,0,-9999,0,0,-9999,0,0,-9999,0,0,-9999,0,0,-9999,0,0,32.6,5,5,-9999,0,0,32.6,5,5,-9999,0,0,-9999,0,0
GHCND:BLM00085175,ASCENCION GUARAYOS BL,247,-15.717,-63.1,20130601,-9999,0,0,-9999,0,0,0,24,10,0,24,10,-9999,0,0,-9999,0,0,-9999,0,0,-9999,0,0,-9999,0,0,-9999,0,0,-9999,0,0,-9999,0,0,31.3,24,10,-9999,0,0,28.6,24,10,-9999,0,0,-9999,0,0
GHCND:BLM00085175,ASCENCION GUARAYOS BL,247,-15.717,-63.1,20130701,-9999,0,0,-9999,0,0,0,9,5,0,9,5,-9999,0,0,-9999,0,0,-9999,0,0,-9999,0,0,-9999,0,0,-9999,0,0,-9999,0,0,-9999,0,0,31.0,9,5,-9999,0,0,30.8,9,5,-9999,0,0,-9999,0,0
GHCND:BLM00085175,ASCENCION GUARAYOS BL,247,-15.717,-63.1,20130801,-9999,0,0,-9999,0,0,1,17,17,0,17,17,-9999,0,0,-9999,0,0,-9999,0,0,-9999,0,0,-9999,0,0,-9999,0,0,-9999,0,0,-9999,0,0,33.0,17,17,-9999,0,0,33.0,17,17,-9999,0,0,-9999,0,0
GHCND:BLM00085175,ASCENCION GUARAYOS BL,247,-15.717,-63.1,20131001,-9999,0,0,-9999,0,0,1,26,26,0,26,26,-9999,0,0,-9999,0,0,-9999,0,0,-9999,0,0,-9999,0,0,-9999,0,0,-9999,0,0,-9999,0,0,32.4,26,26,-9999,0,0,32.4,26,26,-9999,0,0,-9999,0,0
GHCND:BLM00085175,ASCENCION GUARAYOS BL,247,-15.717,-63.1,20131101,-9999,0,0,-9999,0,0,0,16,16,0,16,16,-9999,0,0,-9999,0,0,-9999,0,0,-9999,0,0,-9999,0,0,-9999,0,0,-9999,0,0,-9999,0,0,31.9,16,16,-9999,0,0,31.9,16,16,-9999,0,0,-9999,0,0
GHCND:BLM00085175,ASCENCION GUARAYOS BL,247,-15.717,-63.1,20131201,-9999,0,0,-9999,0,0,3,21,9,0,21,9,-9999,0,0,-9999,0,0,-9999,0,0,-9999,0,0,-9999,0,0,-9999,0,0,-9999,0,0,-9999,0,0,33.4,21,9,-9999,0,0,31.4,21,9,-9999,0,0,-9999,0,0
GHCND:BLM00085152,SAN BORJA CAPT GERM BL,194,-14.867,-66.75,20130101,192,9,3,0,9,3,16,8,2,0,8,2,0,10,3,0,10,3,6,0,0,2,0,0,1,0,0,41.9,0,0,-9999,0,0,93.9,0,0,36.8,8,2,20.7,10,3,32.8,8,2,23.0,10,3,27.9,9,3
GHCND:BLM00085152,SAN BORJA CAPT GERM BL,194,-14.867,-66.75,20130201,202,6,2,0,6,2,12,5,2,0,5,2,0,5,2,0,5,2,8,0,0,6,0,0,4,0,0,102.1,0,0,-9999,0,0,314.5,0,0,36.2,5,2,21.4,5,2,32.3,5,2,23.3,5,2,27.9,6,2
GHCND:BLM00085152,SAN BORJA CAPT GERM BL,194,-14.867,-66.75,20130301,194,7,2,0,7,2,15,5,2,0,5,2,0,7,2,0,7,2,6,0,0,3,0,0,2,0,0,114.0,0,0,-9999,0,0,199.7,0,0,33.8,5,2,20.5,7,2,31.1,5,2,22.5,7,2,26.7,7,2
GHCND:BLM00085152,SAN BORJA CAPT GERM BL,194,-14.867,-66.75,20130401,172,7,1,0,7,1,10,5,1,0,5,1,0,7,1,0,7,1,5,0,0,2,0,0,2,0,0,53.1,0,0,-9999,0,0,104.1,0,0,33.9,5,1,17.0,7,1,31.2,5,1,20.7,7,1,26.1,7,1
GHCND:BLM00085152,SAN BORJA CAPT GERM BL,194,-14.867,-66.75,20130501,147,11,9,0,11,9,8,10,9,0,10,9,0,11,9,0,11,9,2,0,0,1,0,0,1,0,0,36.3,0,0,-9999,0,0,42.9,0,0,34.0,10,9,15.2,11,9,30.9,10,9,20.3,11,9,25.6,11,9
GHCND:BLM00085152,SAN BORJA CAPT GERM BL,194,-14.867,-66.75,20130601,146,5,2,2,5,2,6,3,1,0,3,1,0,5,2,0,5,2,8,0,0,5,0,0,3,0,0,135.1,0,0,-9999,0,0,325.9,0,0,33.5,3,1,14.5,5,2,28.4,3,1,19.5,5,2,24.1,5,2
GHCND:BLM00085152,SAN BORJA CAPT GERM BL,194,-14.867,-66.75,20130701,129,9,4,16,9,4,7,8,4,0,8,4,0,8,4,0,8,4,1,0,0,0,0,0,0,0,0,7.1,0,0,-9999,0,0,12.1,0,0,33.8,8,4,7.0,8,4,29.4,8,4,17.4,8,4,23.4,9,4
GHCND:BLM00085152,SAN BORJA CAPT GERM BL,194,-14.867,-66.75,20130801,131,5,3,8,5,3,15,2,2,0,2,2,0,5,3,0,5,3,5,0,0,1,0,0,1,0,0,62.0,0,0,-9999,0,0,93.5,0,0,35.5,2,2,10.6,5,3,29.1,2,2,15.9,5,3,23.0,5,3
GHCND:BLM00085152,SAN BORJA CAPT GERM BL,194,-14.867,-66.75,20130901,173,8,2,0,8,2,16,7,2,0,7,2,0,8,2,0,8,2,2,0,0,2,0,0,1,0,0,57.4,0,0,-9999,0,0,71.1,0,0,36.2,7,2,15.5,8,2,32.4,7,2,19.5,8,2,26.2,8,2
GHCND:BLM00085152,SAN BORJA CAPT GERM BL,194,-14.867,-66.75,20131001,187,6,2,1,6,2,12,4,2,0,4,2,0,6,2,0,6,2,9,0,0,5,0,0,3,0,0,60.7,0,0,-9999,0,0,194.1,0,0,35.4,4,2,15.4,6,2,30.6,4,2,21.1,6,2,25.8,6,2
GHCND:BLM00085152,SAN BORJA CAPT GERM BL,194,-14.867,-66.75,20131101,191,8,4,0,8,4,15,6,4,0,6,4,0,7,4,0,7,4,8,0,0,7,0,0,5,0,0,69.1,0,0,-9999,0,0,247.1,0,0,35.8,6,4,18.8,7,4,31.7,6,4,22.1,7,4,27.0,8,4
GHCND:BLM00085152,SAN BORJA CAPT GERM BL,194,-14.867,-66.75,20131201,259,3,2,0,3,2,15,2,1,0,2,1,0,3,2,0,3,2,9,0,0,4,0,0,4,0,0,82.0,0,0,-9999,0,0,250.5,0,0,34.5,2,1,19.8,3,2,31.8,2,1,23.2,3,2,27.5,3,2
GHCND:BLM00085196,CONCEPCION BL,497,-16.25,-62.1,20130101,-9999,0,0,-9999,0,0,10,1,1,0,1,1,-9999,0,0,-9999,0,0,-9999,0,0,-9999,0,0,-9999,0,0,-9999,0,0,-9999,0,0,-9999,0,0,33.5,1,1,-9999,0,0,31.1,1,1,-9999,0,0,-9999,0,0
GHCND:BLM00085196,CONCEPCION BL,497,-16.25,-62.1,20130201,-9999,0,0,-9999,0,0,2,5,2,0,5,2,-9999,0,0,-9999,0,0,-9999,0,0,-9999,0,0,-9999,0,0,-9999,0,0,-9999,0,0,-9999,0,0,32.5,5,2,-9999,0,0,29.7,5,2,-9999,0,0,-9999,0,0
GHCND:BLM00085196,CONCEPCION BL,497,-16.25,-62.1,20130301,8,3,3,0,3,3,0,3,1,0,3,1,0,3,3,0,3,3,1,0,0,0,0,0,0,0,0,11.2,0,0,-9999,0,0,11.2,0,0,32.0,3,1,22.3,3,3,28.8,3,1,22.3,3,3,26.0,3,3
GHCND:BLM00085196,CONCEPCION BL,497,-16.25,-62.1,20130401,-9999,0,0,-9999,0,0,0,1,1,0,1,1,-9999,0,0,-9999,0,0,-9999,0,0,-9999,0,0,-9999,0,0,-9999,0,0,-9999,0,0,-9999,0,0,31.2,1,1,-9999,0,0,28.6,1,1,-9999,0,0,-9999,0,0
GHCND:BLM00085196,CONCEPCION BL,497,-16.25,-62.1,20130501,-9999,0,0,-9999,0,0,0,9,9,0,9,9,-9999,0,0,-9999,0,0,-9999,0,0,-9999,0,0,-9999,0,0,-9999,0,0,-9999,0,0,-9999,0,0,32.0,9,9,-9999,0,0,27.9,9,9,-9999,0,0,-9999,0,0
GHCND:BLM00085196,CONCEPCION BL,497,-16.25,-62.1,20130601,-9999,0,0,-9999,0,0,0,3,1,0,3,1,-9999,0,0,-9999,0,0,-9999,0,0,-9999,0,0,-9999,0,0,-9999,0,0,-9999,0,0,-9999,0,0,31.0,3,1,-9999,0,0,26.9,3,1,-9999,0,0,-9999,0,0
GHCND:BLM00085196,CONCEPCION BL,497,-16.25,-62.1,20130701,-9999,0,0,-9999,0,0,0,5,3,0,5,3,-9999,0,0,-9999,0,0,1,0,0,1,0,0,0,0,0,14.0,0,0,-9999,0,0,14.0,0,0,31.1,5,3,-9999,0,0,26.7,5,3,-9999,0,0,-9999,0,0
GHCND:BLM00085196,CONCEPCION BL,497,-16.25,-62.1,20130801,-9999,0,0,-9999,0,0,7,1,1,0,1,1,-9999,0,0,-9999,0,0,-9999,0,0,-9999,0,0,-9999,0,0,-9999,0,0,-9999,0,0,-9999,0,0,34.0,1,1,-9999,0,0,27.8,1,1,-9999,0,0,-9999,0,0
GHCND:BLM00085196,CONCEPCION BL,497,-16.25,-62.1,20130901,-9999,0,0,-9999,0,0,12,2,2,0,2,2,-9999,0,0,-9999,0,0,-9999,0,0,-9999,0,0,-9999,0,0,-9999,0,0,-9999,0,0,-9999,0,0,35.0,2,2,-9999,0,0,29.8,2,2,-9999,0,0,-9999,0,0
GHCND:BLM00085196,CONCEPCION BL,497,-16.25,-62.1,20131001,-9999,0,0,-9999,0,0,2,1,1,0,1,1,-9999,0,0,-9999,0,0,-9999,0,0,-9999,0,0,-9999,0,0,-9999,0,0,-9999,0,0,-9999,0,0,34.0,1,1,-9999,0,0,29.9,1,1,-9999,0,0,-9999,0,0
GHCND:BLM00085196,CONCEPCION BL,497,-16.25,-62.1,20131101,-9999,0,0,-9999,0,0,5,3,1,0,3,1,-9999,0,0,-9999,0,0,-9999,0,0,-9999,0,0,-9999,0,0,-9999,0,0,-9999,0,0,-9999,0,0,34.0,3,1,-9999,0,0,29.9,3,1,-9999,0,0,-9999,0,0
GHCND:BLM00085196,CONCEPCION BL,497,-16.25,-62.1,20131201,-9999,0,0,-9999,0,0,7,2,1,0,2,1,-9999,0,0,-9999,0,0,-9999,0,0,-9999,0,0,-9999,0,0,-9999,0,0,-9999,0,0,-9999,0,0,34.0,2,1,-9999,0,0,30.9,2,1,-9999,0,0,-9999,0,0
GHCND:BLM00085195,SAN JAVIER BL,520,-16.267,-62.467,20130701,-9999,0,0,-9999,0,0,0,10,10,0,10,10,-9999,0,0,-9999,0,0,-9999,0,0,-9999,0,0,-9999,0,0,-9999,0,0,-9999,0,0,-9999,0,0,30.4,10,10,-9999,0,0,30.4,10,10,-9999,0,0,-9999,0,0
GHCND:BLM00085293,CAPITAN NICOLAS ROJAS BL,3935.9,-19.543,-65.724,20130101,-9999,0,0,-9999,0,0,0,12,3,0,12,3,-9999,0,0,-9999,0,0,-9999,0,0,-9999,0,0,-9999,0,0,-9999,0,0,-9999,0,0,-9999,0,0,19.5,12,3,-9999,0,0,15.7,12,3,-9999,0,0,-9999,0,0
GHCND:BLM00085293,CAPITAN NICOLAS ROJAS BL,3935.9,-19.543,-65.724,20130201,-9999,0,0,-9999,0,0,0,10,3,0,10,3,-9999,0,0,-9999,0,0,-9999,0,0,-9999,0,0,-9999,0,0,-9999,0,0,-9999,0,0,-9999,0,0,16.5,10,3,-9999,0,0,14.6,10,3,-9999,0,0,-9999,0,0
GHCND:BLM00085293,CAPITAN NICOLAS ROJAS BL,3935.9,-19.543,-65.724,20130301,-9999,0,0,-9999,0,0,0,9,3,0,9,3,-9999,0,0,-9999,0,0,-9999,0,0,-9999,0,0,-9999,0,0,-9999,0,0,-9999,0,0,-9999,0,0,21.2,9,3,-9999,0,0,18.2,9,3,-9999,0,0,-9999,0,0
GHCND:BLM00085293,CAPITAN NICOLAS ROJAS BL,3935.9,-19.543,-65.724,20130401,-9999,0,0,-9999,0,0,0,11,3,0,11,3,-9999,0,0,-9999,0,0,-9999,0,0,-9999,0,0,-9999,0,0,-9999,0,0,-9999,0,0,-9999,0,0,21.0,11,3,-9999,0,0,18.4,11,3,-9999,0,0,-9999,0,0
GHCND:BLM00085293,CAPITAN NICOLAS ROJAS BL,3935.9,-19.543,-65.724,20130501,-9999,0,0,-9999,0,0,0,15,10,0,15,10,-9999,0,0,-9999,0,0,-9999,0,0,-9999,0,0,-9999,0,0,-9999,0,0,-9999,0,0,-9999,0,0,20.2,15,10,-9999,0,0,17.5,15,10,-9999,0,0,-9999,0,0
GHCND:BLM00085293,CAPITAN NICOLAS ROJAS BL,3935.9,-19.543,-65.724,20130601,-9999,0,0,-9999,0,0,0,10,3,0,10,3,-9999,0,0,-9999,0,0,-9999,0,0,-9999,0,0,-9999,0,0,-9999,0,0,-9999,0,0,-9999,0,0,17.4,10,3,-9999,0,0,14.1,10,3,-9999,0,0,-9999,0,0
GHCND:BLM00085293,CAPITAN NICOLAS ROJAS BL,3935.9,-19.543,-65.724,20130701,-9999,0,0,-9999,0,0,0,10,4,0,10,4,-9999,0,0,-9999,0,0,-9999,0,0,-9999,0,0,-9999,0,0,-9999,0,0,-9999,0,0,-9999,0,0,18.8,10,4,-9999,0,0,16.3,10,4,-9999,0,0,-9999,0,0
GHCND:BLM00085293,CAPITAN NICOLAS ROJAS BL,3935.9,-19.543,-65.724,20130801,-9999,0,0,-9999,0,0,0,9,2,0,9,2,-9999,0,0,-9999,0,0,-9999,0,0,-9999,0,0,-9999,0,0,-9999,0,0,-9999,0,0,-9999,0,0,18.6,9,2,-9999,0,0,15.7,9,2,-9999,0,0,-9999,0,0
GHCND:BLM00085293,CAPITAN NICOLAS ROJAS BL,3935.9,-19.543,-65.724,20130901,-9999,0,0,-9999,0,0,0,13,4,0,13,4,-9999,0,0,-9999,0,0,-9999,0,0,-9999,0,0,-9999,0,0,-9999,0,0,-9999,0,0,-9999,0,0,20.0,13,4,-9999,0,0,17.5,13,4,-9999,0,0,-9999,0,0
GHCND:BLM00085293,CAPITAN NICOLAS ROJAS BL,3935.9,-19.543,-65.724,20131001,-9999,0,0,-9999,0,0,0,12,3,0,12,3,-9999,0,0,-9999,0,0,-9999,0,0,-9999,0,0,-9999,0,0,-9999,0,0,-9999,0,0,-9999,0,0,21.4,12,3,-9999,0,0,18.0,12,3,-9999,0,0,-9999,0,0
GHCND:BLM00085293,CAPITAN NICOLAS ROJAS BL,3935.9,-19.543,-65.724,20131101,-9999,0,0,-9999,0,0,0,9,3,0,9,3,-9999,0,0,-9999,0,0,-9999,0,0,-9999,0,0,-9999,0,0,-9999,0,0,-9999,0,0,-9999,0,0,21.5,9,3,-9999,0,0,18.9,9,3,-9999,0,0,-9999,0,0
GHCND:BLM00085293,CAPITAN NICOLAS ROJAS BL,3935.9,-19.543,-65.724,20131201,-9999,0,0,-9999,0,0,0,10,2,0,10,2,-9999,0,0,-9999,0,0,-9999,0,0,-9999,0,0,-9999,0,0,-9999,0,0,-9999,0,0,-9999,0,0,20.4,10,2,-9999,0,0,15.9,10,2,-9999,0,0,-9999,0,0
GHCND:BL000085043,RIBERALTA BL,141,-11,-66.117,20130101,213,6,2,0,6,2,12,4,1,0,4,1,0,4,2,0,4,2,9,0,0,4,0,0,2,0,0,88.9,0,0,-9999,0,0,249.8,0,0,35.4,4,1,21.0,4,2,32.0,4,1,22.3,4,2,27.2,6,2
GHCND:BL000085043,RIBERALTA BL,141,-11,-66.117,20130201,187,6,2,0,6,2,10,2,2,0,2,2,0,4,2,0,4,2,13,0,0,9,0,0,6,0,0,79.0,0,0,-9999,0,0,382.6,0,0,33.5,2,2,21.0,4,2,31.2,2,2,22.3,4,2,26.8,6,2
GHCND:BL000085043,RIBERALTA BL,141,-11,-66.117,20130301,220,5,1,0,5,1,14,3,1,0,3,1,0,3,1,0,3,1,17,0,0,10,0,0,4,0,0,61.0,0,0,-9999,0,0,346.3,0,0,34.3,3,1,21.0,3,1,31.8,3,1,22.5,3,1,27.1,5,1
GHCND:BL000085043,RIBERALTA BL,141,-11,-66.117,20130401,149,11,2,0,11,2,17,4,1,0,4,1,0,10,2,0,10,2,4,0,0,0,0,0,0,0,0,9.9,0,0,-9999,0,0,27.1,0,0,35.5,4,1,17.0,10,2,32.4,4,1,20.9,10,2,26.6,11,2
GHCND:BL000085043,RIBERALTA BL,141,-11,-66.117,20130501,181,9,9,0,9,9,12,9,9,0,9,9,0,0,0,0,0,0,5,0,0,1,0,0,1,0,0,30.0,0,0,-9999,0,0,51.4,0,0,34.3,9,9,17.3,0,0,31.9,9,9,21.2,0,0,26.9,9,9
GHCND:BL000085043,RIBERALTA BL,141,-11,-66.117,20130601,207,4,2,0,4,2,20,5,2,0,5,2,0,1,1,0,1,1,3,0,0,2,0,0,1,0,0,38.6,0,0,-9999,0,0,62.5,0,0,34.5,5,2,20.0,1,1,32.7,5,2,21.1,1,1,26.9,4,2
GHCND:BL000085043,RIBERALTA BL,141,-11,-66.117,20130701,158,8,4,4,8,4,18,5,3,0,5,3,0,7,4,0,7,4,-9999,0,0,-9999,0,0,-9999,0,0,-9999,0,0,-9999,0,0,-9999,0,0,35.1,5,3,9.1,7,4,31.4,5,3,18.7,7,4,25.3,8,4
GHCND:BL000085043,RIBERALTA BL,141,-11,-66.117,20130801,195,4,1,0,4,1,19,1,1,0,1,1,0,3,1,0,3,1,1,0,0,0,0,0,0,0,0,4.8,0,0,-9999,0,0,6.6,0,0,36.2,1,1,11.4,3,1,32.5,1,1,18.4,3,1,25.5,4,1
GHCND:BL000085043,RIBERALTA BL,141,-11,-66.117,20130901,224,7,2,0,7,2,23,3,2,0,3,2,0,6,2,0,6,2,2,0,0,1,0,0,0,0,0,21.8,0,0,-9999,0,0,34.5,0,0,38.1,3,2,15.0,6,2,34.4,3,2,20.9,6,2,28.0,7,2
GHCND:BL000085043,RIBERALTA BL,141,-11,-66.117,20131001,225,6,2,0,6,2,17,3,2,0,3,2,0,3,1,0,3,1,9,0,0,6,0,0,3,0,0,60.2,0,0,-9999,0,0,205.6,0,0,36.4,3,2,18.0,3,1,32.4,3,2,21.9,3,1,27.3,6,2
GHCND:BL000085043,RIBERALTA BL,141,-11,-66.117,20131101,201,7,4,0,7,4,13,2,1,0,2,1,0,6,4,0,6,4,9,0,0,5,0,0,1,0,0,38.1,0,0,-9999,0,0,141.7,0,0,35.4,2,1,20.5,6,4,31.8,2,1,22.2,6,4,27.0,7,4
GHCND:BL000085043,RIBERALTA BL,141,-11,-66.117,20131201,257,2,1,0,2,1,16,1,1,0,1,1,0,1,1,0,1,1,12,0,0,6,0,0,3,0,0,73.4,0,0,-9999,0,0,264.6,0,0,35.5,1,1,20.0,1,1,31.8,1,1,22.4,1,1,27.2,2,1
GHCND:BL000085041,COBIJA BL,unknown,-11.03,-68.78,20130101,142,11,3,0,11,3,12,4,2,0,4,2,0,13,3,0,13,3,14,0,0,4,0,0,1,0,0,48.0,0,0,-9999,0,0,179.8,0,0,35.2,4,2,21.8,13,3,31.8,4,2,22.8,13,3,27.2,11,3
GHCND:BL000085041,COBIJA BL,unknown,-11.03,-68.78,20130201,186,6,2,0,6,2,5,3,1,0,3,1,0,4,2,0,4,2,11,0,0,5,0,0,2,0,0,26.9,0,0,-9999,0,0,145.1,0,0,33.6,3,1,21.8,4,2,30.3,3,1,23.0,4,2,26.7,6,2
GHCND:BL000085041,COBIJA BL,unknown,-11.03,-68.78,20130301,148,9,2,0,9,2,7,5,2,0,5,2,0,11,5,0,11,5,10,0,0,5,0,0,2,0,0,87.1,0,0,-9999,0,0,219.5,0,0,33.8,5,2,21.0,11,5,30.8,5,2,23.0,11,5,27.0,9,2
GHCND:BL000085041,COBIJA BL,unknown,-11.03,-68.78,20130401,141,11,2,0,11,2,9,1,1,0,1,1,0,12,2,0,12,2,3,0,0,3,0,0,0,0,0,22.1,0,0,-9999,0,0,58.7,0,0,33.8,1,1,17.6,12,2,31.8,1,1,21.3,12,2,26.6,11,2
GHCND:BL000085041,COBIJA BL,unknown,-11.03,-68.78,20130501,112,13,9,0,13,9,9,13,9,0,13,9,0,5,1,0,5,1,3,0,0,1,0,0,1,0,0,46.7,0,0,-9999,0,0,69.0,0,0,33.8,13,9,17.6,5,1,31.1,13,9,21.0,5,1,26.3,13,9
GHCND:BL000085041,COBIJA BL,unknown,-11.03,-68.78,20130601,177,6,1,0,6,1,8,2,1,0,2,1,0,6,1,0,6,1,7,0,0,2,0,0,1,0,0,50.8,0,0,-9999,0,0,111.5,0,0,33.4,2,1,19.8,6,1,31.4,2,1,21.2,6,1,26.3,6,1
GHCND:BL000085041,COBIJA BL,unknown,-11.03,-68.78,20130701,109,10,5,1,10,5,11,9,3,0,9,3,0,9,5,0,9,5,1,0,0,1,0,0,1,0,0,27.7,0,0,-9999,0,0,28.0,0,0,34.8,9,3,8.4,9,5,30.6,9,3,18.1,9,5,24.7,10,5
GHCND:BL000085041,COBIJA BL,unknown,-11.03,-68.78,20130801,158,5,2,0,5,2,16,2,2,0,2,2,0,4,1,0,4,1,2,0,0,1,0,0,1,0,0,56.6,0,0,-9999,0,0,61.7,0,0,35.6,2,2,12.8,4,1,31.3,2,2,17.8,4,1,24.6,5,2
GHCND:BL000085041,COBIJA BL,unknown,-11.03,-68.78,20130901,205,7,2,0,7,2,20,5,2,0,5,2,0,6,2,0,6,2,1,0,0,0,0,0,0,0,0,5.6,0,0,-9999,0,0,6.9,0,0,36.6,5,2,15.0,6,2,33.7,5,2,20.7,6,2,27.2,7,2
GHCND:BL000085041,COBIJA BL,unknown,-11.03,-68.78,20131001,195,5,1,0,5,1,16,4,3,0,4,3,0,6,1,0,6,1,7,0,0,5,0,0,1,0,0,27.4,0,0,-9999,0,0,119.7,0,0,35.0,4,3,18.8,6,1,31.9,4,3,22.2,6,1,27.2,5,1
GHCND:BL000085041,COBIJA BL,unknown,-11.03,-68.78,20131101,211,7,4,0,7,4,12,4,4,0,4,4,0,7,4,0,7,4,6,0,0,3,0,0,3,0,0,56.1,0,0,-9999,0,0,139.0,0,0,35.8,4,4,20.6,7,4,32.1,4,4,22.7,7,4,27.5,7,4
GHCND:BL000085041,COBIJA BL,unknown,-11.03,-68.78,20131201,239,5,1,0,5,1,12,4,1,0,4,1,0,2,1,0,2,1,7,0,0,2,0,0,1,0,0,30.0,0,0,-9999,0,0,77.4,0,0,35.0,4,1,20.6,2,1,31.9,4,1,23.0,2,1,27.5,5,1
GHCND:BL000085141,RURRENABAQUE BL,unknown,-14.47,-67.57,20130101,214,7,1,0,7,1,19,4,1,0,4,1,0,3,1,0,3,1,11,0,0,6,0,0,3,0,0,66.0,0,0,-9999,0,0,208.3,0,0,36.0,4,1,19.4,3,1,32.8,4,1,21.7,3,1,27.2,7,1
GHCND:BL000085141,RURRENABAQUE BL,unknown,-14.47,-67.57,20130201,205,5,1,0,5,1,14,2,1,0,2,1,0,3,1,0,3,1,12,0,0,5,0,0,3,0,0,50.0,0,0,-9999,0,0,200.9,0,0,36.1,2,1,20.4,3,1,32.2,2,1,22.2,3,1,27.2,5,1
GHCND:BL000085141,RURRENABAQUE BL,unknown,-14.47,-67.57,20130301,214,3,1,0,3,1,18,2,1,0,2,1,0,4,1,0,4,1,9,0,0,2,0,0,1,0,0,103.1,0,0,-9999,0,0,184.0,0,0,34.6,2,1,19.0,4,1,31.6,2,1,21.7,4,1,26.5,3,1
GHCND:BL000085141,RURRENABAQUE BL,unknown,-14.47,-67.57,20130401,178,5,1,0,5,1,17,1,1,0,1,1,0,5,1,0,5,1,4,0,0,3,0,0,3,0,0,126.0,0,0,-9999,0,0,190.9,0,0,35.0,1,1,14.8,5,1,31.9,1,1,19.3,5,1,25.7,5,1
GHCND:BL000085141,RURRENABAQUE BL,unknown,-14.47,-67.57,20130501,129,11,9,0,11,9,5,11,9,0,11,9,0,2,2,0,2,2,7,0,0,1,0,0,1,0,0,32.0,0,0,-9999,0,0,69.1,0,0,34.0,11,9,14.0,2,2,30.7,11,9,19.1,2,2,25.4,11,9
GHCND:BL000085141,RURRENABAQUE BL,unknown,-14.47,-67.57,20130601,162,2,1,1,2,1,4,2,1,0,2,1,0,0,0,0,0,0,12,0,0,7,0,0,3,0,0,46.7,0,0,-9999,0,0,227.6,0,0,33.1,2,1,14.6,0,0,28.7,2,1,19.4,0,0,24.1,2,1
GHCND:BL000085141,RURRENABAQUE BL,unknown,-14.47,-67.57,20130701,102,8,4,16,8,4,5,6,3,0,6,3,0,7,4,0,7,4,3,0,0,1,0,0,1,0,0,44.2,0,0,-9999,0,0,53.1,0,0,34.0,6,3,7.0,7,4,28.9,6,3,15.8,7,4,22.4,8,4
GHCND:BL000085141,RURRENABAQUE BL,unknown,-14.47,-67.57,20130801,126,3,1,9,3,1,16,1,1,0,1,1,0,2,1,0,2,1,5,0,0,2,0,0,2,0,0,36.3,0,0,-9999,0,0,85.7,0,0,36.4,1,1,9.0,2,1,30.2,1,1,14.9,2,1,22.5,3,1
GHCND:BL000085141,RURRENABAQUE BL,unknown,-14.47,-67.57,20130901,186,4,2,0,4,2,18,2,2,0,2,2,0,4,2,0,4,2,4,0,0,1,0,0,1,0,0,69.3,0,0,-9999,0,0,93.6,0,0,37.0,2,2,14.9,4,2,32.7,2,2,18.1,4,2,25.4,4,2
GHCND:BL000085141,RURRENABAQUE BL,unknown,-14.47,-67.57,20131001,202,3,1,0,3,1,17,2,1,0,2,1,0,2,1,0,2,1,11,0,0,6,0,0,4,0,0,43.9,0,0,-9999,0,0,200.5,0,0,34.4,2,1,15.4,2,1,31.5,2,1,20.1,2,1,25.8,3,1
GHCND:BL000085141,RURRENABAQUE BL,unknown,-14.47,-67.57,20131101,205,5,3,0,5,3,18,2,1,0,2,1,0,4,3,0,4,3,9,0,0,6,0,0,5,0,0,58.9,0,0,-9999,0,0,267.9,0,0,36.0,2,1,18.0,4,3,32.3,2,1,20.6,4,3,26.5,5,3
GHCND:BL000085141,RURRENABAQUE BL,unknown,-14.47,-67.57,20131201,245,3,1,0,3,1,18,3,1,0,3,1,0,0,0,0,0,0,10,0,0,7,0,0,2,0,0,27.4,0,0,-9999,0,0,182.3,0,0,35.7,3,1,19.0,0,0,32.3,3,1,21.8,0,0,27.1,3,1
GHCND:BLM00085210,SAN MATIAS BL,124,-16.333,-58.383,20130101,-9999,0,0,-9999,0,0,0,28,27,0,28,27,-9999,0,0,-9999,0,0,-9999,0,0,-9999,0,0,-9999,0,0,-9999,0,0,-9999,0,0,-9999,0,0,32.0,28,27,-9999,0,0,30.5,28,27,-9999,0,0,-9999,0,0
GHCND:BLM00085210,SAN MATIAS BL,124,-16.333,-58.383,20130201,-9999,0,0,-9999,0,0,1,22,22,0,22,22,-9999,0,0,-9999,0,0,-9999,0,0,-9999,0,0,-9999,0,0,-9999,0,0,-9999,0,0,-9999,0,0,33.0,22,22,-9999,0,0,33.0,22,22,-9999,0,0,-9999,0,0
GHCND:BLM00085210,SAN MATIAS BL,124,-16.333,-58.383,20130301,-9999,0,0,-9999,0,0,0,16,16,0,16,16,-9999,0,0,-9999,0,0,-9999,0,0,-9999,0,0,-9999,0,0,-9999,0,0,-9999,0,0,-9999,0,0,31.0,16,16,-9999,0,0,31.0,16,16,-9999,0,0,-9999,0,0
GHCND:BLM00085210,SAN MATIAS BL,124,-16.333,-58.383,20130401,-9999,0,0,-9999,0,0,0,11,11,0,11,11,-9999,0,0,-9999,0,0,-9999,0,0,-9999,0,0,-9999,0,0,-9999,0,0,-9999,0,0,-9999,0,0,32.0,11,11,-9999,0,0,32.0,11,11,-9999,0,0,-9999,0,0
GHCND:BLM00085210,SAN MATIAS BL,124,-16.333,-58.383,20130701,-9999,0,0,-9999,0,0,1,10,10,0,10,10,-9999,0,0,-9999,0,0,-9999,0,0,-9999,0,0,-9999,0,0,-9999,0,0,-9999,0,0,-9999,0,0,33.8,10,10,-9999,0,0,33.8,10,10,-9999,0,0,-9999,0,0
GHCND:BLM00085210,SAN MATIAS BL,124,-16.333,-58.383,20130801,-9999,0,0,-9999,0,0,1,7,7,0,7,7,-9999,0,0,-9999,0,0,-9999,0,0,-9999,0,0,-9999,0,0,-9999,0,0,-9999,0,0,-9999,0,0,37.0,7,7,-9999,0,0,37.0,7,7,-9999,0,0,-9999,0,0
GHCND:BLM00085154,TTE AV JORGE HENRICH ARAUZ BL,155.1,-14.819,-64.918,20130101,223,4,2,0,4,2,14,4,2,0,4,2,0,4,2,0,4,2,10,0,0,4,0,0,2,0,0,39.9,0,0,-9999,0,0,151.6,0,0,35.2,4,2,20.8,4,2,32.0,4,2,23.0,4,2,27.6,4,2
GHCND:BLM00085154,TTE AV JORGE HENRICH ARAUZ BL,155.1,-14.819,-64.918,20130201,213,5,1,0,5,1,16,2,1,0,2,1,0,4,1,0,4,1,6,0,0,3,0,0,0,0,0,24.9,0,0,-9999,0,0,102.2,0,0,35.2,2,1,22.0,4,1,31.8,2,1,23.3,4,1,27.6,5,1
GHCND:BLM00085154,TTE AV JORGE HENRICH ARAUZ BL,155.1,-14.819,-64.918,20130301,183,8,2,0,8,2,11,4,1,0,4,1,0,5,2,0,5,2,7,0,0,4,0,0,2,0,0,61.0,0,0,-9999,0,0,168.0,0,0,33.9,4,1,19.2,5,2,30.8,4,1,22.5,5,2,26.6,8,2
GHCND:BLM00085154,TTE AV JORGE HENRICH ARAUZ BL,155.1,-14.819,-64.918,20130401,129,11,2,0,11,2,10,3,1,0,3,1,0,10,2,0,10,2,7,0,0,4,0,0,2,0,0,65.0,0,0,-9999,0,0,176.0,0,0,34.1,3,1,16.8,10,2,30.9,3,1,20.2,10,2,25.5,11,2
GHCND:BLM00085154,TTE AV JORGE HENRICH ARAUZ BL,155.1,-14.819,-64.918,20130501,136,13,9,1,13,9,7,10,9,0,10,9,0,3,1,0,3,1,2,0,0,2,0,0,0,0,0,18.5,0,0,-9999,0,0,37.1,0,0,33.6,10,9,14.5,3,1,30.5,10,9,19.4,3,1,25.8,13,9
GHCND:BLM00085154,TTE AV JORGE HENRICH ARAUZ BL,155.1,-14.819,-64.918,20130601,138,7,2,0,7,2,5,6,2,0,6,2,0,4,1,0,4,1,6,0,0,2,0,0,2,0,0,52.8,0,0,-9999,0,0,136.5,0,0,33.2,6,2,13.5,4,1,29.3,6,2,19.4,4,1,24.9,7,2
GHCND:BLM00085154,TTE AV JORGE HENRICH ARAUZ BL,155.1,-14.819,-64.918,20130701,133,8,4,11,8,4,11,6,3,0,6,3,0,7,4,0,7,4,1,0,0,1,0,0,0,0,0,24.9,0,0,-9999,0,0,26.7,0,0,34.0,6,3,7.9,7,4,29.5,6,3,16.8,7,4,23.6,8,4
GHCND:BLM00085154,TTE AV JORGE HENRICH ARAUZ BL,155.1,-14.819,-64.918,20130801,123,7,2,8,7,2,14,1,1,0,1,1,0,6,2,0,6,2,2,0,0,1,0,0,0,0,0,24.9,0,0,-9999,0,0,28.7,0,0,36.2,1,1,9.6,6,2,30.0,1,1,15.5,6,2,23.1,7,2
GHCND:BLM00085154,TTE AV JORGE HENRICH ARAUZ BL,155.1,-14.819,-64.918,20130901,193,4,2,0,4,2,17,3,2,0,3,2,0,4,2,0,4,2,3,0,0,1,0,0,1,0,0,47.8,0,0,-9999,0,0,61.6,0,0,37.0,3,2,13.6,4,2,32.8,3,2,19.2,4,2,26.0,4,2
GHCND:BLM00085154,TTE AV JORGE HENRICH ARAUZ BL,155.1,-14.819,-64.918,20131001,183,7,2,0,7,2,17,3,2,0,3,2,0,6,1,0,6,1,7,0,0,4,0,0,0,0,0,14.7,0,0,-9999,0,0,85.0,0,0,34.8,3,2,14.2,6,1,31.4,3,2,21.2,6,1,26.6,7,2
GHCND:BLM00085154,TTE AV JORGE HENRICH ARAUZ BL,155.1,-14.819,-64.918,20131101,183,9,4,0,9,4,15,3,1,0,3,1,0,7,4,0,7,4,6,0,0,3,0,0,1,0,0,31.2,0,0,-9999,0,0,88.5,0,0,35.6,3,1,18.6,7,4,31.3,3,1,22.2,7,4,27.0,9,4
GHCND:BLM00085154,TTE AV JORGE HENRICH ARAUZ BL,155.1,-14.819,-64.918,20131201,251,3,1,0,3,1,15,2,1,0,2,1,0,1,1,0,1,1,11,0,0,6,0,0,3,0,0,110.7,0,0,-9999,0,0,262.6,0,0,35.0,2,1,20.6,1,1,31.8,2,1,22.7,1,1,27.3,3,1
GHCND:BLM00085139,SANTA ROSA BL,224.9,-14.067,-66.783,20130101,195,12,4,0,12,4,15,10,4,0,10,4,0,12,4,0,12,4,5,0,0,4,0,0,1,0,0,53.1,0,0,-9999,0,0,111.3,0,0,37.0,10,4,20.9,12,4,33.2,10,4,23.3,12,4,28.6,12,4
GHCND:BLM00085139,SANTA ROSA BL,224.9,-14.067,-66.783,20130201,128,15,3,0,15,3,7,12,2,0,12,2,0,14,3,0,14,3,7,0,0,7,0,0,5,0,0,54.1,0,0,-9999,0,0,226.1,0,0,35.6,12,2,21.9,14,3,31.9,12,2,23.9,14,3,28.1,15,3
GHCND:BLM00085139,SANTA ROSA BL,224.9,-14.067,-66.783,20130301,187,7,2,0,7,2,12,7,2,0,7,2,0,7,2,0,7,2,5,0,0,2,0,0,1,0,0,88.9,0,0,-9999,0,0,129.9,0,0,36.0,7,2,21.7,7,2,31.4,7,2,23.9,7,2,27.7,7,2
GHCND:BLM00085139,SANTA ROSA BL,224.9,-14.067,-66.783,20130401,107,16,4,0,16,4,8,15,4,0,15,4,0,15,4,0,15,4,2,0,0,2,0,0,1,0,0,79.0,0,0,-9999,0,0,94.0,0,0,34.3,15,4,18.5,15,4,32.9,15,4,21.3,15,4,27.2,16,4
GHCND:BLM00085139,SANTA ROSA BL,224.9,-14.067,-66.783,20130501,159,11,9,0,11,9,12,10,9,0,10,9,0,11,9,0,11,9,3,0,0,0,0,0,0,0,0,7.9,0,0,-9999,0,0,20.1,0,0,34.2,10,9,16.3,11,9,31.4,10,9,21.9,11,9,26.7,11,9
GHCND:BLM00085139,SANTA ROSA BL,224.9,-14.067,-66.783,20130601,161,7,3,0,7,3,12,4,3,0,4,3,0,7,3,0,7,3,7,0,0,3,0,0,1,0,0,59.7,0,0,-9999,0,0,128.1,0,0,34.0,4,3,15.8,7,3,29.7,4,3,20.4,7,3,25.3,7,3
GHCND:BLM00085139,SANTA ROSA BL,224.9,-14.067,-66.783,20130701,127,9,4,14,9,4,11,7,4,0,7,4,0,9,4,0,9,4,2,0,0,0,0,0,0,0,0,10.9,0,0,-9999,0,0,14.7,0,0,34.0,7,4,8.4,9,4,29.2,7,4,18.4,9,4,24.3,9,4
GHCND:BLM00085139,SANTA ROSA BL,224.9,-14.067,-66.783,20130801,86,14,7,4,14,7,10,11,7,0,11,7,0,14,7,0,14,7,1,0,0,0,0,0,0,0,0,8.9,0,0,-9999,0,0,12.5,0,0,37.0,11,7,11.4,14,7,29.9,11,7,15.5,14,7,23.2,14,7
GHCND:BLM00085139,SANTA ROSA BL,224.9,-14.067,-66.783,20130901,208,6,2,0,6,2,18,4,2,0,4,2,0,6,2,0,6,2,2,0,0,1,0,0,1,0,0,31.8,0,0,-9999,0,0,38.2,0,0,37.3,4,2,15.2,6,2,33.5,4,2,20.4,6,2,27.0,6,2
GHCND:BLM00085139,SANTA ROSA BL,224.9,-14.067,-66.783,20131001,213,8,2,0,8,2,18,7,2,0,7,2,0,8,2,0,8,2,7,0,0,2,0,0,0,0,0,20.1,0,0,-9999,0,0,69.4,0,0,37.0,7,2,16.7,8,2,33.0,7,2,22.1,8,2,28.0,8,2
GHCND:BLM00085139,SANTA ROSA BL,224.9,-14.067,-66.783,20131101,220,6,4,0,6,4,17,4,4,0,4,4,0,6,4,0,6,4,7,0,0,5,0,0,4,0,0,62.0,0,0,-9999,0,0,237.5,0,0,36.0,4,4,18.7,6,4,32.6,4,4,22.8,6,4,27.9,6,4
GHCND:BLM00085139,SANTA ROSA BL,224.9,-14.067,-66.783,20131201,249,6,1,0,6,1,16,5,1,0,5,1,0,6,1,0,6,1,10,0,0,4,0,0,1,0,0,52.1,0,0,-9999,0,0,145.3,0,0,36.9,5,1,20.3,6,1,32.9,5,1,23.4,6,1,28.3,6,1
GHCND:BLM00085315,CAMIRI BL,792,-20.05,-63.567,20130101,-9999,0,0,-9999,0,0,18,5,1,0,5,1,-9999,0,0,-9999,0,0,-9999,0,0,-9999,0,0,-9999,0,0,-9999,0,0,-9999,0,0,-9999,0,0,37.5,5,1,-9999,0,0,32.5,5,1,-9999,0,0,-9999,0,0
GHCND:BLM00085315,CAMIRI BL,792,-20.05,-63.567,20130201,-9999,0,0,-9999,0,0,11,10,3,0,10,3,-9999,0,0,-9999,0,0,-9999,0,0,-9999,0,0,-9999,0,0,-9999,0,0,-9999,0,0,-9999,0,0,39.0,10,3,-9999,0,0,32.3,10,3,-9999,0,0,-9999,0,0
GHCND:BLM00085315,CAMIRI BL,792,-20.05,-63.567,20130301,4,3,3,0,3,3,6,5,2,0,5,2,0,3,3,0,3,3,-9999,0,0,-9999,0,0,-9999,0,0,-9999,0,0,-9999,0,0,-9999,0,0,37.9,5,2,19.7,3,3,28.4,5,2,19.7,3,3,21.8,3,3
GHCND:BLM00085315,CAMIRI BL,792,-20.05,-63.567,20130401,-9999,0,0,-9999,0,0,4,7,2,0,7,2,-9999,0,0,-9999,0,0,-9999,0,0,-9999,0,0,-9999,0,0,-9999,0,0,-9999,0,0,-9999,0,0,34.4,7,2,-9999,0,0,29.4,7,2,-9999,0,0,-9999,0,0
GHCND:BLM00085315,CAMIRI BL,792,-20.05,-63.567,20130501,-9999,0,0,-9999,0,0,5,10,9,0,10,9,-9999,0,0,-9999,0,0,-9999,0,0,-9999,0,0,-9999,0,0,-9999,0,0,-9999,0,0,-9999,0,0,35.9,10,9,-9999,0,0,29.0,10,9,-9999,0,0,-9999,0,0
GHCND:BLM00085315,CAMIRI BL,792,-20.05,-63.567,20130601,-9999,0,0,-9999,0,0,0,5,2,0,5,2,-9999,0,0,-9999,0,0,-9999,0,0,-9999,0,0,-9999,0,0,-9999,0,0,-9999,0,0,-9999,0,0,32.0,5,2,-9999,0,0,24.1,5,2,-9999,0,0,-9999,0,0
GHCND:BLM00085315,CAMIRI BL,792,-20.05,-63.567,20130701,-9999,0,0,-9999,0,0,5,7,4,0,7,4,-9999,0,0,-9999,0,0,-9999,0,0,-9999,0,0,-9999,0,0,-9999,0,0,-9999,0,0,-9999,0,0,36.0,7,4,-9999,0,0,26.0,7,4,-9999,0,0,-9999,0,0
GHCND:BLM00085315,CAMIRI BL,792,-20.05,-63.567,20130801,-9999,0,0,-9999,0,0,8,4,2,0,4,2,-9999,0,0,-9999,0,0,-9999,0,0,-9999,0,0,-9999,0,0,-9999,0,0,-9999,0,0,-9999,0,0,38.5,4,2,-9999,0,0,27.3,4,2,-9999,0,0,-9999,0,0
GHCND:BLM00085315,CAMIRI BL,792,-20.05,-63.567,20130901,-9999,0,0,-9999,0,0,13,6,2,0,6,2,-9999,0,0,-9999,0,0,-9999,0,0,-9999,0,0,-9999,0,0,-9999,0,0,-9999,0,0,-9999,0,0,37.4,6,2,-9999,0,0,29.0,6,2,-9999,0,0,-9999,0,0
GHCND:BLM00085315,CAMIRI BL,792,-20.05,-63.567,20131001,-9999,0,0,-9999,0,0,9,3,1,0,3,1,-9999,0,0,-9999,0,0,-9999,0,0,-9999,0,0,-9999,0,0,-9999,0,0,-9999,0,0,-9999,0,0,36.4,3,1,-9999,0,0,30.0,3,1,-9999,0,0,-9999,0,0
GHCND:BLM00085315,CAMIRI BL,792,-20.05,-63.567,20131101,8,15,15,0,15,15,17,6,2,0,6,2,0,15,15,0,15,15,-9999,0,0,-9999,0,0,-9999,0,0,-9999,0,0,-9999,0,0,-9999,0,0,38.1,6,2,21.7,15,15,33.3,6,2,21.7,15,15,26.5,15,15
GHCND:BLM00085315,CAMIRI BL,792,-20.05,-63.567,20131201,-9999,0,0,-9999,0,0,17,3,1,0,3,1,-9999,0,0,-9999,0,0,-9999,0,0,-9999,0,0,-9999,0,0,-9999,0,0,-9999,0,0,-9999,0,0,40.0,3,1,-9999,0,0,33.5,3,1,-9999,0,0,-9999,0,0
GHCND:BL000085223,COCHABAMBA BL,unknown,-17.42,-66.18,20130101,-9999,0,0,-9999,0,0,0,1,1,0,1,1,-9999,0,0,-9999,0,0,-9999,0,0,-9999,0,0,-9999,0,0,-9999,0,0,-9999,0,0,-9999,0,0,29.7,1,1,-9999,0,0,26.5,1,1,-9999,0,0,-9999,0,0
GHCND:BL000085223,COCHABAMBA BL,unknown,-17.42,-66.18,20130201,-9999,0,0,-9999,0,0,0,2,1,0,2,1,-9999,0,0,-9999,0,0,-9999,0,0,-9999,0,0,-9999,0,0,-9999,0,0,-9999,0,0,-9999,0,0,30.0,2,1,-9999,0,0,26.0,2,1,-9999,0,0,-9999,0,0
GHCND:BL000085223,COCHABAMBA BL,unknown,-17.42,-66.18,20130301,-9999,0,0,-9999,0,0,0,1,1,0,1,1,-9999,0,0,-9999,0,0,-9999,0,0,-9999,0,0,-9999,0,0,-9999,0,0,-9999,0,0,-9999,0,0,31.2,1,1,-9999,0,0,29.2,1,1,-9999,0,0,-9999,0,0
GHCND:BL000085223,COCHABAMBA BL,unknown,-17.42,-66.18,20130401,1,11,11,0,11,11,0,1,1,0,1,1,0,11,11,0,11,11,-9999,0,0,-9999,0,0,-9999,0,0,-9999,0,0,-9999,0,0,-9999,0,0,31.0,1,1,8.8,11,11,28.9,1,1,8.8,11,11,19.7,11,11
GHCND:BL000085223,COCHABAMBA BL,unknown,-17.42,-66.18,20130501,-9999,0,0,-9999,0,0,0,6,3,0,6,3,-9999,0,0,-9999,0,0,-9999,0,0,-9999,0,0,-9999,0,0,-9999,0,0,-9999,0,0,-9999,0,0,30.8,6,3,-9999,0,0,28.4,6,3,-9999,0,0,-9999,0,0
GHCND:BL000085223,COCHABAMBA BL,unknown,-17.42,-66.18,20130601,-9999,0,0,-9999,0,0,0,1,1,0,1,1,-9999,0,0,-9999,0,0,-9999,0,0,-9999,0,0,-9999,0,0,-9999,0,0,-9999,0,0,-9999,0,0,27.4,1,1,-9999,0,0,25.8,1,1,-9999,0,0,-9999,0,0
GHCND:BL000085223,COCHABAMBA BL,unknown,-17.42,-66.18,20130701,0,24,24,5,24,24,0,6,3,0,6,3,0,24,24,1,24,24,-9999,0,0,-9999,0,0,-9999,0,0,-9999,0,0,-9999,0,0,-9999,0,0,29.1,6,3,0.0,24,24,27.4,6,3,0.0,24,24,13.5,24,24
GHCND:BL000085223,COCHABAMBA BL,unknown,-17.42,-66.18,20130801,-9999,0,0,-9999,0,0,0,0,0,0,0,0,-9999,0,0,-9999,0,0,-9999,0,0,-9999,0,0,-9999,0,0,-9999,0,0,-9999,0,0,-9999,0,0,31.4,0,0,-9999,0,0,28.5,0,0,-9999,0,0,-9999,0,0
GHCND:BL000085223,COCHABAMBA BL,unknown,-17.42,-66.18,20130901,-9999,0,0,-9999,0,0,2,3,3,0,3,3,-9999,0,0,-9999,0,0,-9999,0,0,-9999,0,0,-9999,0,0,-9999,0,0,-9999,0,0,-9999,0,0,32.4,3,3,-9999,0,0,30.1,3,3,-9999,0,0,-9999,0,0
GHCND:BL000085223,COCHABAMBA BL,unknown,-17.42,-66.18,20131001,-9999,0,0,-9999,0,0,7,1,1,0,1,1,-9999,0,0,-9999,0,0,-9999,0,0,-9999,0,0,-9999,0,0,-9999,0,0,-9999,0,0,-9999,0,0,34.2,1,1,-9999,0,0,29.8,1,1,-9999,0,0,-9999,0,0
GHCND:BL000085223,COCHABAMBA BL,unknown,-17.42,-66.18,20131101,-9999,0,0,-9999,0,0,11,1,1,0,1,1,-9999,0,0,-9999,0,0,-9999,0,0,-9999,0,0,-9999,0,0,-9999,0,0,-9999,0,0,-9999,0,0,34.7,1,1,-9999,0,0,30.6,1,1,-9999,0,0,-9999,0,0
GHCND:BL000085223,COCHABAMBA BL,unknown,-17.42,-66.18,20131201,-9999,0,0,-9999,0,0,2,0,0,0,0,0,-9999,0,0,-9999,0,0,-9999,0,0,-9999,0,0,-9999,0,0,-9999,0,0,-9999,0,0,-9999,0,0,33.4,0,0,-9999,0,0,27.3,0,0,-9999,0,0,-9999,0,0
GHCND:BL000085365,YACUIBA BL,unknown,-21.95,-63.65,20130101,-9999,0,0,-9999,0,0,17,5,1,0,5,1,-9999,0,0,-9999,0,0,-9999,0,0,-9999,0,0,-9999,0,0,-9999,0,0,-9999,0,0,-9999,0,0,39.6,5,1,-9999,0,0,33.0,5,1,-9999,0,0,-9999,0,0
GHCND:BL000085365,YACUIBA BL,unknown,-21.95,-63.65,20130201,-9999,0,0,-9999,0,0,16,1,1,0,1,1,-9999,0,0,-9999,0,0,-9999,0,0,-9999,0,0,-9999,0,0,-9999,0,0,-9999,0,0,-9999,0,0,41.8,1,1,-9999,0,0,32.4,1,1,-9999,0,0,-9999,0,0
GHCND:BL000085365,YACUIBA BL,unknown,-21.95,-63.65,20130301,-9999,0,0,-9999,0,0,6,5,1,0,5,1,-9999,0,0,-9999,0,0,-9999,0,0,-9999,0,0,-9999,0,0,-9999,0,0,-9999,0,0,-9999,0,0,36.8,5,1,-9999,0,0,28.6,5,1,-9999,0,0,-9999,0,0
GHCND:BL000085365,YACUIBA BL,unknown,-21.95,-63.65,20130401,-9999,0,0,-9999,0,0,11,2,1,0,2,1,-9999,0,0,-9999,0,0,-9999,0,0,-9999,0,0,-9999,0,0,-9999,0,0,-9999,0,0,-9999,0,0,35.3,2,1,-9999,0,0,29.9,2,1,-9999,0,0,-9999,0,0
GHCND:BL000085365,YACUIBA BL,unknown,-21.95,-63.65,20130501,-9999,0,0,-9999,0,0,4,10,9,0,10,9,-9999,0,0,-9999,0,0,-9999,0,0,-9999,0,0,-9999,0,0,-9999,0,0,-9999,0,0,-9999,0,0,38.5,10,9,-9999,0,0,28.6,10,9,-9999,0,0,-9999,0,0
GHCND:BL000085365,YACUIBA BL,unknown,-21.95,-63.65,20130601,-9999,0,0,-9999,0,0,0,2,1,0,2,1,-9999,0,0,-9999,0,0,-9999,0,0,-9999,0,0,-9999,0,0,-9999,0,0,-9999,0,0,-9999,0,0,31.4,2,1,-9999,0,0,24.5,2,1,-9999,0,0,-9999,0,0
GHCND:BL000085365,YACUIBA BL,unknown,-21.95,-63.65,20130701,-9999,0,0,-9999,0,0,2,6,3,0,6,3,-9999,0,0,-9999,0,0,-9999,0,0,-9999,0,0,-9999,0,0,-9999,0,0,-9999,0,0,-9999,0,0,34.4,6,3,-9999,0,0,25.1,6,3,-9999,0,0,-9999,0,0
GHCND:BL000085365,YACUIBA BL,unknown,-21.95,-63.65,20130801,-9999,0,0,-9999,0,0,6,3,1,0,3,1,-9999,0,0,-9999,0,0,-9999,0,0,-9999,0,0,-9999,0,0,-9999,0,0,-9999,0,0,-9999,0,0,38.0,3,1,-9999,0,0,25.6,3,1,-9999,0,0,-9999,0,0
GHCND:BL000085365,YACUIBA BL,unknown,-21.95,-63.65,20130901,-9999,0,0,-9999,0,0,10,2,2,0,2,2,-9999,0,0,-9999,0,0,-9999,0,0,-9999,0,0,-9999,0,0,-9999,0,0,-9999,0,0,-9999,0,0,38.1,2,2,-9999,0,0,26.8,2,2,-9999,0,0,-9999,0,0
GHCND:BL000085365,YACUIBA BL,unknown,-21.95,-63.65,20131001,-9999,0,0,-9999,0,0,7,5,2,0,5,2,-9999,0,0,-9999,0,0,-9999,0,0,-9999,0,0,-9999,0,0,-9999,0,0,-9999,0,0,-9999,0,0,37.2,5,2,-9999,0,0,29.2,5,2,-9999,0,0,-9999,0,0
GHCND:BL000085365,YACUIBA BL,unknown,-21.95,-63.65,20131101,-9999,0,0,-9999,0,0,17,2,1,0,2,1,-9999,0,0,-9999,0,0,-9999,0,0,-9999,0,0,-9999,0,0,-9999,0,0,-9999,0,0,-9999,0,0,38.9,2,1,-9999,0,0,32.5,2,1,-9999,0,0,-9999,0,0
GHCND:BL000085365,YACUIBA BL,unknown,-21.95,-63.65,20131201,-9999,0,0,-9999,0,0,21,3,1,0,3,1,-9999,0,0,-9999,0,0,-9999,0,0,-9999,0,0,-9999,0,0,-9999,0,0,-9999,0,0,-9999,0,0,40.5,3,1,-9999,0,0,35.2,3,1,-9999,0,0,-9999,0,0
GHCND:BL000085364,TARIJA BL,1854,-21.55,-64.7,20130101,-9999,0,0,-9999,0,0,2,4,1,0,4,1,-9999,0,0,-9999,0,0,-9999,0,0,-9999,0,0,-9999,0,0,-9999,0,0,-9999,0,0,-9999,0,0,33.6,4,1,-9999,0,0,27.5,4,1,-9999,0,0,-9999,0,0
GHCND:BL000085364,TARIJA BL,1854,-21.55,-64.7,20130201,-9999,0,0,-9999,0,0,0,2,1,0,2,1,-9999,0,0,-9999,0,0,-9999,0,0,-9999,0,0,-9999,0,0,-9999,0,0,-9999,0,0,-9999,0,0,32.1,2,1,-9999,0,0,26.9,2,1,-9999,0,0,-9999,0,0
GHCND:BL000085364,TARIJA BL,1854,-21.55,-64.7,20130301,-9999,0,0,-9999,0,0,0,5,2,0,5,2,-9999,0,0,-9999,0,0,-9999,0,0,-9999,0,0,-9999,0,0,-9999,0,0,-9999,0,0,-9999,0,0,32.0,5,2,-9999,0,0,25.0,5,2,-9999,0,0,-9999,0,0
GHCND:BL000085364,TARIJA BL,1854,-21.55,-64.7,20130401,-9999,0,0,-9999,0,0,2,2,1,0,2,1,-9999,0,0,-9999,0,0,-9999,0,0,-9999,0,0,-9999,0,0,-9999,0,0,-9999,0,0,-9999,0,0,34.0,2,1,-9999,0,0,27.3,2,1,-9999,0,0,-9999,0,0
GHCND:BL000085364,TARIJA BL,1854,-21.55,-64.7,20130501,-9999,0,0,-9999,0,0,6,10,9,0,10,9,-9999,0,0,-9999,0,0,-9999,0,0,-9999,0,0,-9999,0,0,-9999,0,0,-9999,0,0,-9999,0,0,35.2,10,9,-9999,0,0,28.0,10,9,-9999,0,0,-9999,0,0
GHCND:BL000085364,TARIJA BL,1854,-21.55,-64.7,20130601,-9999,0,0,-9999,0,0,0,5,2,0,5,2,-9999,0,0,-9999,0,0,-9999,0,0,-9999,0,0,-9999,0,0,-9999,0,0,-9999,0,0,-9999,0,0,31.8,5,2,-9999,0,0,25.3,5,2,-9999,0,0,-9999,0,0
GHCND:BL000085364,TARIJA BL,1854,-21.55,-64.7,20130701,-9999,0,0,-9999,0,0,6,5,3,0,5,3,-9999,0,0,-9999,0,0,-9999,0,0,-9999,0,0,-9999,0,0,-9999,0,0,-9999,0,0,-9999,0,0,35.6,5,3,-9999,0,0,27.3,5,3,-9999,0,0,-9999,0,0
GHCND:BL000085364,TARIJA BL,1854,-21.55,-64.7,20130801,-9999,0,0,-9999,0,0,2,1,1,0,1,1,-9999,0,0,-9999,0,0,-9999,0,0,-9999,0,0,-9999,0,0,-9999,0,0,-9999,0,0,-9999,0,0,33.0,1,1,-9999,0,0,24.9,1,1,-9999,0,0,-9999,0,0
GHCND:BL000085364,TARIJA BL,1854,-21.55,-64.7,20130901,-9999,0,0,-9999,0,0,8,3,2,0,3,2,-9999,0,0,-9999,0,0,-9999,0,0,-9999,0,0,-9999,0,0,-9999,0,0,-9999,0,0,-9999,0,0,35.0,3,2,-9999,0,0,26.8,3,2,-9999,0,0,-9999,0,0
GHCND:BL000085364,TARIJA BL,1854,-21.55,-64.7,20131001,-9999,0,0,-9999,0,0,4,5,2,0,5,2,-9999,0,0,-9999,0,0,-9999,0,0,-9999,0,0,-9999,0,0,-9999,0,0,-9999,0,0,-9999,0,0,38.5,5,2,-9999,0,0,27.4,5,2,-9999,0,0,-9999,0,0
GHCND:BL000085364,TARIJA BL,1854,-21.55,-64.7,20131101,-9999,0,0,-9999,0,0,5,2,1,0,2,1,-9999,0,0,-9999,0,0,-9999,0,0,-9999,0,0,-9999,0,0,-9999,0,0,-9999,0,0,-9999,0,0,37.0,2,1,-9999,0,0,29.5,2,1,-9999,0,0,-9999,0,0
GHCND:BL000085364,TARIJA BL,1854,-21.55,-64.7,20131201,-9999,0,0,-9999,0,0,7,0,0,0,0,0,-9999,0,0,-9999,0,0,-9999,0,0,-9999,0,0,-9999,0,0,-9999,0,0,-9999,0,0,-9999,0,0,37.4,0,0,-9999,0,0,29.3,0,0,-9999,0,0,-9999,0,0
GHCND:BLM00085312,MONTEAGUDO BL,992,-19.783,-63.917,20130101,-9999,0,0,-9999,0,0,1,28,28,0,28,28,-9999,0,0,-9999,0,0,-9999,0,0,-9999,0,0,-9999,0,0,-9999,0,0,-9999,0,0,-9999,0,0,34.0,28,28,-9999,0,0,34.0,28,28,-9999,0,0,-9999,0,0
GHCND:BLM00085140,REYES BL,280,-14.3,-67.367,20130101,204,7,2,0,7,2,21,3,1,0,3,1,0,7,2,0,7,2,10,0,0,5,0,0,3,0,0,47.0,0,0,-9999,0,0,199.0,0,0,38.5,3,1,20.0,7,2,33.1,3,1,22.0,7,2,27.6,7,2
GHCND:BLM00085140,REYES BL,280,-14.3,-67.367,20130201,197,5,1,0,5,1,12,3,1,0,3,1,0,4,1,0,4,1,9,0,0,4,0,0,2,0,0,37.1,0,0,-9999,0,0,139.5,0,0,35.5,3,1,20.0,4,1,31.9,3,1,22.5,4,1,27.3,5,1
GHCND:BLM00085140,REYES BL,280,-14.3,-67.367,20130301,195,7,1,0,7,1,18,4,1,0,4,1,0,5,1,0,5,1,6,0,0,2,0,0,2,0,0,52.1,0,0,-9999,0,0,123.9,0,0,34.5,4,1,19.0,5,1,31.5,4,1,22.0,5,1,26.8,7,1
GHCND:BLM00085140,REYES BL,280,-14.3,-67.367,20130401,181,5,1,0,5,1,15,1,1,0,1,1,0,5,1,0,5,1,6,0,0,2,0,0,2,0,0,81.0,0,0,-9999,0,0,168.7,0,0,34.5,1,1,14.5,5,1,31.5,1,1,19.3,5,1,25.5,5,1
GHCND:BLM00085140,REYES BL,280,-14.3,-67.367,20130501,130,11,10,0,11,10,8,11,10,0,11,10,0,3,2,0,3,2,6,0,0,0,0,0,0,0,0,11.9,0,0,-9999,0,0,43.7,0,0,33.5,11,10,14.5,3,2,30.7,11,10,19.0,3,2,25.5,11,10
GHCND:BLM00085140,REYES BL,280,-14.3,-67.367,20130601,160,2,1,0,2,1,2,1,1,0,1,1,0,1,1,0,1,1,9,0,0,5,0,0,2,0,0,45.2,0,0,-9999,0,0,171.8,0,0,33.5,1,1,16.0,1,1,28.7,1,1,19.2,1,1,24.0,2,1
GHCND:BLM00085140,REYES BL,280,-14.3,-67.367,20130701,110,6,4,15,6,4,7,5,3,0,5,3,0,6,4,0,6,4,0,0,0,0,0,0,0,0,0,2.0,0,0,-9999,0,0,5.5,0,0,33.5,5,3,7.5,6,4,28.9,5,3,15.9,6,4,22.5,6,4
GHCND:BLM00085140,REYES BL,280,-14.3,-67.367,20130801,96,8,3,7,8,3,14,4,1,0,4,1,0,6,3,0,6,3,4,0,0,3,0,0,1,0,0,42.4,0,0,-9999,0,0,79.5,0,0,35.7,4,1,7.8,6,3,29.7,4,1,15.0,6,3,22.3,8,3
GHCND:BLM00085140,REYES BL,280,-14.3,-67.367,20130901,177,6,2,0,6,2,20,4,2,0,4,2,0,6,2,0,6,2,3,0,0,1,0,0,1,0,0,47.0,0,0,-9999,0,0,61.2,0,0,36.0,4,2,15.5,6,2,32.7,4,2,18.5,6,2,26.0,6,2
GHCND:BLM00085140,REYES BL,280,-14.3,-67.367,20131001,193,7,2,0,7,2,15,4,2,0,4,2,0,4,1,0,4,1,9,0,0,4,0,0,2,0,0,54.1,0,0,-9999,0,0,162.9,0,0,35.0,4,2,15.6,4,1,31.6,4,2,20.6,4,1,26.3,7,2
GHCND:BLM00085140,REYES BL,280,-14.3,-67.367,20131101,212,6,3,0,6,3,21,2,1,0,2,1,0,6,3,0,6,3,7,0,0,4,0,0,4,0,0,71.9,0,0,-9999,0,0,219.2,0,0,36.5,2,1,17.2,6,3,32.4,2,1,21.3,6,3,27.1,6,3
GHCND:BLM00085140,REYES BL,280,-14.3,-67.367,20131201,272,1,1,0,1,1,19,1,1,0,1,1,0,0,0,0,0,0,9,0,0,5,0,0,2,0,0,37.1,0,0,-9999,0,0,154.0,0,0,35.3,1,1,19.6,0,0,32.4,1,1,22.3,0,0,27.4,1,1
GHCND:BLM00085283,JUANA AZURDUY DE PADILLA BL,2903.8,-19.007,-65.289,20130101,-9999,0,0,-9999,0,0,0,3,1,0,3,1,-9999,0,0,-9999,0,0,-9999,0,0,-9999,0,0,-9999,0,0,-9999,0,0,-9999,0,0,-9999,0,0,26.2,3,1,-9999,0,0,20.1,3,1,-9999,0,0,-9999,0,0
GHCND:BLM00085283,JUANA AZURDUY DE PADILLA BL,2903.8,-19.007,-65.289,20130201,-9999,0,0,-9999,0,0,0,3,1,0,3,1,-9999,0,0,-9999,0,0,-9999,0,0,-9999,0,0,-9999,0,0,-9999,0,0,-9999,0,0,-9999,0,0,23.8,3,1,-9999,0,0,19.6,3,1,-9999,0,0,-9999,0,0
GHCND:BLM00085283,JUANA AZURDUY DE PADILLA BL,2903.8,-19.007,-65.289,20130301,-9999,0,0,-9999,0,0,0,5,2,0,5,2,-9999,0,0,-9999,0,0,-9999,0,0,-9999,0,0,-9999,0,0,-9999,0,0,-9999,0,0,-9999,0,0,24.8,5,2,-9999,0,0,20.2,5,2,-9999,0,0,-9999,0,0
GHCND:BLM00085283,JUANA AZURDUY DE PADILLA BL,2903.8,-19.007,-65.289,20130401,-9999,0,0,-9999,0,0,0,1,1,0,1,1,-9999,0,0,-9999,0,0,-9999,0,0,-9999,0,0,-9999,0,0,-9999,0,0,-9999,0,0,-9999,0,0,24.6,1,1,-9999,0,0,21.0,1,1,-9999,0,0,-9999,0,0
GHCND:BLM00085283,JUANA AZURDUY DE PADILLA BL,2903.8,-19.007,-65.289,20130501,-9999,0,0,-9999,0,0,0,9,9,0,9,9,-9999,0,0,-9999,0,0,-9999,0,0,-9999,0,0,-9999,0,0,-9999,0,0,-9999,0,0,-9999,0,0,25.8,9,9,-9999,0,0,21.9,9,9,-9999,0,0,-9999,0,0
GHCND:BLM00085283,JUANA AZURDUY DE PADILLA BL,2903.8,-19.007,-65.289,20130601,-9999,0,0,-9999,0,0,0,1,1,0,1,1,-9999,0,0,-9999,0,0,-9999,0,0,-9999,0,0,-9999,0,0,-9999,0,0,-9999,0,0,-9999,0,0,24.3,1,1,-9999,0,0,19.3,1,1,-9999,0,0,-9999,0,0
GHCND:BLM00085283,JUANA AZURDUY DE PADILLA BL,2903.8,-19.007,-65.289,20130701,-9999,0,0,-9999,0,0,0,6,3,0,6,3,-9999,0,0,-9999,0,0,-9999,0,0,-9999,0,0,-9999,0,0,-9999,0,0,-9999,0,0,-9999,0,0,26.3,6,3,-9999,0,0,20.7,6,3,-9999,0,0,-9999,0,0
GHCND:BLM00085283,JUANA AZURDUY DE PADILLA BL,2903.8,-19.007,-65.289,20130801,-9999,0,0,-9999,0,0,0,0,0,0,0,0,-9999,0,0,-9999,0,0,-9999,0,0,-9999,0,0,-9999,0,0,-9999,0,0,-9999,0,0,-9999,0,0,26.6,0,0,-9999,0,0,21.3,0,0,-9999,0,0,-9999,0,0
GHCND:BLM00085283,JUANA AZURDUY DE PADILLA BL,2903.8,-19.007,-65.289,20130901,-9999,0,0,-9999,0,0,0,2,2,0,2,2,-9999,0,0,-9999,0,0,-9999,0,0,-9999,0,0,-9999,0,0,-9999,0,0,-9999,0,0,-9999,0,0,26.8,2,2,-9999,0,0,23.3,2,2,-9999,0,0,-9999,0,0
GHCND:BLM00085283,JUANA AZURDUY DE PADILLA BL,2903.8,-19.007,-65.289,20131001,-9999,0,0,-9999,0,0,0,5,1,0,5,1,-9999,0,0,-9999,0,0,-9999,0,0,-9999,0,0,-9999,0,0,-9999,0,0,-9999,0,0,-9999,0,0,28.2,5,1,-9999,0,0,21.5,5,1,-9999,0,0,-9999,0,0
GHCND:BLM00085283,JUANA AZURDUY DE PADILLA BL,2903.8,-19.007,-65.289,20131101,-9999,0,0,-9999,0,0,0,2,1,0,2,1,-9999,0,0,-9999,0,0,-9999,0,0,-9999,0,0,-9999,0,0,-9999,0,0,-9999,0,0,-9999,0,0,29.0,2,1,-9999,0,0,22.3,2,1,-9999,0,0,-9999,0,0
GHCND:BLM00085283,JUANA AZURDUY DE PADILLA BL,2903.8,-19.007,-65.289,20131201,-9999,0,0,-9999,0,0,0,1,1,0,1,1,-9999,0,0,-9999,0,0,-9999,0,0,-9999,0,0,-9999,0,0,-9999,0,0,-9999,0,0,-9999,0,0,29.2,1,1,-9999,0,0,21.5,1,1,-9999,0,0,-9999,0,0
GHCND:BLM00085201,EL ALTO INTERNATIONAL BL,4061.5,-16.513,-68.192,20130101,0,5,1,228,5,1,0,1,1,0,1,1,0,4,1,0,4,1,13,0,0,1,0,0,0,0,0,19.1,0,0,-9999,0,0,92.6,0,0,18.5,1,1,0.9,4,1,15.2,1,1,3.9,4,1,9.5,5,1
GHCND:BLM00085201,EL ALTO INTERNATIONAL BL,4061.5,-16.513,-68.192,20130201,0,8,2,179,8,2,0,1,1,0,1,1,0,7,2,0,7,2,11,0,0,2,0,0,0,0,0,24.9,0,0,-9999,0,0,121.5,0,0,18.4,1,1,1.0,7,2,14.7,1,1,3.9,7,2,9.3,8,2
GHCND:BLM00085201,EL ALTO INTERNATIONAL BL,4061.5,-16.513,-68.192,20130301,0,7,2,201,7,2,0,1,1,0,1,1,0,7,2,3,7,2,6,0,0,1,0,0,1,0,0,26.9,0,0,-9999,0,0,71.4,0,0,18.5,1,1,-2.0,7,2,16.2,1,1,2.9,7,2,9.6,7,2
GHCND:BLM00085201,EL ALTO INTERNATIONAL BL,4061.5,-16.513,-68.192,20130401,0,9,2,197,9,2,0,3,2,0,3,2,0,6,1,15,6,1,1,0,0,0,0,0,0,0,0,3.0,0,0,-9999,0,0,5.3,0,0,18.1,3,2,-4.5,6,1,16.8,3,2,-0.8,6,1,7.9,9,2
GHCND:BLM00085201,EL ALTO INTERNATIONAL BL,4061.5,-16.513,-68.192,20130501,0,6,5,244,6,5,0,6,5,0,6,5,0,0,0,20,0,0,2,0,0,0,0,0,0,0,0,6.4,0,0,-9999,0,0,17.4,0,0,18.5,6,5,-5.7,0,0,16.1,6,5,-0.7,0,0,7.7,6,5
GHCND:BLM00085201,EL ALTO INTERNATIONAL BL,4061.5,-16.513,-68.192,20130601,0,8,2,288,8,2,0,6,2,0,6,2,0,3,1,24,3,1,3,0,0,0,0,0,0,0,0,7.1,0,0,-9999,0,0,19.3,0,0,15.5,6,2,-8.6,3,1,13.8,6,2,-3.2,3,1,5.2,8,2
GHCND:BLM00085201,EL ALTO INTERNATIONAL BL,4061.5,-16.513,-68.192,20130701,0,8,4,252,8,4,0,8,3,0,8,3,0,8,4,20,8,4,2,0,0,0,0,0,0,0,0,5.8,0,0,2.0,19,19,9.9,0,0,17.3,8,3,-7.8,8,4,14.9,8,3,-3.6,8,4,5.7,8,4
GHCND:BLM00085201,EL ALTO INTERNATIONAL BL,4061.5,-16.513,-68.192,20130801,0,5,2,313,5,2,0,4,2,0,4,2,0,1,1,28,1,1,3,0,0,0,0,0,0,0,0,9.4,0,0,7.1,28,24,18.5,0,0,17.9,4,2,-8.2,1,1,15.5,4,2,-3.3,1,1,6.3,5,2
GHCND:BLM00085201,EL ALTO INTERNATIONAL BL,4061.5,-16.513,-68.192,20130901,0,4,2,278,4,2,0,2,2,0,2,2,0,4,2,19,4,2,1,0,0,0,0,0,0,0,0,3.3,0,0,-9999,0,0,5.1,0,0,18.9,2,2,-7.6,4,2,17.1,2,2,-1.9,4,2,7.6,4,2
GHCND:BLM00085201,EL ALTO INTERNATIONAL BL,4061.5,-16.513,-68.192,20131001,0,3,1,240,3,1,0,1,1,0,1,1,0,2,1,5,2,1,5,0,0,1,0,0,1,0,0,25.9,0,0,-9999,0,0,67.4,0,0,20.4,1,1,-1.4,2,1,17.2,1,1,2.1,2,1,9.7,3,1
GHCND:BLM00085201,EL ALTO INTERNATIONAL BL,4061.5,-16.513,-68.192,20131101,0,5,3,185,5,3,0,2,1,0,2,1,0,5,3,2,5,3,2,0,0,0,0,0,0,0,0,8.4,0,0,-9999,0,0,17.7,0,0,20.5,2,1,-2.1,5,3,18.3,2,1,2.8,5,3,10.6,5,3
GHCND:BLM00085201,EL ALTO INTERNATIONAL BL,4061.5,-16.513,-68.192,20131201,0,6,2,191,6,2,0,6,2,0,6,2,0,2,1,0,2,1,11,0,0,4,0,0,0,0,0,24.9,0,0,-9999,0,0,120.3,0,0,20.6,6,2,0.4,2,1,15.7,6,2,4.1,2,1,10.0,6,2
GHCND:BLM00085245,EL TROMPILLO BL,417.9,-17.812,-63.171,20130101,-9999,0,0,-9999,0,0,19,2,1,0,2,1,-9999,0,0,-9999,0,0,-9999,0,0,-9999,0,0,-9999,0,0,-9999,0,0,-9999,0,0,-9999,0,0,38.0,2,1,-9999,0,0,33.1,2,1,-9999,0,0,-9999,0,0
GHCND:BLM00085245,EL TROMPILLO BL,417.9,-17.812,-63.171,20130201,-9999,0,0,-9999,0,0,13,4,1,0,4,1,-9999,0,0,-9999,0,0,-9999,0,0,-9999,0,0,-9999,0,0,-9999,0,0,-9999,0,0,-9999,0,0,36.0,4,1,-9999,0,0,32.0,4,1,-9999,0,0,-9999,0,0
GHCND:BLM00085245,EL TROMPILLO BL,417.9,-17.812,-63.171,20130301,7,3,3,0,3,3,6,4,1,0,4,1,0,3,3,0,3,3,1,0,0,0,0,0,0,0,0,4.1,0,0,-9999,0,0,4.1,0,0,34.0,4,1,19.8,3,3,29.7,4,1,19.8,3,3,25.5,3,3
GHCND:BLM00085245,EL TROMPILLO BL,417.9,-17.812,-63.171,20130401,-9999,0,0,-9999,0,0,0,2,1,0,2,1,-9999,0,0,-9999,0,0,-9999,0,0,-9999,0,0,-9999,0,0,-9999,0,0,-9999,0,0,-9999,0,0,32.0,2,1,-9999,0,0,28.6,2,1,-9999,0,0,-9999,0,0
GHCND:BLM00085245,EL TROMPILLO BL,417.9,-17.812,-63.171,20130501,-9999,0,0,-9999,0,0,1,14,11,0,14,11,-9999,0,0,-9999,0,0,-9999,0,0,-9999,0,0,-9999,0,0,-9999,0,0,-9999,0,0,-9999,0,0,32.2,14,11,-9999,0,0,28.4,14,11,-9999,0,0,-9999,0,0
GHCND:BLM00085245,EL TROMPILLO BL,417.9,-17.812,-63.171,20130601,-9999,0,0,-9999,0,0,0,9,4,0,9,4,-9999,0,0,-9999,0,0,-9999,0,0,-9999,0,0,-9999,0,0,-9999,0,0,-9999,0,0,-9999,0,0,31.0,9,4,-9999,0,0,26.0,9,4,-9999,0,0,-9999,0,0
GHCND:BLM00085245,EL TROMPILLO BL,417.9,-17.812,-63.171,20130701,6,10,10,0,10,10,0,11,4,0,11,4,0,10,10,0,10,10,-9999,0,0,-9999,0,0,-9999,0,0,-9999,0,0,-9999,0,0,-9999,0,0,30.8,11,4,19.0,10,10,27.3,11,4,19.0,10,10,24.0,10,10
GHCND:BLM00085245,EL TROMPILLO BL,417.9,-17.812,-63.171,20130801,4,16,16,0,16,16,2,4,1,0,4,1,0,16,16,0,16,16,-9999,0,0,-9999,0,0,-9999,0,0,-9999,0,0,-9999,0,0,-9999,0,0,33.0,4,1,16.5,16,16,25.7,4,1,16.5,16,16,21.8,16,16
GHCND:BLM00085245,EL TROMPILLO BL,417.9,-17.812,-63.171,20130901,-9999,0,0,-9999,0,0,9,4,2,0,4,2,-9999,0,0,-9999,0,0,-9999,0,0,-9999,0,0,-9999,0,0,-9999,0,0,-9999,0,0,-9999,0,0,34.6,4,2,-9999,0,0,27.9,4,2,-9999,0,0,-9999,0,0
GHCND:BLM00085245,EL TROMPILLO BL,417.9,-17.812,-63.171,20131001,-9999,0,0,-9999,0,0,7,4,1,0,4,1,-9999,0,0,-9999,0,0,-9999,0,0,-9999,0,0,-9999,0,0,-9999,0,0,-9999,0,0,-9999,0,0,34.0,4,1,-9999,0,0,30.0,4,1,-9999,0,0,-9999,0,0
GHCND:BLM00085245,EL TROMPILLO BL,417.9,-17.812,-63.171,20131101,9,15,15,0,15,15,12,8,3,0,8,3,0,15,15,0,15,15,1,0,0,1,0,0,0,0,0,17.0,0,0,-9999,0,0,17.0,0,0,36.4,8,3,23.8,15,15,31.2,8,3,23.8,15,15,27.6,15,15
GHCND:BLM00085245,EL TROMPILLO BL,417.9,-17.812,-63.171,20131201,-9999,0,0,-9999,0,0,14,6,6,0,6,6,-9999,0,0,-9999,0,0,-9999,0,0,-9999,0,0,-9999,0,0,-9999,0,0,-9999,0,0,-9999,0,0,35.0,6,6,-9999,0,0,32.2,6,6,-9999,0,0,-9999,0,0
GHCND:BLM00085289,TTE DE AV SALVADOR OGAYA G BL,133.8,-18.975,-57.821,20130101,-9999,0,0,-9999,0,0,18,8,5,0,8,5,-9999,0,0,-9999,0,0,-9999,0,0,-9999,0,0,-9999,0,0,-9999,0,0,-9999,0,0,-9999,0,0,37.4,8,5,-9999,0,0,34.9,8,5,-9999,0,0,-9999,0,0
GHCND:BLM00085289,TTE DE AV SALVADOR OGAYA G BL,133.8,-18.975,-57.821,20130201,-9999,0,0,-9999,0,0,12,12,3,0,12,3,-9999,0,0,-9999,0,0,-9999,0,0,-9999,0,0,-9999,0,0,-9999,0,0,-9999,0,0,-9999,0,0,36.4,12,3,-9999,0,0,33.5,12,3,-9999,0,0,-9999,0,0
GHCND:BLM00085289,TTE DE AV SALVADOR OGAYA G BL,133.8,-18.975,-57.821,20130301,11,3,3,0,3,3,11,9,2,0,9,2,0,3,3,0,3,3,-9999,0,0,-9999,0,0,-9999,0,0,-9999,0,0,-9999,0,0,-9999,0,0,37.0,9,2,22.5,3,3,32.5,9,2,22.5,3,3,28.8,3,3
GHCND:BLM00085289,TTE DE AV SALVADOR OGAYA G BL,133.8,-18.975,-57.821,20130401,-9999,0,0,-9999,0,0,8,6,3,0,6,3,-9999,0,0,-9999,0,0,-9999,0,0,-9999,0,0,-9999,0,0,-9999,0,0,-9999,0,0,-9999,0,0,35.3,6,3,-9999,0,0,31.5,6,3,-9999,0,0,-9999,0,0
GHCND:BLM00085289,TTE DE AV SALVADOR OGAYA G BL,133.8,-18.975,-57.821,20130501,-9999,0,0,-9999,0,0,6,16,10,0,16,10,-9999,0,0,-9999,0,0,-9999,0,0,-9999,0,0,-9999,0,0,-9999,0,0,-9999,0,0,-9999,0,0,35.2,16,10,-9999,0,0,29.6,16,10,-9999,0,0,-9999,0,0
GHCND:BLM00085289,TTE DE AV SALVADOR OGAYA G BL,133.8,-18.975,-57.821,20130601,-9999,0,0,-9999,0,0,0,10,2,0,10,2,-9999,0,0,-9999,0,0,-9999,0,0,-9999,0,0,-9999,0,0,-9999,0,0,-9999,0,0,-9999,0,0,32.0,10,2,-9999,0,0,28.1,10,2,-9999,0,0,-9999,0,0
GHCND:BLM00085289,TTE DE AV SALVADOR OGAYA G BL,133.8,-18.975,-57.821,20130701,-9999,0,0,-9999,0,0,2,13,6,0,13,6,-9999,0,0,-9999,0,0,-9999,0,0,-9999,0,0,-9999,0,0,-9999,0,0,-9999,0,0,-9999,0,0,34.0,13,6,-9999,0,0,25.8,13,6,-9999,0,0,-9999,0,0
GHCND:BLM00085289,TTE DE AV SALVADOR OGAYA G BL,133.8,-18.975,-57.821,20130801,-9999,0,0,-9999,0,0,6,7,2,0,7,2,-9999,0,0,-9999,0,0,-9999,0,0,-9999,0,0,-9999,0,0,-9999,0,0,-9999,0,0,-9999,0,0,36.2,7,2,-9999,0,0,27.4,7,2,-9999,0,0,-9999,0,0
GHCND:BLM00085289,TTE DE AV SALVADOR OGAYA G BL,133.8,-18.975,-57.821,20130901,-9999,0,0,-9999,0,0,12,9,3,0,9,3,-9999,0,0,-9999,0,0,-9999,0,0,-9999,0,0,-9999,0,0,-9999,0,0,-9999,0,0,-9999,0,0,40.0,9,3,-9999,0,0,32.4,9,3,-9999,0,0,-9999,0,0
GHCND:BLM00085289,TTE DE AV SALVADOR OGAYA G BL,133.8,-18.975,-57.821,20131001,-9999,0,0,-9999,0,0,13,14,3,0,14,3,-9999,0,0,-9999,0,0,-9999,0,0,-9999,0,0,-9999,0,0,-9999,0,0,-9999,0,0,-9999,0,0,40.0,14,3,-9999,0,0,34.0,14,3,-9999,0,0,-9999,0,0
GHCND:BLM00085289,TTE DE AV SALVADOR OGAYA G BL,133.8,-18.975,-57.821,20131101,-9999,0,0,-9999,0,0,17,11,2,0,11,2,0,15,15,0,15,15,1,0,0,0,0,0,0,0,0,5.8,0,0,-9999,0,0,5.8,0,0,39.2,11,2,20.0,15,15,35.6,11,2,20.0,15,15,-9999,0,0
GHCND:BLM00085289,TTE DE AV SALVADOR OGAYA G BL,133.8,-18.975,-57.821,20131201,-9999,0,0,-9999,0,0,17,11,4,0,11,4,-9999,0,0,-9999,0,0,-9999,0,0,-9999,0,0,-9999,0,0,-9999,0,0,-9999,0,0,-9999,0,0,39.7,11,4,-9999,0,0,34.7,11,4,-9999,0,0,-9999,0,0
GHCND:BLM00085123,SANTA ANA DEL YACUMA BL,143.9,-13.762,-65.435,20130101,163,5,4,0,5,4,18,6,3,0,6,3,0,7,4,0,7,4,9,0,0,7,0,0,1,0,0,34.0,0,0,-9999,0,0,152.0,0,0,35.9,6,3,19.6,7,4,32.8,6,3,23.1,7,4,27.9,5,4
GHCND:BLM00085123,SANTA ANA DEL YACUMA BL,143.9,-13.762,-65.435,20130201,173,8,3,0,8,3,13,4,3,0,4,3,0,6,2,0,6,2,13,0,0,9,0,0,8,0,0,55.9,0,0,-9999,0,0,362.3,0,0,35.2,4,3,21.6,6,2,32.0,4,3,23.6,6,2,27.9,8,3
GHCND:BLM00085123,SANTA ANA DEL YACUMA BL,143.9,-13.762,-65.435,20130301,187,6,1,0,6,1,15,5,1,0,5,1,0,7,2,0,7,2,8,0,0,3,0,0,3,0,0,78.0,0,0,-9999,0,0,178.8,0,0,35.0,5,1,21.0,7,2,31.9,5,1,23.6,7,2,27.7,6,1
GHCND:BLM00085123,SANTA ANA DEL YACUMA BL,143.9,-13.762,-65.435,20130401,142,12,3,0,12,3,16,3,1,0,3,1,0,12,3,0,12,3,4,0,0,3,0,0,3,0,0,50.0,0,0,-9999,0,0,137.8,0,0,34.5,3,1,17.8,12,3,32.1,3,1,21.4,12,3,26.7,12,3
GHCND:BLM00085123,SANTA ANA DEL YACUMA BL,143.9,-13.762,-65.435,20130501,157,12,9,0,12,9,12,9,9,0,9,9,0,6,1,0,6,1,2,0,0,1,0,0,1,0,0,33.3,0,0,-9999,0,0,43.4,0,0,34.6,9,9,15.4,6,1,31.5,9,9,20.6,6,1,26.5,12,9
GHCND:BLM00085123,SANTA ANA DEL YACUMA BL,143.9,-13.762,-65.435,20130601,179,3,1,0,3,1,14,2,1,0,2,1,0,3,1,0,3,1,8,0,0,4,0,0,1,0,0,41.4,0,0,-9999,0,0,125.6,0,0,33.4,2,1,16.0,3,1,30.8,2,1,20.1,3,1,25.4,3,1
GHCND:BLM00085123,SANTA ANA DEL YACUMA BL,143.9,-13.762,-65.435,20130701,115,12,5,12,12,5,14,7,3,0,7,3,0,10,5,0,10,5,1,0,0,0,0,0,0,0,0,3.3,0,0,-9999,0,0,3.3,0,0,34.3,7,3,9.2,10,5,30.0,7,3,17.6,10,5,23.7,12,5
GHCND:BLM00085123,SANTA ANA DEL YACUMA BL,143.9,-13.762,-65.435,20130801,146,5,2,9,5,2,16,1,1,0,1,1,0,5,2,0,5,2,4,0,0,1,0,0,0,0,0,20.6,0,0,-9999,0,0,31.8,0,0,35.8,1,1,9.5,5,2,30.6,1,1,16.3,5,2,23.6,5,2
GHCND:BLM00085123,SANTA ANA DEL YACUMA BL,143.9,-13.762,-65.435,20130901,220,4,2,0,4,2,19,2,2,0,2,2,0,4,2,0,4,2,4,0,0,1,0,0,0,0,0,18.8,0,0,-9999,0,0,33.8,0,0,38.0,2,2,14.3,4,2,33.3,2,2,20.1,4,2,26.7,4,2
GHCND:BLM00085123,SANTA ANA DEL YACUMA BL,143.9,-13.762,-65.435,20131001,232,5,2,0,5,2,16,2,1,0,2,1,0,3,2,0,3,2,9,0,0,2,0,0,0,0,0,14.7,0,0,-9999,0,0,79.1,0,0,36.0,2,1,15.2,3,2,32.5,2,1,21.7,3,2,27.2,5,2
GHCND:BLM00085123,SANTA ANA DEL YACUMA BL,143.9,-13.762,-65.435,20131101,197,8,4,0,8,4,13,2,1,0,2,1,0,7,4,0,7,4,8,0,0,5,0,0,3,0,0,54.9,0,0,-9999,0,0,190.8,0,0,35.2,2,1,19.6,7,4,31.8,2,1,22.7,7,4,27.3,8,4
GHCND:BLM00085123,SANTA ANA DEL YACUMA BL,143.9,-13.762,-65.435,20131201,210,7,1,0,7,1,16,2,1,0,2,1,0,6,1,0,6,1,14,0,0,8,0,0,5,0,0,64.0,0,0,-9999,0,0,319.0,0,0,34.6,2,1,20.8,6,1,31.5,2,1,23.3,6,1,27.4,7,1
GHCND:BLM00085244,VIRU VIRU INTERNATIONAL BL,373.4,-17.645,-63.135,20130101,-9999,0,0,-9999,0,0,21,3,1,0,3,1,-9999,0,0,-9999,0,0,-9999,0,0,-9999,0,0,-9999,0,0,-9999,0,0,-9999,0,0,-9999,0,0,36.7,3,1,-9999,0,0,34.0,3,1,-9999,0,0,-9999,0,0
GHCND:BLM00085244,VIRU VIRU INTERNATIONAL BL,373.4,-17.645,-63.135,20130201,-9999,0,0,-9999,0,0,19,2,1,0,2,1,-9999,0,0,-9999,0,0,-9999,0,0,-9999,0,0,-9999,0,0,-9999,0,0,-9999,0,0,-9999,0,0,35.6,2,1,-9999,0,0,32.8,2,1,-9999,0,0,-9999,0,0
GHCND:BLM00085244,VIRU VIRU INTERNATIONAL BL,373.4,-17.645,-63.135,20130301,9,3,3,0,3,3,14,5,3,0,5,3,0,3,3,0,3,3,0,0,0,0,0,0,0,0,0,0.5,0,0,-9999,0,0,0.5,0,0,34.5,5,3,20.8,3,3,31.5,5,3,20.8,3,3,27.1,3,3
GHCND:BLM00085244,VIRU VIRU INTERNATIONAL BL,373.4,-17.645,-63.135,20130401,-9999,0,0,-9999,0,0,1,2,1,0,2,1,-9999,0,0,-9999,0,0,-9999,0,0,-9999,0,0,-9999,0,0,-9999,0,0,-9999,0,0,-9999,0,0,33.0,2,1,-9999,0,0,29.9,2,1,-9999,0,0,-9999,0,0
GHCND:BLM00085244,VIRU VIRU INTERNATIONAL BL,373.4,-17.645,-63.135,20130501,-9999,0,0,-9999,0,0,2,6,3,0,6,3,-9999,0,0,-9999,0,0,-9999,0,0,-9999,0,0,-9999,0,0,-9999,0,0,-9999,0,0,-9999,0,0,32.5,6,3,-9999,0,0,29.2,6,3,-9999,0,0,-9999,0,0
GHCND:BLM00085244,VIRU VIRU INTERNATIONAL BL,373.4,-17.645,-63.135,20130601,-9999,0,0,-9999,0,0,0,1,1,0,1,1,-9999,0,0,-9999,0,0,-9999,0,0,-9999,0,0,-9999,0,0,-9999,0,0,-9999,0,0,-9999,0,0,30.2,1,1,-9999,0,0,26.0,1,1,-9999,0,0,-9999,0,0
GHCND:BLM00085244,VIRU VIRU INTERNATIONAL BL,373.4,-17.645,-63.135,20130701,-9999,0,0,-9999,0,0,0,8,3,0,8,3,-9999,0,0,-9999,0,0,-9999,0,0,-9999,0,0,-9999,0,0,-9999,0,0,-9999,0,0,-9999,0,0,31.8,8,3,-9999,0,0,28.3,8,3,-9999,0,0,-9999,0,0
GHCND:BLM00085244,VIRU VIRU INTERNATIONAL BL,373.4,-17.645,-63.135,20130801,-9999,0,0,-9999,0,0,7,0,0,0,0,0,-9999,0,0,-9999,0,0,-9999,0,0,-9999,0,0,-9999,0,0,-9999,0,0,-9999,0,0,-9999,0,0,33.0,0,0,-9999,0,0,28.1,0,0,-9999,0,0,-9999,0,0
GHCND:BLM00085244,VIRU VIRU INTERNATIONAL BL,373.4,-17.645,-63.135,20130901,-9999,0,0,-9999,0,0,14,4,2,0,4,2,-9999,0,0,-9999,0,0,-9999,0,0,-9999,0,0,-9999,0,0,-9999,0,0,-9999,0,0,-9999,0,0,34.5,4,2,-9999,0,0,30.7,4,2,-9999,0,0,-9999,0,0
GHCND:BLM00085244,VIRU VIRU INTERNATIONAL BL,373.4,-17.645,-63.135,20131001,-9999,0,0,-9999,0,0,8,2,1,0,2,1,-9999,0,0,-9999,0,0,-9999,0,0,-9999,0,0,-9999,0,0,-9999,0,0,-9999,0,0,-9999,0,0,35.4,2,1,-9999,0,0,31.0,2,1,-9999,0,0,-9999,0,0
GHCND:BLM00085244,VIRU VIRU INTERNATIONAL BL,373.4,-17.645,-63.135,20131101,-9999,0,0,-9999,0,0,19,4,1,0,4,1,-9999,0,0,-9999,0,0,0,0,0,0,0,0,0,0,0,0.8,0,0,-9999,0,0,0.8,0,0,35.4,4,1,-9999,0,0,32.7,4,1,-9999,0,0,-9999,0,0
GHCND:BLM00085244,VIRU VIRU INTERNATIONAL BL,373.4,-17.645,-63.135,20131201,-9999,0,0,-9999,0,0,25,2,1,0,2,1,-9999,0,0,-9999,0,0,-9999,0,0,-9999,0,0,-9999,0,0,-9999,0,0,-9999,0,0,-9999,0,0,37.4,2,1,-9999,0,0,33.8,2,1,-9999,0,0,-9999,0,0
GHCND:BLM00085242,JUAN MENDOZA BL,3702.1,-17.963,-67.076,20130101,0,12,5,86,12,5,0,5,3,0,5,3,0,11,5,0,11,5,7,0,0,1,0,0,0,0,0,14.2,0,0,-9999,0,0,70.0,0,0,22.0,5,3,2.2,11,5,19.4,5,3,6.1,11,5,12.6,12,5
GHCND:BLM00085242,JUAN MENDOZA BL,3702.1,-17.963,-67.076,20130201,0,8,2,105,8,2,0,3,1,0,3,1,0,6,2,0,6,2,14,0,0,2,0,0,0,0,0,25.1,0,0,-9999,0,0,116.3,0,0,22.8,3,1,3.4,6,2,18.4,3,1,6.5,6,2,12.5,8,2
GHCND:BLM00085242,JUAN MENDOZA BL,3702.1,-17.963,-67.076,20130301,0,8,4,131,8,4,0,3,1,0,3,1,0,8,4,3,8,4,1,0,0,0,0,0,0,0,0,5.1,0,0,-9999,0,0,12.0,0,0,23.0,3,1,-2.0,8,4,20.6,3,1,4.3,8,4,12.3,8,4
GHCND:BLM00085242,JUAN MENDOZA BL,3702.1,-17.963,-67.076,20130401,0,11,3,180,11,3,0,1,1,0,1,1,0,11,3,16,11,3,0,0,0,0,0,0,0,0,0,1.8,0,0,-9999,0,0,2.3,0,0,22.0,1,1,-5.7,11,3,20.1,1,1,-2.1,11,3,8.8,11,3
GHCND:BLM00085242,JUAN MENDOZA BL,3702.1,-17.963,-67.076,20130501,0,12,9,188,12,9,0,10,9,0,10,9,0,8,3,18,8,3,0,0,0,0,0,0,0,0,0,1.0,0,0,-9999,0,0,1.0,0,0,20.6,10,9,-10.4,8,3,18.3,10,9,-2.3,8,3,7.8,12,9
GHCND:BLM00085242,JUAN MENDOZA BL,3702.1,-17.963,-67.076,20130601,0,5,1,319,5,1,0,1,1,0,1,1,0,5,1,22,5,1,2,0,0,2,0,0,1,0,0,37.1,0,0,-9999,0,0,54.9,0,0,17.4,1,1,-10.8,5,1,14.9,1,1,-4.3,5,1,5.5,5,1
GHCND:BLM00085242,JUAN MENDOZA BL,3702.1,-17.963,-67.076,20130701,0,6,4,262,6,4,0,5,3,0,5,3,0,6,4,22,6,4,0,0,0,0,0,0,0,0,0,2.0,0,0,-9999,0,0,3.8,0,0,20.6,5,3,-6.7,6,4,17.3,5,3,-3.4,6,4,6.9,6,4
GHCND:BLM00085242,JUAN MENDOZA BL,3702.1,-17.963,-67.076,20130801,0,8,3,268,8,3,0,1,1,0,1,1,0,7,3,23,7,3,2,0,0,1,0,0,0,0,0,22.9,0,0,-9999,0,0,38.4,0,0,21.4,1,1,-9.2,7,3,17.3,1,1,-3.9,7,3,6.6,8,3
GHCND:BLM00085242,JUAN MENDOZA BL,3702.1,-17.963,-67.076,20130901,0,5,2,236,5,2,0,2,2,0,2,2,0,5,2,21,5,2,1,0,0,0,0,0,0,0,0,4.3,0,0,-9999,0,0,4.6,0,0,23.3,2,2,-6.2,5,2,19.7,2,2,-2.0,5,2,8.9,5,2
GHCND:BLM00085242,JUAN MENDOZA BL,3702.1,-17.963,-67.076,20131001,0,11,2,129,11,2,0,2,1,0,2,1,0,11,2,8,11,2,2,0,0,1,0,0,0,0,0,19.3,0,0,-9999,0,0,37.1,0,0,24.0,2,1,-3.2,11,2,20.7,2,1,1.4,11,2,11.1,11,2
GHCND:BLM00085242,JUAN MENDOZA BL,3702.1,-17.963,-67.076,20131101,0,6,3,115,6,3,0,1,1,0,1,1,0,6,3,0,6,3,3,0,0,0,0,0,0,0,0,7.1,0,0,-9999,0,0,14.7,0,0,25.6,1,1,0.6,6,3,22.2,1,1,4.1,6,3,13.3,6,3
GHCND:BLM00085242,JUAN MENDOZA BL,3702.1,-17.963,-67.076,20131201,0,9,3,111,9,3,0,2,1,0,2,1,0,7,3,0,7,3,13,0,0,6,0,0,2,0,0,29.7,0,0,-9999,0,0,170.4,0,0,24.2,2,1,4.3,7,3,19.1,2,1,6.1,7,3,13.0,9,3
GHCND:BLM00085264,VALLEGRANDE BL,1998,-18.467,-64.1,20130301,-9999,0,0,-9999,0,0,0,7,7,0,7,7,-9999,0,0,-9999,0,0,-9999,0,0,-9999,0,0,-9999,0,0,-9999,0,0,-9999,0,0,-9999,0,0,25.0,7,7,-9999,0,0,25.0,7,7,-9999,0,0,-9999,0,0
GHCND:BLM00085264,VALLEGRANDE BL,1998,-18.467,-64.1,20130601,-9999,0,0,-9999,0,0,0,3,3,0,3,3,-9999,0,0,-9999,0,0,-9999,0,0,-9999,0,0,-9999,0,0,-9999,0,0,-9999,0,0,-9999,0,0,22.0,3,3,-9999,0,0,22.0,3,3,-9999,0,0,-9999,0,0
GHCND:BLM00085264,VALLEGRANDE BL,1998,-18.467,-64.1,20130701,-9999,0,0,-9999,0,0,0,10,10,0,10,10,-9999,0,0,-9999,0,0,-9999,0,0,-9999,0,0,-9999,0,0,-9999,0,0,-9999,0,0,-9999,0,0,21.4,10,10,-9999,0,0,21.4,10,10,-9999,0,0,-9999,0,0
GHCND:BL000085114,MAGDALENA BL,140,-13.333,-64.117,20130101,227,5,2,0,5,2,12,3,1,0,3,1,0,4,2,0,4,2,10,0,0,5,0,0,2,0,0,39.9,0,0,-9999,0,0,167.1,0,0,34.8,3,1,21.2,4,2,31.7,3,1,22.9,4,2,27.4,5,2
GHCND:BL000085114,MAGDALENA BL,140,-13.333,-64.117,20130201,206,5,2,0,5,2,10,3,2,0,3,2,0,2,1,0,2,1,12,0,0,5,0,0,4,0,0,59.9,0,0,-9999,0,0,244.1,0,0,33.5,3,2,21.2,2,1,31.5,3,2,23.0,2,1,27.2,5,2
GHCND:BL000085114,MAGDALENA BL,140,-13.333,-64.117,20130301,190,6,2,0,6,2,13,4,1,0,4,1,0,4,2,0,4,2,6,0,0,3,0,0,2,0,0,83.1,0,0,-9999,0,0,170.9,0,0,34.7,4,1,20.4,4,2,31.4,4,1,22.9,4,2,26.9,6,2
GHCND:BL000085114,MAGDALENA BL,140,-13.333,-64.117,20130401,122,8,2,0,8,2,12,4,1,0,4,1,0,9,3,0,9,3,4,0,0,2,0,0,1,0,0,41.9,0,0,-9999,0,0,85.8,0,0,34.1,4,1,17.0,9,3,31.9,4,1,21.0,9,3,26.4,8,2
GHCND:BL000085114,MAGDALENA BL,140,-13.333,-64.117,20130501,152,12,9,2,12,9,10,9,9,0,9,9,0,3,1,0,3,1,5,0,0,1,0,0,0,0,0,17.5,0,0,-9999,0,0,40.1,0,0,34.2,9,9,14.4,3,1,31.3,9,9,20.5,3,1,26.2,12,9
GHCND:BL000085114,MAGDALENA BL,140,-13.333,-64.117,20130601,207,1,1,0,1,1,14,2,1,0,2,1,0,2,1,0,2,1,4,0,0,0,0,0,0,0,0,10.4,0,0,-9999,0,0,36.9,0,0,33.6,2,1,18.3,2,1,31.8,2,1,20.6,2,1,26.2,1,1
GHCND:BL000085114,MAGDALENA BL,140,-13.333,-64.117,20130701,150,7,4,10,7,4,15,6,3,0,6,3,0,5,4,0,5,4,0,0,0,0,0,0,0,0,0,1.5,0,0,-9999,0,0,2.3,0,0,35.5,6,3,10.0,5,4,30.7,6,3,17.7,5,4,24.1,7,4
GHCND:BL000085114,MAGDALENA BL,140,-13.333,-64.117,20130801,158,4,1,1,4,1,18,3,1,0,3,1,0,1,1,0,1,1,1,0,0,1,0,0,0,0,0,23.1,0,0,-9999,0,0,23.1,0,0,36.5,3,1,10.9,1,1,31.8,3,1,16.7,1,1,24.1,4,1
GHCND:BL000085114,MAGDALENA BL,140,-13.333,-64.117,20130901,190,8,2,0,8,2,21,3,2,0,3,2,0,7,2,0,7,2,3,0,0,1,0,0,1,0,0,50.8,0,0,-9999,0,0,64.5,0,0,37.8,3,2,15.5,7,2,33.9,3,2,19.9,7,2,26.9,8,2
GHCND:BL000085114,MAGDALENA BL,140,-13.333,-64.117,20131001,249,2,1,0,2,1,19,1,1,0,1,1,0,1,1,0,1,1,10,0,0,6,0,0,2,0,0,58.7,0,0,-9999,0,0,172.1,0,0,36.4,1,1,16.7,1,1,32.2,1,1,21.6,1,1,26.9,2,1
GHCND:BL000085114,MAGDALENA BL,140,-13.333,-64.117,20131101,194,7,4,0,7,4,9,3,1,0,3,1,0,5,4,0,5,4,12,0,0,6,0,0,4,0,0,84.1,0,0,-9999,0,0,267.1,0,0,34.4,3,1,18.7,5,4,31.3,3,1,22.0,5,4,26.8,7,4
GHCND:BL000085114,MAGDALENA BL,140,-13.333,-64.117,20131201,255,2,1,0,2,1,16,2,1,0,2,1,0,0,0,0,0,0,15,0,0,8,0,0,5,0,0,67.6,0,0,-9999,0,0,328.1,0,0,36.1,2,1,20.5,0,0,31.5,2,1,22.7,0,0,27.1,2,1
GHCND:BLM00085104,SAN JOAQUIN BL,140,-13.067,-64.667,20130101,194,7,2,0,7,2,13,5,1,0,5,1,0,6,2,0,6,2,10,0,0,2,0,0,1,0,0,39.9,0,0,-9999,0,0,114.0,0,0,34.5,5,1,21.1,6,2,32.0,5,1,23.1,6,2,27.5,7,2
GHCND:BLM00085104,SAN JOAQUIN BL,140,-13.067,-64.667,20130201,182,7,2,0,7,2,11,3,2,0,3,2,0,5,1,0,5,1,14,0,0,6,0,0,4,0,0,74.9,0,0,-9999,0,0,289.7,0,0,33.7,3,2,20.6,5,1,31.8,3,2,23.0,5,1,27.4,7,2
GHCND:BLM00085104,SAN JOAQUIN BL,140,-13.067,-64.667,20130301,198,8,2,0,8,2,12,3,1,0,3,1,0,6,2,0,6,2,14,0,0,8,0,0,4,0,0,57.9,0,0,-9999,0,0,284.1,0,0,34.4,3,1,20.2,6,2,31.6,3,1,23.0,6,2,27.3,8,2
GHCND:BLM00085104,SAN JOAQUIN BL,140,-13.067,-64.667,20130401,139,13,5,0,13,5,14,3,1,0,3,1,0,12,5,0,12,5,5,0,0,4,0,0,1,0,0,26.9,0,0,-9999,0,0,84.1,0,0,34.0,3,1,16.5,12,5,31.7,3,1,21.1,12,5,26.5,13,5
GHCND:BLM00085104,SAN JOAQUIN BL,140,-13.067,-64.667,20130501,147,13,10,2,13,10,12,10,10,0,10,10,0,3,1,0,3,1,2,0,0,0,0,0,0,0,0,7.4,0,0,-9999,0,0,12.2,0,0,33.9,10,10,14.8,3,1,31.6,10,10,20.4,3,1,26.4,13,10
GHCND:BLM00085104,SAN JOAQUIN BL,140,-13.067,-64.667,20130601,185,4,1,0,4,1,18,2,1,0,2,1,0,4,1,0,4,1,4,0,0,2,0,0,0,0,0,16.3,0,0,-9999,0,0,49.7,0,0,34.4,2,1,18.3,4,1,32.2,2,1,20.5,4,1,26.4,4,1
GHCND:BLM00085104,SAN JOAQUIN BL,140,-13.067,-64.667,20130701,146,8,4,11,8,4,18,5,3,0,5,3,0,7,4,0,7,4,1,0,0,0,0,0,0,0,0,4.6,0,0,-9999,0,0,5.1,0,0,35.7,5,3,9.0,7,4,31.3,5,3,17.6,7,4,24.2,8,4
GHCND:BLM00085104,SAN JOAQUIN BL,140,-13.067,-64.667,20130801,169,4,1,1,4,1,20,1,1,0,1,1,0,3,1,0,3,1,2,0,0,1,0,0,1,0,0,37.1,0,0,-9999,0,0,48.5,0,0,37.4,1,1,12.1,3,1,32.4,1,1,17.0,3,1,24.5,4,1
GHCND:BLM00085104,SAN JOAQUIN BL,140,-13.067,-64.667,20130901,223,6,3,0,6,3,22,3,2,0,3,2,0,5,3,0,5,3,2,0,0,2,0,0,0,0,0,19.8,0,0,-9999,0,0,34.3,0,0,38.3,3,2,16.7,5,3,34.6,3,2,20.5,5,3,27.6,6,3
GHCND:BLM00085104,SAN JOAQUIN BL,140,-13.067,-64.667,20131001,221,7,1,0,7,1,25,1,1,0,1,1,0,7,1,0,7,1,10,0,0,3,0,0,2,0,0,70.1,0,0,-9999,0,0,194.1,0,0,37.7,1,1,17.2,7,1,33.1,1,1,22.2,7,1,27.9,7,1
GHCND:BLM00085104,SAN JOAQUIN BL,140,-13.067,-64.667,20131101,190,8,4,0,8,4,14,1,1,0,1,1,0,8,4,0,8,4,8,0,0,5,0,0,3,0,0,73.4,0,0,-9999,0,0,219.6,0,0,34.9,1,1,20.8,8,4,31.9,1,1,22.6,8,4,27.4,8,4
GHCND:BLM00085104,SAN JOAQUIN BL,140,-13.067,-64.667,20131201,247,4,1,0,4,1,16,2,1,0,2,1,0,2,1,0,2,1,13,0,0,8,0,0,7,0,0,172.2,0,0,-9999,0,0,655.0,0,0,35.7,2,1,21.7,2,1,31.5,2,1,23.1,2,1,27.4,4,1
GHCND:BLM00085247,SAN JOSE BL,284,-17.833,-60.75,20130101,-9999,0,0,-9999,0,0,24,6,2,0,6,2,-9999,0,0,-9999,0,0,-9999,0,0,-9999,0,0,-9999,0,0,-9999,0,0,-9999,0,0,-9999,0,0,40.4,6,2,-9999,0,0,35.8,6,2,-9999,0,0,-9999,0,0
GHCND:BLM00085247,SAN JOSE BL,284,-17.833,-60.75,20130201,-9999,0,0,-9999,0,0,18,6,1,0,6,1,-9999,0,0,-9999,0,0,-9999,0,0,-9999,0,0,-9999,0,0,-9999,0,0,-9999,0,0,-9999,0,0,38.0,6,1,-9999,0,0,34.2,6,1,-9999,0,0,-9999,0,0
GHCND:BLM00085247,SAN JOSE BL,284,-17.833,-60.75,20130301,10,3,3,0,3,3,16,7,2,0,7,2,0,3,3,0,3,3,-9999,0,0,-9999,0,0,-9999,0,0,-9999,0,0,-9999,0,0,-9999,0,0,36.2,7,2,22.0,3,3,32.7,7,2,22.0,3,3,28.2,3,3
GHCND:BLM00085247,SAN JOSE BL,284,-17.833,-60.75,20130401,-9999,0,0,-9999,0,0,13,6,2,0,6,2,-9999,0,0,-9999,0,0,-9999,0,0,-9999,0,0,-9999,0,0,-9999,0,0,-9999,0,0,-9999,0,0,34.4,6,2,-9999,0,0,31.9,6,2,-9999,0,0,-9999,0,0
GHCND:BLM00085247,SAN JOSE BL,284,-17.833,-60.75,20130501,-9999,0,0,-9999,0,0,7,12,9,0,12,9,-9999,0,0,-9999,0,0,-9999,0,0,-9999,0,0,-9999,0,0,-9999,0,0,-9999,0,0,-9999,0,0,33.5,12,9,-9999,0,0,30.0,12,9,-9999,0,0,-9999,0,0
GHCND:BLM00085247,SAN JOSE BL,284,-17.833,-60.75,20130601,-9999,0,0,-9999,0,0,6,6,1,0,6,1,-9999,0,0,-9999,0,0,-9999,0,0,-9999,0,0,-9999,0,0,-9999,0,0,-9999,0,0,-9999,0,0,34.4,6,1,-9999,0,0,28.6,6,1,-9999,0,0,-9999,0,0
GHCND:BLM00085247,SAN JOSE BL,284,-17.833,-60.75,20130701,-9999,0,0,-9999,0,0,13,9,4,0,9,4,-9999,0,0,-9999,0,0,-9999,0,0,-9999,0,0,-9999,0,0,-9999,0,0,-9999,0,0,-9999,0,0,35.2,9,4,-9999,0,0,30.2,9,4,-9999,0,0,-9999,0,0
GHCND:BLM00085247,SAN JOSE BL,284,-17.833,-60.75,20130801,-9999,0,0,-9999,0,0,16,5,2,0,5,2,-9999,0,0,-9999,0,0,-9999,0,0,-9999,0,0,-9999,0,0,-9999,0,0,-9999,0,0,-9999,0,0,39.4,5,2,-9999,0,0,32.5,5,2,-9999,0,0,-9999,0,0
GHCND:BLM00085247,SAN JOSE BL,284,-17.833,-60.75,20130901,-9999,0,0,-9999,0,0,11,7,3,0,7,3,-9999,0,0,-9999,0,0,-9999,0,0,-9999,0,0,-9999,0,0,-9999,0,0,-9999,0,0,-9999,0,0,39.0,7,3,-9999,0,0,32.1,7,3,-9999,0,0,-9999,0,0
GHCND:BLM00085247,SAN JOSE BL,284,-17.833,-60.75,20131001,-9999,0,0,-9999,0,0,17,5,1,0,5,1,-9999,0,0,-9999,0,0,-9999,0,0,-9999,0,0,-9999,0,0,-9999,0,0,-9999,0,0,-9999,0,0,39.0,5,1,-9999,0,0,33.0,5,1,-9999,0,0,-9999,0,0
GHCND:BLM00085247,SAN JOSE BL,284,-17.833,-60.75,20131101,-9999,0,0,-9999,0,0,16,9,2,0,9,2,-9999,0,0,-9999,0,0,1,0,0,0,0,0,0,0,0,4.3,0,0,-9999,0,0,4.3,0,0,39.4,9,2,-9999,0,0,34.2,9,2,-9999,0,0,-9999,0,0
GHCND:BLM00085247,SAN JOSE BL,284,-17.833,-60.75,20131201,-9999,0,0,-9999,0,0,24,6,1,0,6,1,-9999,0,0,-9999,0,0,-9999,0,0,-9999,0,0,-9999,0,0,-9999,0,0,-9999,0,0,-9999,0,0,38.5,6,1,-9999,0,0,35.5,6,1,-9999,0,0,-9999,0,0
GHCND:BLM00085268,ROBORE CIV MIL BL,284,-18.317,-59.75,20130101,-9999,0,0,-9999,0,0,25,1,1,0,1,1,-9999,0,0,-9999,0,0,-9999,0,0,-9999,0,0,-9999,0,0,-9999,0,0,-9999,0,0,-9999,0,0,38.1,1,1,-9999,0,0,34.7,1,1,-9999,0,0,-9999,0,0
GHCND:BLM00085268,ROBORE CIV MIL BL,284,-18.317,-59.75,20130201,-9999,0,0,-9999,0,0,17,4,1,0,4,1,-9999,0,0,-9999,0,0,-9999,0,0,-9999,0,0,-9999,0,0,-9999,0,0,-9999,0,0,-9999,0,0,38.1,4,1,-9999,0,0,33.9,4,1,-9999,0,0,-9999,0,0
GHCND:BLM00085268,ROBORE CIV MIL BL,284,-18.317,-59.75,20130301,-9999,0,0,-9999,0,0,15,2,1,0,2,1,-9999,0,0,-9999,0,0,1,0,0,0,0,0,0,0,0,6.4,0,0,-9999,0,0,6.4,0,0,37.3,2,1,-9999,0,0,32.0,2,1,-9999,0,0,-9999,0,0
GHCND:BLM00085268,ROBORE CIV MIL BL,284,-18.317,-59.75,20130401,-9999,0,0,-9999,0,0,16,1,1,0,1,1,-9999,0,0,-9999,0,0,-9999,0,0,-9999,0,0,-9999,0,0,-9999,0,0,-9999,0,0,-9999,0,0,34.7,1,1,-9999,0,0,31.5,1,1,-9999,0,0,-9999,0,0
GHCND:BLM00085268,ROBORE CIV MIL BL,284,-18.317,-59.75,20130501,-9999,0,0,-9999,0,0,11,11,9,0,11,9,-9999,0,0,-9999,0,0,-9999,0,0,-9999,0,0,-9999,0,0,-9999,0,0,-9999,0,0,-9999,0,0,35.3,11,9,-9999,0,0,31.4,11,9,-9999,0,0,-9999,0,0
GHCND:BLM00085268,ROBORE CIV MIL BL,284,-18.317,-59.75,20130601,-9999,0,0,-9999,0,0,2,5,1,0,5,1,-9999,0,0,-9999,0,0,-9999,0,0,-9999,0,0,-9999,0,0,-9999,0,0,-9999,0,0,-9999,0,0,33.2,5,1,-9999,0,0,28.2,5,1,-9999,0,0,-9999,0,0
GHCND:BLM00085268,ROBORE CIV MIL BL,284,-18.317,-59.75,20130701,-9999,0,0,-9999,0,0,9,6,3,0,6,3,-9999,0,0,-9999,0,0,-9999,0,0,-9999,0,0,-9999,0,0,-9999,0,0,-9999,0,0,-9999,0,0,34.1,6,3,-9999,0,0,28.9,6,3,-9999,0,0,-9999,0,0
GHCND:BLM00085268,ROBORE CIV MIL BL,284,-18.317,-59.75,20130801,-9999,0,0,-9999,0,0,16,1,1,0,1,1,-9999,0,0,-9999,0,0,-9999,0,0,-9999,0,0,-9999,0,0,-9999,0,0,-9999,0,0,-9999,0,0,39.0,1,1,-9999,0,0,31.0,1,1,-9999,0,0,-9999,0,0
GHCND:BLM00085268,ROBORE CIV MIL BL,284,-18.317,-59.75,20130901,-9999,0,0,-9999,0,0,14,2,2,0,2,2,-9999,0,0,-9999,0,0,-9999,0,0,-9999,0,0,-9999,0,0,-9999,0,0,-9999,0,0,-9999,0,0,38.6,2,2,-9999,0,0,32.4,2,2,-9999,0,0,-9999,0,0
GHCND:BLM00085268,ROBORE CIV MIL BL,284,-18.317,-59.75,20131001,-9999,0,0,-9999,0,0,18,1,1,0,1,1,-9999,0,0,-9999,0,0,-9999,0,0,-9999,0,0,-9999,0,0,-9999,0,0,-9999,0,0,-9999,0,0,38.0,1,1,-9999,0,0,32.6,1,1,-9999,0,0,-9999,0,0
GHCND:BLM00085268,ROBORE CIV MIL BL,284,-18.317,-59.75,20131101,-9999,0,0,-9999,0,0,21,3,1,0,3,1,-9999,0,0,-9999,0,0,1,0,0,1,0,0,1,0,0,116.1,0,0,-9999,0,0,116.1,0,0,39.1,3,1,-9999,0,0,33.8,3,1,-9999,0,0,-9999,0,0
GHCND:BLM00085268,ROBORE CIV MIL BL,284,-18.317,-59.75,20131201,-9999,0,0,-9999,0,0,28,1,1,0,1,1,-9999,0,0,-9999,0,0,-9999,0,0,-9999,0,0,-9999,0,0,-9999,0,0,-9999,0,0,-9999,0,0,39.4,1,1,-9999,0,0,35.0,1,1,-9999,0,0,-9999,0,0
GHCND:BLM00085345,TCNL RAFAEL PABON BL,398.1,-21.255,-63.406,20130101,-9999,0,0,-9999,0,0,21,7,2,0,7,2,-9999,0,0,-9999,0,0,-9999,0,0,-9999,0,0,-9999,0,0,-9999,0,0,-9999,0,0,-9999,0,0,43.4,7,2,-9999,0,0,37.2,7,2,-9999,0,0,-9999,0,0
GHCND:BLM00085345,TCNL RAFAEL PABON BL,398.1,-21.255,-63.406,20130201,-9999,0,0,-9999,0,0,17,5,1,0,5,1,-9999,0,0,-9999,0,0,-9999,0,0,-9999,0,0,-9999,0,0,-9999,0,0,-9999,0,0,-9999,0,0,44.2,5,1,-9999,0,0,35.2,5,1,-9999,0,0,-9999,0,0
GHCND:BLM00085345,TCNL RAFAEL PABON BL,398.1,-21.255,-63.406,20130301,-9999,0,0,-9999,0,0,12,8,2,0,8,2,-9999,0,0,-9999,0,0,-9999,0,0,-9999,0,0,-9999,0,0,-9999,0,0,-9999,0,0,-9999,0,0,42.2,8,2,-9999,0,0,32.4,8,2,-9999,0,0,-9999,0,0
GHCND:BLM00085345,TCNL RAFAEL PABON BL,398.1,-21.255,-63.406,20130401,-9999,0,0,-9999,0,0,18,6,2,0,6,2,-9999,0,0,-9999,0,0,-9999,0,0,-9999,0,0,-9999,0,0,-9999,0,0,-9999,0,0,-9999,0,0,39.6,6,2,-9999,0,0,33.1,6,2,-9999,0,0,-9999,0,0
GHCND:BLM00085345,TCNL RAFAEL PABON BL,398.1,-21.255,-63.406,20130501,0,7,7,0,7,7,6,14,9,0,14,9,0,7,7,0,7,7,-9999,0,0,-9999,0,0,-9999,0,0,-9999,0,0,-9999,0,0,-9999,0,0,40.1,14,9,8.2,7,7,31.5,14,9,8.2,7,7,18.3,7,7
GHCND:BLM00085345,TCNL RAFAEL PABON BL,398.1,-21.255,-63.406,20130601,-9999,0,0,-9999,0,0,3,7,1,0,7,1,-9999,0,0,-9999,0,0,-9999,0,0,-9999,0,0,-9999,0,0,-9999,0,0,-9999,0,0,-9999,0,0,34.0,7,1,-9999,0,0,26.2,7,1,-9999,0,0,-9999,0,0
GHCND:BLM00085345,TCNL RAFAEL PABON BL,398.1,-21.255,-63.406,20130701,1,2,2,0,2,2,7,8,3,0,8,3,0,2,2,0,2,2,-9999,0,0,-9999,0,0,-9999,0,0,-9999,0,0,-9999,0,0,-9999,0,0,37.8,8,3,6.5,2,2,27.7,8,3,6.5,2,2,19.1,2,2
GHCND:BLM00085345,TCNL RAFAEL PABON BL,398.1,-21.255,-63.406,20130801,-9999,0,0,-9999,0,0,9,7,3,0,7,3,-9999,0,0,-9999,0,0,-9999,0,0,-9999,0,0,-9999,0,0,-9999,0,0,-9999,0,0,-9999,0,0,41.0,7,3,-9999,0,0,30.2,7,3,-9999,0,0,-9999,0,0
GHCND:BLM00085345,TCNL RAFAEL PABON BL,398.1,-21.255,-63.406,20130901,-9999,0,0,-9999,0,0,11,9,3,0,9,3,-9999,0,0,-9999,0,0,-9999,0,0,-9999,0,0,-9999,0,0,-9999,0,0,-9999,0,0,-9999,0,0,44.0,9,3,-9999,0,0,31.6,9,3,-9999,0,0,-9999,0,0
GHCND:BLM00085345,TCNL RAFAEL PABON BL,398.1,-21.255,-63.406,20131001,-9999,0,0,-9999,0,0,13,7,2,0,7,2,-9999,0,0,-9999,0,0,-9999,0,0,-9999,0,0,-9999,0,0,-9999,0,0,-9999,0,0,-9999,0,0,39.5,7,2,-9999,0,0,32.6,7,2,-9999,0,0,-9999,0,0
GHCND:BLM00085345,TCNL RAFAEL PABON BL,398.1,-21.255,-63.406,20131101,-9999,0,0,-9999,0,0,22,6,1,0,6,1,-9999,0,0,-9999,0,0,-9999,0,0,-9999,0,0,-9999,0,0,-9999,0,0,-9999,0,0,-9999,0,0,42.1,6,1,-9999,0,0,36.5,6,1,-9999,0,0,-9999,0,0
GHCND:BLM00085345,TCNL RAFAEL PABON BL,398.1,-21.255,-63.406,20131201,-9999,0,0,-9999,0,0,23,5,1,0,5,1,-9999,0,0,-9999,0,0,-9999,0,0,-9999,0,0,-9999,0,0,-9999,0,0,-9999,0,0,-9999,0,0,45.0,5,1,-9999,0,0,36.6,5,1,-9999,0,0,-9999,0,0
GHCND:BLM00085109,SAN RAMON BL,140,-13.3,-64.7,20130101,203,9,4,0,9,4,13,7,4,0,7,4,0,9,4,0,9,4,4,0,0,1,0,0,1,0,0,27.9,0,0,-9999,0,0,48.1,0,0,34.6,7,4,20.8,9,4,32.2,7,4,22.8,9,4,27.5,9,4
GHCND:BLM00085109,SAN RAMON BL,140,-13.3,-64.7,20130201,165,10,2,0,10,2,9,10,2,0,10,2,0,10,2,0,10,2,8,0,0,5,0,0,4,0,0,33.0,0,0,-9999,0,0,157.9,0,0,34.1,10,2,22.1,10,2,31.9,10,2,22.9,10,2,27.4,10,2
GHCND:BLM00085109,SAN RAMON BL,140,-13.3,-64.7,20130301,182,9,4,0,9,4,11,9,4,0,9,4,0,9,4,0,9,4,10,0,0,4,0,0,1,0,0,34.3,0,0,-9999,0,0,118.7,0,0,34.3,9,4,18.2,9,4,31.5,9,4,22.4,9,4,27.0,9,4
GHCND:BLM00085109,SAN RAMON BL,140,-13.3,-64.7,20130401,97,14,4,0,14,4,3,14,4,0,14,4,0,14,4,0,14,4,2,0,0,1,0,0,0,0,0,16.5,0,0,-9999,0,0,24.3,0,0,33.3,14,4,14.8,14,4,31.0,14,4,20.5,14,4,25.7,14,4
GHCND:BLM00085109,SAN RAMON BL,140,-13.3,-64.7,20130501,147,12,10,2,12,10,10,11,10,0,11,10,0,12,10,0,12,10,1,0,0,0,0,0,0,0,0,8.4,0,0,-9999,0,0,8.4,0,0,35.0,11,10,14.3,12,10,31.6,11,10,21.1,12,10,26.4,12,10
GHCND:BLM00085109,SAN RAMON BL,140,-13.3,-64.7,20130601,200,4,3,0,4,3,13,4,3,0,4,3,0,4,3,0,4,3,4,0,0,1,0,0,0,0,0,18.0,0,0,-9999,0,0,34.0,0,0,33.8,4,3,17.1,4,3,31.7,4,3,20.3,4,3,26.0,4,3
GHCND:BLM00085109,SAN RAMON BL,140,-13.3,-64.7,20130701,156,8,4,11,8,4,16,8,4,0,8,4,0,7,4,0,7,4,1,0,0,1,0,0,0,0,0,13.5,0,0,-9999,0,0,13.5,0,0,36.0,8,4,8.3,7,4,31.7,8,4,17.4,7,4,24.6,8,4
GHCND:BLM00085109,SAN RAMON BL,140,-13.3,-64.7,20130801,133,10,2,2,10,2,16,9,2,0,9,2,0,8,2,0,8,2,0,0,0,0,0,0,0,0,0,1.3,0,0,-9999,0,0,1.3,0,0,37.6,9,2,11.1,8,2,32.7,9,2,16.5,8,2,24.6,10,2
GHCND:BLM00085109,SAN RAMON BL,140,-13.3,-64.7,20130901,223,6,2,0,6,2,21,4,2,0,4,2,0,6,2,0,6,2,2,0,0,2,0,0,1,0,0,31.2,0,0,-9999,0,0,45.5,0,0,38.1,4,2,15.3,6,2,34.7,4,2,20.2,6,2,27.6,6,2
GHCND:BLM00085109,SAN RAMON BL,140,-13.3,-64.7,20131001,229,5,1,0,5,1,18,5,1,0,5,1,0,5,1,0,5,1,9,0,0,3,0,0,1,0,0,65.5,0,0,-9999,0,0,139.5,0,0,37.5,5,1,16.1,5,1,32.7,5,1,21.5,5,1,27.1,5,1
GHCND:BLM00085109,SAN RAMON BL,140,-13.3,-64.7,20131101,201,6,4,0,6,4,8,5,4,0,5,4,0,6,4,0,6,4,10,0,0,6,0,0,2,0,0,50.3,0,0,-9999,0,0,185.9,0,0,34.1,5,4,19.0,6,4,31.3,5,4,22.0,6,4,26.7,6,4
GHCND:BLM00085109,SAN RAMON BL,140,-13.3,-64.7,20131201,217,6,1,0,6,1,13,6,1,0,6,1,0,6,1,0,6,1,11,0,0,7,0,0,5,0,0,70.4,0,0,-9999,0,0,327.5,0,0,34.1,6,1,20.9,6,1,31.4,6,1,22.6,6,1,27.0,6,1
GHCND:BLM00085207,SAN IGNACIO VELASCO BL,413,-16.367,-60.95,20130101,-9999,0,0,-9999,0,0,14,2,1,0,2,1,-9999,0,0,-9999,0,0,-9999,0,0,-9999,0,0,-9999,0,0,-9999,0,0,-9999,0,0,-9999,0,0,33.6,2,1,-9999,0,0,31.6,2,1,-9999,0,0,-9999,0,0
GHCND:BLM00085207,SAN IGNACIO VELASCO BL,413,-16.367,-60.95,20130201,-9999,0,0,-9999,0,0,5,5,2,0,5,2,-9999,0,0,-9999,0,0,-9999,0,0,-9999,0,0,-9999,0,0,-9999,0,0,-9999,0,0,-9999,0,0,33.1,5,2,-9999,0,0,30.6,5,2,-9999,0,0,-9999,0,0
GHCND:BLM00085207,SAN IGNACIO VELASCO BL,413,-16.367,-60.95,20130301,-9999,0,0,-9999,0,0,3,7,2,0,7,2,0,3,3,0,3,3,-9999,0,0,-9999,0,0,-9999,0,0,-9999,0,0,-9999,0,0,-9999,0,0,33.2,7,2,22.5,3,3,29.4,7,2,22.5,3,3,-9999,0,0
GHCND:BLM00085207,SAN IGNACIO VELASCO BL,413,-16.367,-60.95,20130401,-9999,0,0,-9999,0,0,0,4,2,0,4,2,-9999,0,0,-9999,0,0,-9999,0,0,-9999,0,0,-9999,0,0,-9999,0,0,-9999,0,0,-9999,0,0,32.0,4,2,-9999,0,0,29.4,4,2,-9999,0,0,-9999,0,0
GHCND:BLM00085207,SAN IGNACIO VELASCO BL,413,-16.367,-60.95,20130501,-9999,0,0,-9999,0,0,0,10,9,0,10,9,-9999,0,0,-9999,0,0,-9999,0,0,-9999,0,0,-9999,0,0,-9999,0,0,-9999,0,0,-9999,0,0,31.8,10,9,-9999,0,0,28.1,10,9,-9999,0,0,-9999,0,0
GHCND:BLM00085207,SAN IGNACIO VELASCO BL,413,-16.367,-60.95,20130601,-9999,0,0,-9999,0,0,0,5,1,0,5,1,-9999,0,0,-9999,0,0,-9999,0,0,-9999,0,0,-9999,0,0,-9999,0,0,-9999,0,0,-9999,0,0,30.8,5,1,-9999,0,0,27.4,5,1,-9999,0,0,-9999,0,0
GHCND:BLM00085207,SAN IGNACIO VELASCO BL,413,-16.367,-60.95,20130701,-9999,0,0,-9999,0,0,1,7,3,0,7,3,-9999,0,0,-9999,0,0,-9999,0,0,-9999,0,0,-9999,0,0,-9999,0,0,-9999,0,0,-9999,0,0,32.6,7,3,-9999,0,0,27.3,7,3,-9999,0,0,-9999,0,0
GHCND:BLM00085207,SAN IGNACIO VELASCO BL,413,-16.367,-60.95,20130801,-9999,0,0,-9999,0,0,9,1,1,0,1,1,-9999,0,0,-9999,0,0,-9999,0,0,-9999,0,0,-9999,0,0,-9999,0,0,-9999,0,0,-9999,0,0,34.7,1,1,-9999,0,0,28.9,1,1,-9999,0,0,-9999,0,0
GHCND:BLM00085207,SAN IGNACIO VELASCO BL,413,-16.367,-60.95,20130901,-9999,0,0,-9999,0,0,16,2,2,0,2,2,-9999,0,0,-9999,0,0,-9999,0,0,-9999,0,0,-9999,0,0,-9999,0,0,-9999,0,0,-9999,0,0,35.5,2,2,-9999,0,0,30.8,2,2,-9999,0,0,-9999,0,0
GHCND:BLM00085207,SAN IGNACIO VELASCO BL,413,-16.367,-60.95,20131001,-9999,0,0,-9999,0,0,12,2,1,0,2,1,-9999,0,0,-9999,0,0,-9999,0,0,-9999,0,0,-9999,0,0,-9999,0,0,-9999,0,0,-9999,0,0,35.8,2,1,-9999,0,0,31.1,2,1,-9999,0,0,-9999,0,0
GHCND:BLM00085207,SAN IGNACIO VELASCO BL,413,-16.367,-60.95,20131101,-9999,0,0,-9999,0,0,11,3,1,0,3,1,-9999,0,0,-9999,0,0,-9999,0,0,-9999,0,0,-9999,0,0,-9999,0,0,-9999,0,0,-9999,0,0,35.3,3,1,-9999,0,0,31.3,3,1,-9999,0,0,-9999,0,0
GHCND:BLM00085207,SAN IGNACIO VELASCO BL,413,-16.367,-60.95,20131201,-9999,0,0,-9999,0,0,12,2,1,0,2,1,-9999,0,0,-9999,0,0,-9999,0,0,-9999,0,0,-9999,0,0,-9999,0,0,-9999,0,0,-9999,0,0,34.8,2,1,-9999,0,0,31.8,2,1,-9999,0,0,-9999,0,0
