Id:,4077
Estación:,SAN JUAN BAUTISTA-CAMP
Posición:,19.8738888889N -89.9319444444W
Variable:,Precipitación (mm)
Fecha Inicial:,01/01/1997
Fecha Final:,01/01/2012
No Dato:,nan
Mes,Día,Anio,Datos
01,01,1997,0.0
01,02,1997,0.0
01,03,1997,0.0
01,04,1997,0.0
01,05,1997,0.0
01,06,1997,0.0
01,07,1997,0.0
01,08,1997,0.0
01,09,1997,0.0
01,10,1997,0.0
01,11,1997,1.0
01,12,1997,0.5
01,13,1997,0.4
01,14,1997,0.0
01,15,1997,0.0
01,16,1997,0.0
01,17,1997,0.0
01,18,1997,0.0
01,19,1997,0.0
01,20,1997,0.0
01,21,1997,0.0
01,22,1997,0.0
01,23,1997,0.0
01,24,1997,0.0
01,25,1997,4.0
01,26,1997,0.0
01,27,1997,0.0
01,28,1997,19.5
01,29,1997,0.0
01,30,1997,0.0
01,31,1997,0.0
02,01,1997,0.0
02,02,1997,0.0
02,03,1997,0.0
02,04,1997,0.0
02,05,1997,2.0
02,06,1997,0.0
02,07,1997,0.0
02,08,1997,0.0
02,09,1997,0.0
02,10,1997,0.0
02,11,1997,0.0
02,12,1997,0.0
02,13,1997,0.0
02,14,1997,13.6
02,15,1997,5.3
02,16,1997,1.3
02,17,1997,0.0
02,18,1997,0.0
02,19,1997,0.0
02,20,1997,0.0
02,21,1997,0.0
02,22,1997,0.5
02,23,1997,0.0
02,24,1997,0.0
02,25,1997,0.0
02,26,1997,0.0
02,27,1997,0.0
02,28,1997,0.0
03,01,1997,0.0
03,02,1997,0.0
03,03,1997,0.0
03,04,1997,0.0
03,05,1997,0.0
03,06,1997,0.0
03,07,1997,0.0
03,08,1997,0.0
03,09,1997,0.0
03,10,1997,0.0
03,11,1997,0.0
03,12,1997,0.0
03,13,1997,0.0
03,14,1997,0.0
03,15,1997,8.0
03,16,1997,0.0
03,17,1997,0.0
03,18,1997,0.0
03,19,1997,0.0
03,20,1997,0.0
03,21,1997,0.0
03,22,1997,0.0
03,23,1997,0.0
03,24,1997,0.0
03,25,1997,0.0
03,26,1997,0.0
03,27,1997,0.0
03,28,1997,0.0
03,29,1997,0.0
03,30,1997,0.0
03,31,1997,0.0
04,01,1997,0.0
04,02,1997,0.0
04,03,1997,0.0
04,04,1997,0.0
04,05,1997,1.0
04,06,1997,0.0
04,07,1997,0.0
04,08,1997,0.0
04,09,1997,12.0
04,10,1997,0.0
04,11,1997,0.0
04,12,1997,0.0
04,13,1997,0.0
04,14,1997,22.0
04,15,1997,7.5
04,16,1997,0.0
04,17,1997,0.0
04,18,1997,0.0
04,19,1997,0.0
04,20,1997,4.6
04,21,1997,1.0
04,22,1997,2.3
04,23,1997,0.0
04,24,1997,0.0
04,25,1997,0.0
04,26,1997,0.0
04,27,1997,0.0
04,28,1997,0.0
04,29,1997,0.0
04,30,1997,0.0
05,01,1997,0.0
05,02,1997,0.0
05,03,1997,0.5
05,04,1997,0.0
05,05,1997,0.0
05,06,1997,0.0
05,07,1997,0.0
05,08,1997,3.5
05,09,1997,0.0
05,10,1997,7.0
05,11,1997,0.0
05,12,1997,0.0
05,13,1997,0.0
05,14,1997,0.0
05,15,1997,0.0
05,16,1997,0.0
05,17,1997,0.0
05,18,1997,0.0
05,19,1997,0.0
05,20,1997,0.0
05,21,1997,0.0
05,22,1997,0.0
05,23,1997,0.0
05,24,1997,0.0
05,25,1997,0.0
05,26,1997,0.0
05,27,1997,0.0
05,28,1997,0.0
05,29,1997,1.0
05,30,1997,89.0
05,31,1997,0.0
06,01,1997,0.0
06,02,1997,0.0
06,03,1997,0.0
06,04,1997,0.0
06,05,1997,0.0
06,06,1997,0.0
06,07,1997,0.0
06,08,1997,0.0
06,09,1997,0.0
06,10,1997,5.7
06,11,1997,22.7
06,12,1997,4.2
06,13,1997,0.0
06,14,1997,0.0
06,15,1997,0.0
06,16,1997,0.0
06,17,1997,0.0
06,18,1997,0.0
06,19,1997,0.0
06,20,1997,0.0
06,21,1997,0.0
06,22,1997,0.0
06,23,1997,0.0
06,24,1997,0.0
06,25,1997,0.0
06,26,1997,37.0
06,27,1997,5.0
06,28,1997,4.8
06,29,1997,22.3
06,30,1997,0.5
07,01,1997,0.0
07,02,1997,0.0
07,03,1997,0.0
07,04,1997,0.0
07,05,1997,0.0
07,06,1997,12.5
07,07,1997,0.0
07,08,1997,0.0
07,09,1997,0.0
07,10,1997,38.0
07,11,1997,0.0
07,12,1997,2.5
07,13,1997,10.0
07,14,1997,10.0
07,15,1997,8.0
07,16,1997,0.0
07,17,1997,0.0
07,18,1997,0.0
07,19,1997,0.0
07,20,1997,0.0
07,21,1997,0.0
07,22,1997,0.0
07,23,1997,16.5
07,24,1997,22.5
07,25,1997,3.5
07,26,1997,1.0
07,27,1997,0.5
07,28,1997,2.0
07,29,1997,0.5
07,30,1997,0.0
07,31,1997,0.0
08,01,1997,16.0
08,02,1997,0.0
08,03,1997,0.5
08,04,1997,1.0
08,05,1997,7.5
08,06,1997,2.5
08,07,1997,8.5
08,08,1997,22.0
08,09,1997,25.0
08,10,1997,1.0
08,11,1997,6.5
08,12,1997,7.5
08,13,1997,0.0
08,14,1997,0.0
08,15,1997,0.5
08,16,1997,11.0
08,17,1997,4.0
08,18,1997,4.0
08,19,1997,0.0
08,20,1997,0.0
08,21,1997,42.5
08,22,1997,0.0
08,23,1997,27.0
08,24,1997,25.5
08,25,1997,41.5
08,26,1997,0.0
08,27,1997,0.0
08,28,1997,52.0
08,29,1997,2.0
08,30,1997,1.5
08,31,1997,0.5
09,01,1997,6.0
09,02,1997,10.0
09,03,1997,84.5
09,04,1997,5.5
09,05,1997,0.0
09,06,1997,0.0
09,07,1997,8.5
09,08,1997,0.0
09,09,1997,26.5
09,10,1997,0.0
09,11,1997,0.0
09,12,1997,4.0
09,13,1997,0.0
09,14,1997,7.5
09,15,1997,3.5
09,16,1997,6.5
09,17,1997,68.5
09,18,1997,24.0
09,19,1997,30.5
09,20,1997,6.5
09,21,1997,0.5
09,22,1997,0.0
09,23,1997,0.0
09,24,1997,0.0
09,25,1997,0.0
09,26,1997,0.0
09,27,1997,0.0
09,28,1997,2.0
09,29,1997,15.0
09,30,1997,8.5
10,01,1997,0.0
10,02,1997,0.0
10,03,1997,0.0
10,04,1997,13.0
10,05,1997,0.0
10,06,1997,0.0
10,07,1997,4.0
10,08,1997,32.5
10,09,1997,0.0
10,10,1997,2.0
10,11,1997,2.0
10,12,1997,0.0
10,13,1997,0.0
10,14,1997,0.0
10,15,1997,4.0
10,16,1997,0.0
10,17,1997,0.0
10,18,1997,0.0
10,19,1997,0.0
10,20,1997,0.0
10,21,1997,0.0
10,22,1997,0.0
10,23,1997,0.0
10,24,1997,0.0
10,25,1997,0.0
10,26,1997,0.0
10,27,1997,0.0
10,28,1997,0.0
10,29,1997,0.0
10,30,1997,0.0
10,31,1997,0.0
11,01,1997,0.0
11,02,1997,0.0
11,03,1997,0.0
11,04,1997,0.0
11,05,1997,0.0
11,06,1997,0.0
11,07,1997,0.0
11,08,1997,0.0
11,09,1997,0.5
11,10,1997,0.0
11,11,1997,0.0
11,12,1997,0.0
11,13,1997,0.0
11,14,1997,0.0
11,15,1997,0.0
11,16,1997,25.0
11,17,1997,0.0
11,18,1997,6.5
11,19,1997,0.0
11,20,1997,0.0
11,21,1997,0.0
11,22,1997,0.0
11,23,1997,36.0
11,24,1997,0.5
11,25,1997,1.0
11,26,1997,2.5
11,27,1997,0.0
11,28,1997,0.0
11,29,1997,0.0
11,30,1997,0.0
12,01,1997,0.0
12,02,1997,0.0
12,03,1997,0.0
12,04,1997,7.5
12,05,1997,0.0
12,06,1997,0.0
12,07,1997,0.0
12,08,1997,0.0
12,09,1997,0.0
12,10,1997,0.0
12,11,1997,0.0
12,12,1997,22.0
12,13,1997,1.5
12,14,1997,0.0
12,15,1997,0.0
12,16,1997,0.0
12,17,1997,0.0
12,18,1997,0.0
12,19,1997,0.0
12,20,1997,0.0
12,21,1997,0.0
12,22,1997,0.0
12,23,1997,0.0
12,24,1997,0.0
12,25,1997,0.0
12,26,1997,0.0
12,27,1997,0.0
12,28,1997,0.0
12,29,1997,0.0
12,30,1997,0.0
12,31,1997,0.0
01,01,1998,0.0
01,02,1998,0.0
01,03,1998,0.0
01,04,1998,0.0
01,05,1998,0.0
01,06,1998,0.0
01,07,1998,0.0
01,08,1998,0.0
01,09,1998,0.0
01,10,1998,0.0
01,11,1998,0.0
01,12,1998,0.0
01,13,1998,0.0
01,14,1998,0.0
01,15,1998,0.0
01,16,1998,0.0
01,17,1998,0.0
01,18,1998,1.0
01,19,1998,19.5
01,20,1998,2.0
01,21,1998,0.0
01,22,1998,0.0
01,23,1998,0.0
01,24,1998,1.0
01,25,1998,0.0
01,26,1998,3.5
01,27,1998,0.0
01,28,1998,0.0
01,29,1998,0.0
01,30,1998,0.0
01,31,1998,0.0
02,01,1998,0.0
02,02,1998,1.5
02,03,1998,2.0
02,04,1998,0.0
02,05,1998,0.0
02,06,1998,0.5
02,07,1998,0.0
02,08,1998,0.0
02,09,1998,0.0
02,10,1998,0.0
02,11,1998,0.0
02,12,1998,0.0
02,13,1998,0.0
02,14,1998,0.0
02,15,1998,0.0
02,16,1998,0.0
02,17,1998,0.0
02,18,1998,0.0
02,19,1998,0.0
02,20,1998,0.0
02,21,1998,0.0
02,22,1998,0.0
02,23,1998,0.0
02,24,1998,0.0
02,25,1998,0.0
02,26,1998,0.0
02,27,1998,0.0
02,28,1998,0.0
03,01,1998,0.0
03,02,1998,0.0
03,03,1998,0.0
03,04,1998,0.0
03,05,1998,0.0
03,06,1998,0.0
03,07,1998,0.0
03,08,1998,0.0
03,09,1998,0.0
03,10,1998,0.0
03,11,1998,0.0
03,12,1998,0.0
03,13,1998,0.0
03,14,1998,0.0
03,15,1998,0.0
03,16,1998,0.0
03,17,1998,0.0
03,18,1998,0.0
03,19,1998,2.0
03,20,1998,0.0
03,21,1998,0.0
03,22,1998,1.5
03,23,1998,0.0
03,24,1998,0.0
03,25,1998,0.0
03,26,1998,0.0
03,27,1998,0.0
03,28,1998,0.0
03,29,1998,0.0
03,30,1998,0.0
03,31,1998,0.0
04,01,1998,0.0
04,02,1998,0.0
04,03,1998,0.0
04,04,1998,0.0
04,05,1998,0.0
04,06,1998,0.0
04,07,1998,0.0
04,08,1998,0.0
04,09,1998,0.0
04,10,1998,0.0
04,11,1998,0.0
04,12,1998,0.0
04,13,1998,0.0
04,14,1998,0.0
04,15,1998,0.0
04,16,1998,0.0
04,17,1998,0.0
04,18,1998,0.0
04,19,1998,0.0
04,20,1998,0.0
04,21,1998,0.0
04,22,1998,0.0
04,23,1998,0.0
04,24,1998,0.0
04,25,1998,0.0
04,26,1998,0.0
04,27,1998,0.0
04,28,1998,0.0
04,29,1998,0.0
04,30,1998,0.0
05,01,1998,0.0
05,02,1998,0.0
05,03,1998,0.0
05,04,1998,0.0
05,05,1998,0.0
05,06,1998,0.0
05,07,1998,0.0
05,08,1998,0.0
05,09,1998,0.0
05,10,1998,0.0
05,11,1998,0.0
05,12,1998,0.0
05,13,1998,0.0
05,14,1998,0.0
05,15,1998,0.0
05,16,1998,0.0
05,17,1998,0.0
05,18,1998,0.0
05,19,1998,0.0
05,20,1998,0.0
05,21,1998,0.0
05,22,1998,0.0
05,23,1998,0.0
05,24,1998,0.0
05,25,1998,0.0
05,26,1998,47.8
05,27,1998,2.3
05,28,1998,0.0
05,29,1998,38.7
05,30,1998,50.7
05,31,1998,0.0
06,01,1998,6.7
06,02,1998,3.0
06,03,1998,0.0
06,04,1998,0.0
06,05,1998,0.0
06,06,1998,0.0
06,07,1998,0.0
06,08,1998,0.0
06,09,1998,0.0
06,10,1998,0.0
06,11,1998,0.0
06,12,1998,0.0
06,13,1998,0.0
06,14,1998,0.0
06,15,1998,0.0
06,16,1998,0.0
06,17,1998,0.0
06,18,1998,0.0
06,19,1998,0.0
06,20,1998,0.0
06,21,1998,0.0
06,22,1998,3.0
06,23,1998,30.8
06,24,1998,76.4
06,25,1998,15.1
06,26,1998,18.4
06,27,1998,0.0
06,28,1998,0.0
06,29,1998,4.0
06,30,1998,2.7
07,01,1998,51.4
07,02,1998,3.0
07,03,1998,0.0
07,04,1998,4.8
07,05,1998,0.0
07,06,1998,0.0
07,07,1998,15.4
07,08,1998,10.6
07,09,1998,7.7
07,10,1998,0.0
07,11,1998,0.0
07,12,1998,0.0
07,13,1998,0.0
07,14,1998,0.0
07,15,1998,0.0
07,16,1998,0.0
07,17,1998,0.0
07,18,1998,1.5
07,19,1998,0.0
07,20,1998,24.0
07,21,1998,14.2
07,22,1998,3.5
07,23,1998,0.0
07,24,1998,11.0
07,25,1998,1.0
07,26,1998,0.0
07,27,1998,0.0
07,28,1998,0.0
07,29,1998,8.0
07,30,1998,4.5
07,31,1998,0.5
08,01,1998,0.0
08,02,1998,19.5
08,03,1998,5.5
08,04,1998,0.0
08,05,1998,0.0
08,06,1998,0.0
08,07,1998,0.0
08,08,1998,3.5
08,09,1998,1.0
08,10,1998,0.0
08,11,1998,1.0
08,12,1998,0.0
08,13,1998,0.0
08,14,1998,1.5
08,15,1998,0.0
08,16,1998,0.0
08,17,1998,0.0
08,18,1998,0.0
08,19,1998,3.0
08,20,1998,24.5
08,21,1998,0.0
08,22,1998,31.5
08,23,1998,0.0
08,24,1998,2.0
08,25,1998,0.0
08,26,1998,1.0
08,27,1998,0.0
08,28,1998,1.0
08,29,1998,34.0
08,30,1998,13.0
08,31,1998,0.0
09,01,1998,0.5
09,02,1998,0.0
09,03,1998,63.0
09,04,1998,2.0
09,05,1998,0.0
09,06,1998,80.5
09,07,1998,12.0
09,08,1998,0.5
09,09,1998,4.0
09,10,1998,1.5
09,11,1998,0.0
09,12,1998,0.0
09,13,1998,0.0
09,14,1998,1.5
09,15,1998,4.0
09,16,1998,32.0
09,17,1998,0.0
09,18,1998,16.5
09,19,1998,0.0
09,20,1998,1.0
09,21,1998,0.0
09,22,1998,5.0
09,23,1998,0.0
09,24,1998,0.0
09,25,1998,0.0
09,26,1998,2.0
09,27,1998,0.0
09,28,1998,0.0
09,29,1998,0.0
09,30,1998,0.0
10,01,1998,null
10,02,1998,null
10,03,1998,null
10,04,1998,null
10,05,1998,null
10,06,1998,null
10,07,1998,null
10,08,1998,null
10,09,1998,null
10,10,1998,null
10,11,1998,null
10,12,1998,null
10,13,1998,null
10,14,1998,null
10,15,1998,null
10,16,1998,null
10,17,1998,null
10,18,1998,null
10,19,1998,3.0
10,20,1998,3.0
10,21,1998,0.0
10,22,1998,2.5
10,23,1998,0.0
10,24,1998,24.0
10,25,1998,0.5
10,26,1998,0.0
10,27,1998,0.0
10,28,1998,1.0
10,29,1998,0.0
10,30,1998,7.0
10,31,1998,0.0
11,01,1998,0.0
11,02,1998,0.0
11,03,1998,52.0
11,04,1998,0.0
11,05,1998,4.5
11,06,1998,0.0
11,07,1998,0.0
11,08,1998,0.0
11,09,1998,0.0
11,10,1998,0.0
11,11,1998,0.0
11,12,1998,0.0
11,13,1998,0.0
11,14,1998,0.0
11,15,1998,0.0
11,16,1998,0.0
11,17,1998,0.0
11,18,1998,0.0
11,19,1998,12.5
11,20,1998,6.0
11,21,1998,5.0
11,22,1998,1.0
11,23,1998,0.0
11,24,1998,0.0
11,25,1998,0.0
11,26,1998,0.0
11,27,1998,2.0
11,28,1998,0.0
11,29,1998,0.0
11,30,1998,0.0
12,01,1998,0.0
12,02,1998,0.0
12,03,1998,0.0
12,04,1998,0.0
12,05,1998,0.0
12,06,1998,0.0
12,07,1998,0.0
12,08,1998,0.0
12,09,1998,0.0
12,10,1998,0.0
12,11,1998,0.0
12,12,1998,0.0
12,13,1998,43.5
12,14,1998,0.0
12,15,1998,0.0
12,16,1998,0.0
12,17,1998,0.0
12,18,1998,0.0
12,19,1998,0.0
12,20,1998,0.0
12,21,1998,0.0
12,22,1998,0.0
12,23,1998,0.0
12,24,1998,0.0
12,25,1998,0.0
12,26,1998,0.0
12,27,1998,1.0
12,28,1998,0.0
12,29,1998,0.0
12,30,1998,0.0
12,31,1998,0.0
01,01,1999,0.0
01,02,1999,2.5
01,03,1999,0.0
01,04,1999,0.0
01,05,1999,0.0
01,06,1999,0.0
01,07,1999,0.0
01,08,1999,0.0
01,09,1999,0.0
01,10,1999,0.0
01,11,1999,0.0
01,12,1999,0.0
01,13,1999,0.0
01,14,1999,0.0
01,15,1999,0.0
01,16,1999,0.0
01,17,1999,0.0
01,18,1999,0.0
01,19,1999,0.0
01,20,1999,0.0
01,21,1999,0.0
01,22,1999,0.0
01,23,1999,0.0
01,24,1999,0.0
01,25,1999,0.0
01,26,1999,0.5
01,27,1999,5.5
01,28,1999,0.0
01,29,1999,0.0
01,30,1999,0.0
01,31,1999,0.0
02,01,1999,0.0
02,02,1999,0.0
02,03,1999,0.0
02,04,1999,0.0
02,05,1999,0.0
02,06,1999,0.0
02,07,1999,0.0
02,08,1999,0.0
02,09,1999,0.0
02,10,1999,0.0
02,11,1999,0.0
02,12,1999,0.0
02,13,1999,0.0
02,14,1999,0.0
02,15,1999,0.0
02,16,1999,0.0
02,17,1999,0.0
02,18,1999,0.0
02,19,1999,0.0
02,20,1999,0.0
02,21,1999,0.0
02,22,1999,0.0
02,23,1999,0.0
02,24,1999,0.0
02,25,1999,0.0
02,26,1999,0.0
02,27,1999,0.0
02,28,1999,0.0
03,01,1999,0.0
03,02,1999,0.0
03,03,1999,0.0
03,04,1999,0.0
03,05,1999,0.0
03,06,1999,0.0
03,07,1999,0.0
03,08,1999,0.0
03,09,1999,0.0
03,10,1999,0.0
03,11,1999,0.0
03,12,1999,0.0
03,13,1999,0.0
03,14,1999,0.0
03,15,1999,0.0
03,16,1999,0.0
03,17,1999,0.0
03,18,1999,0.0
03,19,1999,0.0
03,20,1999,0.0
03,21,1999,0.0
03,22,1999,0.0
03,23,1999,0.0
03,24,1999,0.0
03,25,1999,0.0
03,26,1999,0.0
03,27,1999,0.0
03,28,1999,0.0
03,29,1999,5.2
03,30,1999,0.0
03,31,1999,0.0
04,01,1999,0.0
04,02,1999,0.0
04,03,1999,0.0
04,04,1999,0.0
04,05,1999,0.0
04,06,1999,0.0
04,07,1999,0.0
04,08,1999,0.0
04,09,1999,0.0
04,10,1999,0.0
04,11,1999,0.0
04,12,1999,0.0
04,13,1999,0.0
04,14,1999,0.0
04,15,1999,0.0
04,16,1999,0.0
04,17,1999,0.0
04,18,1999,1.0
04,19,1999,0.0
04,20,1999,0.0
04,21,1999,0.0
04,22,1999,0.0
04,23,1999,0.0
04,24,1999,0.0
04,25,1999,0.0
04,26,1999,0.0
04,27,1999,0.0
04,28,1999,0.0
04,29,1999,10.6
04,30,1999,0.0
05,01,1999,0.0
05,02,1999,0.0
05,03,1999,0.0
05,04,1999,0.0
05,05,1999,0.0
05,06,1999,0.0
05,07,1999,0.0
05,08,1999,0.0
05,09,1999,0.0
05,10,1999,0.0
05,11,1999,0.0
05,12,1999,0.0
05,13,1999,0.0
05,14,1999,0.0
05,15,1999,0.0
05,16,1999,0.0
05,17,1999,0.0
05,18,1999,0.0
05,19,1999,0.0
05,20,1999,0.0
05,21,1999,0.0
05,22,1999,0.0
05,23,1999,0.0
05,24,1999,0.0
05,25,1999,2.5
05,26,1999,0.0
05,27,1999,0.5
05,28,1999,0.0
05,29,1999,0.0
05,30,1999,0.0
05,31,1999,3.0
06,01,1999,4.5
06,02,1999,4.5
06,03,1999,0.0
06,04,1999,0.0
06,05,1999,1.5
06,06,1999,2.5
06,07,1999,35.5
06,08,1999,0.0
06,09,1999,4.0
06,10,1999,5.0
06,11,1999,0.0
06,12,1999,1.5
06,13,1999,3.0
06,14,1999,3.0
06,15,1999,8.0
06,16,1999,45.0
06,17,1999,25.0
06,18,1999,31.5
06,19,1999,0.5
06,20,1999,0.0
06,21,1999,4.0
06,22,1999,7.0
06,23,1999,5.0
06,24,1999,5.0
06,25,1999,0.0
06,26,1999,0.0
06,27,1999,0.0
06,28,1999,0.0
06,29,1999,10.5
06,30,1999,0.0
07,01,1999,39.0
07,02,1999,3.0
07,03,1999,0.0
07,04,1999,0.0
07,05,1999,0.0
07,06,1999,0.0
07,07,1999,33.5
07,08,1999,8.0
07,09,1999,2.5
07,10,1999,2.0
07,11,1999,1.0
07,12,1999,0.0
07,13,1999,10.0
07,14,1999,13.0
07,15,1999,27.0
07,16,1999,27.0
07,17,1999,14.0
07,18,1999,20.0
07,19,1999,20.0
07,20,1999,0.5
07,21,1999,0.0
07,22,1999,27.0
07,23,1999,6.5
07,24,1999,18.0
07,25,1999,3.0
07,26,1999,12.5
07,27,1999,41.5
07,28,1999,0.0
07,29,1999,0.0
07,30,1999,0.0
07,31,1999,0.0
08,01,1999,0.0
08,02,1999,0.0
08,03,1999,0.0
08,04,1999,0.0
08,05,1999,0.0
08,06,1999,0.0
08,07,1999,12.5
08,08,1999,3.0
08,09,1999,5.3
08,10,1999,0.0
08,11,1999,10.0
08,12,1999,0.0
08,13,1999,0.0
08,14,1999,4.0
08,15,1999,1.0
08,16,1999,1.5
08,17,1999,5.5
08,18,1999,8.0
08,19,1999,13.0
08,20,1999,9.0
08,21,1999,0.0
08,22,1999,0.0
08,23,1999,31.0
08,24,1999,0.0
08,25,1999,0.0
08,26,1999,43.5
08,27,1999,0.0
08,28,1999,0.0
08,29,1999,0.0
08,30,1999,1.0
08,31,1999,0.0
09,01,1999,38.5
09,02,1999,1.5
09,03,1999,13.5
09,04,1999,0.0
09,05,1999,0.0
09,06,1999,0.0
09,07,1999,0.0
09,08,1999,0.0
09,09,1999,12.5
09,10,1999,2.0
09,11,1999,0.0
09,12,1999,0.0
09,13,1999,0.0
09,14,1999,0.0
09,15,1999,17.0
09,16,1999,1.0
09,17,1999,17.0
09,18,1999,2.5
09,19,1999,0.0
09,20,1999,0.0
09,21,1999,0.5
09,22,1999,0.0
09,23,1999,0.0
09,24,1999,0.0
09,25,1999,0.0
09,26,1999,0.0
09,27,1999,0.0
09,28,1999,0.0
09,29,1999,13.0
09,30,1999,13.5
10,01,1999,10.0
10,02,1999,22.5
10,03,1999,14.0
10,04,1999,4.0
10,05,1999,2.0
10,06,1999,0.0
10,07,1999,28.5
10,08,1999,0.0
10,09,1999,0.0
10,10,1999,2.0
10,11,1999,0.5
10,12,1999,6.5
10,13,1999,0.0
10,14,1999,0.0
10,15,1999,6.5
10,16,1999,0.0
10,17,1999,6.5
10,18,1999,2.0
10,19,1999,31.0
10,20,1999,11.5
10,21,1999,11.0
10,22,1999,0.5
10,23,1999,0.0
10,24,1999,0.0
10,25,1999,0.0
10,26,1999,0.0
10,27,1999,0.0
10,28,1999,0.0
10,29,1999,0.0
10,30,1999,6.5
10,31,1999,22.0
11,01,1999,1.5
11,02,1999,1.0
11,03,1999,1.0
11,04,1999,0.0
11,05,1999,2.0
11,06,1999,12.0
11,07,1999,14.0
11,08,1999,0.0
11,09,1999,0.0
11,10,1999,0.0
11,11,1999,0.0
11,12,1999,0.0
11,13,1999,0.0
11,14,1999,0.0
11,15,1999,0.0
11,16,1999,0.0
11,17,1999,0.0
11,18,1999,0.0
11,19,1999,0.0
11,20,1999,0.0
11,21,1999,1.0
11,22,1999,0.0
11,23,1999,0.0
11,24,1999,0.0
11,25,1999,0.0
11,26,1999,0.0
11,27,1999,0.0
11,28,1999,0.0
11,29,1999,0.0
11,30,1999,0.0
12,01,1999,0.0
12,02,1999,0.0
12,03,1999,0.0
12,04,1999,0.0
12,05,1999,0.0
12,06,1999,0.0
12,07,1999,0.0
12,08,1999,0.0
12,09,1999,0.0
12,10,1999,0.0
12,11,1999,0.0
12,12,1999,0.0
12,13,1999,0.0
12,14,1999,0.0
12,15,1999,15.5
12,16,1999,24.0
12,17,1999,0.0
12,18,1999,0.0
12,19,1999,0.0
12,20,1999,0.0
12,21,1999,3.5
12,22,1999,4.5
12,23,1999,1.0
12,24,1999,1.0
12,25,1999,0.0
12,26,1999,0.0
12,27,1999,0.0
12,28,1999,0.0
12,29,1999,0.0
12,30,1999,0.0
12,31,1999,0.0
01,01,2000,0.5
01,02,2000,0.0
01,03,2000,0.0
01,04,2000,10.5
01,05,2000,0.0
01,06,2000,0.0
01,07,2000,0.0
01,08,2000,1.5
01,09,2000,0.0
01,10,2000,0.0
01,11,2000,0.0
01,12,2000,0.0
01,13,2000,0.0
01,14,2000,0.0
01,15,2000,0.0
01,16,2000,0.0
01,17,2000,0.0
01,18,2000,0.0
01,19,2000,0.0
01,20,2000,0.0
01,21,2000,0.0
01,22,2000,0.0
01,23,2000,0.0
01,24,2000,0.0
01,25,2000,0.0
01,26,2000,0.0
01,27,2000,0.0
01,28,2000,0.0
01,29,2000,0.0
01,30,2000,0.0
01,31,2000,0.0
02,01,2000,0.0
02,02,2000,0.0
02,03,2000,0.5
02,04,2000,0.0
02,05,2000,0.0
02,06,2000,0.0
02,07,2000,0.0
02,08,2000,0.0
02,09,2000,0.0
02,10,2000,0.0
02,11,2000,0.0
02,12,2000,0.0
02,13,2000,0.0
02,14,2000,0.0
02,15,2000,0.0
02,16,2000,0.0
02,17,2000,0.0
02,18,2000,0.0
02,19,2000,0.0
02,20,2000,0.0
02,21,2000,0.0
02,22,2000,0.0
02,23,2000,0.0
02,24,2000,0.0
02,25,2000,0.0
02,26,2000,0.0
02,27,2000,0.0
02,28,2000,0.0
02,29,2000,0.0
03,01,2000,0.0
03,02,2000,0.0
03,03,2000,0.0
03,04,2000,0.0
03,05,2000,0.0
03,06,2000,0.0
03,07,2000,0.0
03,08,2000,0.0
03,09,2000,0.0
03,10,2000,0.0
03,11,2000,0.0
03,12,2000,0.0
03,13,2000,0.0
03,14,2000,0.0
03,15,2000,0.0
03,16,2000,0.0
03,17,2000,0.0
03,18,2000,0.0
03,19,2000,0.0
03,20,2000,0.0
03,21,2000,0.0
03,22,2000,0.0
03,23,2000,0.0
03,24,2000,0.0
03,25,2000,0.0
03,26,2000,0.0
03,27,2000,0.0
03,28,2000,0.0
03,29,2000,0.0
03,30,2000,0.0
03,31,2000,0.0
04,01,2000,0.0
04,02,2000,0.0
04,03,2000,0.0
04,04,2000,0.0
04,05,2000,0.0
04,06,2000,0.0
04,07,2000,0.0
04,08,2000,0.0
04,09,2000,1.0
04,10,2000,0.0
04,11,2000,0.0
04,12,2000,0.0
04,13,2000,2.0
04,14,2000,0.0
04,15,2000,0.0
04,16,2000,0.0
04,17,2000,0.0
04,18,2000,0.0
04,19,2000,0.0
04,20,2000,0.0
04,21,2000,0.0
04,22,2000,0.0
04,23,2000,0.0
04,24,2000,0.0
04,25,2000,0.0
04,26,2000,0.0
04,27,2000,0.0
04,28,2000,0.0
04,29,2000,0.0
04,30,2000,0.0
05,01,2000,0.0
05,02,2000,0.0
05,03,2000,0.0
05,04,2000,0.0
05,05,2000,0.0
05,06,2000,0.0
05,07,2000,0.0
05,08,2000,0.0
05,09,2000,0.0
05,10,2000,0.0
05,11,2000,0.0
05,12,2000,0.0
05,13,2000,4.0
05,14,2000,26.0
05,15,2000,0.0
05,16,2000,1.0
05,17,2000,0.0
05,18,2000,0.0
05,19,2000,0.0
05,20,2000,0.0
05,21,2000,0.0
05,22,2000,0.0
05,23,2000,0.0
05,24,2000,0.0
05,25,2000,0.0
05,26,2000,0.0
05,27,2000,0.0
05,28,2000,0.0
05,29,2000,11.5
05,30,2000,0.0
05,31,2000,0.0
06,01,2000,0.0
06,02,2000,0.0
06,03,2000,3.0
06,04,2000,8.0
06,05,2000,8.5
06,06,2000,37.0
06,07,2000,1.5
06,08,2000,0.0
06,09,2000,0.0
06,10,2000,0.0
06,11,2000,0.5
06,12,2000,15.5
06,13,2000,3.5
06,14,2000,16.0
06,15,2000,1.0
06,16,2000,0.0
06,17,2000,0.0
06,18,2000,0.5
06,19,2000,0.0
06,20,2000,0.0
06,21,2000,0.0
06,22,2000,0.0
06,23,2000,1.0
06,24,2000,0.0
06,25,2000,4.0
06,26,2000,0.0
06,27,2000,3.0
06,28,2000,0.5
06,29,2000,0.0
06,30,2000,0.0
07,01,2000,0.0
07,02,2000,0.0
07,03,2000,0.0
07,04,2000,1.0
07,05,2000,3.5
07,06,2000,0.0
07,07,2000,2.0
07,08,2000,6.0
07,09,2000,0.0
07,10,2000,3.5
07,11,2000,0.0
07,12,2000,0.0
07,13,2000,0.0
07,14,2000,10.5
07,15,2000,0.0
07,16,2000,0.0
07,17,2000,2.0
07,18,2000,0.0
07,19,2000,0.5
07,20,2000,0.0
07,21,2000,19.0
07,22,2000,0.0
07,23,2000,0.0
07,24,2000,11.0
07,25,2000,23.0
07,26,2000,6.5
07,27,2000,0.0
07,28,2000,0.0
07,29,2000,0.0
07,30,2000,0.5
07,31,2000,4.0
08,01,2000,33.5
08,02,2000,13.5
08,03,2000,0.2
08,04,2000,7.0
08,05,2000,0.0
08,06,2000,50.5
08,07,2000,8.5
08,08,2000,5.0
08,09,2000,0.0
08,10,2000,8.5
08,11,2000,4.0
08,12,2000,2.0
08,13,2000,0.0
08,14,2000,2.5
08,15,2000,0.0
08,16,2000,4.0
08,17,2000,7.5
08,18,2000,9.5
08,19,2000,6.5
08,20,2000,11.5
08,21,2000,0.0
08,22,2000,0.4
08,23,2000,0.6
08,24,2000,1.5
08,25,2000,0.0
08,26,2000,34.0
08,27,2000,2.0
08,28,2000,11.0
08,29,2000,18.0
08,30,2000,3.5
08,31,2000,0.0
09,01,2000,6.5
09,02,2000,1.2
09,03,2000,22.5
09,04,2000,0.0
09,05,2000,0.0
09,06,2000,2.0
09,07,2000,2.5
09,08,2000,1.6
09,09,2000,0.0
09,10,2000,0.5
09,11,2000,22.5
09,12,2000,8.5
09,13,2000,0.0
09,14,2000,0.5
09,15,2000,1.0
09,16,2000,0.5
09,17,2000,2.5
09,18,2000,59.5
09,19,2000,8.5
09,20,2000,1.0
09,21,2000,0.0
09,22,2000,0.0
09,23,2000,0.0
09,24,2000,0.0
09,25,2000,15.5
09,26,2000,3.0
09,27,2000,0.0
09,28,2000,1.5
09,29,2000,0.0
09,30,2000,9.5
10,01,2000,20.0
10,02,2000,31.0
10,03,2000,16.5
10,04,2000,10.0
10,05,2000,2.5
10,06,2000,0.0
10,07,2000,0.0
10,08,2000,2.0
10,09,2000,3.0
10,10,2000,0.0
10,11,2000,0.0
10,12,2000,2.0
10,13,2000,6.5
10,14,2000,0.0
10,15,2000,0.0
10,16,2000,0.0
10,17,2000,0.0
10,18,2000,0.0
10,19,2000,0.0
10,20,2000,0.0
10,21,2000,0.0
10,22,2000,0.0
10,23,2000,7.0
10,24,2000,0.0
10,25,2000,0.0
10,26,2000,0.0
10,27,2000,0.0
10,28,2000,0.0
10,29,2000,0.0
10,30,2000,0.0
10,31,2000,0.0
11,01,2000,0.0
11,02,2000,0.0
11,03,2000,0.0
11,04,2000,0.0
11,05,2000,0.0
11,06,2000,0.0
11,07,2000,0.0
11,08,2000,0.0
11,09,2000,0.0
11,10,2000,0.0
11,11,2000,0.0
11,12,2000,0.0
11,13,2000,0.0
11,14,2000,0.0
11,15,2000,0.0
11,16,2000,0.0
11,17,2000,0.0
11,18,2000,0.0
11,19,2000,22.0
11,20,2000,0.5
11,21,2000,0.0
11,22,2000,0.0
11,23,2000,0.0
11,24,2000,0.0
11,25,2000,0.5
11,26,2000,0.5
11,27,2000,0.0
11,28,2000,1.0
11,29,2000,19.5
11,30,2000,0.0
12,01,2000,0.0
12,02,2000,0.0
12,03,2000,0.0
12,04,2000,0.0
12,05,2000,0.0
12,06,2000,0.0
12,07,2000,0.0
12,08,2000,0.0
12,09,2000,0.0
12,10,2000,0.0
12,11,2000,0.0
12,12,2000,0.0
12,13,2000,0.0
12,14,2000,0.0
12,15,2000,0.5
12,16,2000,0.0
12,17,2000,0.0
12,18,2000,0.0
12,19,2000,2.5
12,20,2000,0.0
12,21,2000,0.0
12,22,2000,0.0
12,23,2000,0.0
12,24,2000,0.0
12,25,2000,0.0
12,26,2000,0.0
12,27,2000,0.0
12,28,2000,0.0
12,29,2000,0.0
12,30,2000,0.0
12,31,2000,0.0
01,01,2001,0.0
01,02,2001,0.0
01,03,2001,0.0
01,04,2001,0.0
01,05,2001,0.0
01,06,2001,0.0
01,07,2001,0.0
01,08,2001,0.0
01,09,2001,0.0
01,10,2001,0.0
01,11,2001,0.0
01,12,2001,8.0
01,13,2001,0.0
01,14,2001,0.0
01,15,2001,0.0
01,16,2001,0.0
01,17,2001,0.0
01,18,2001,0.0
01,19,2001,0.0
01,20,2001,0.0
01,21,2001,0.0
01,22,2001,0.0
01,23,2001,0.0
01,24,2001,0.0
01,25,2001,0.0
01,26,2001,0.0
01,27,2001,0.0
01,28,2001,0.0
01,29,2001,0.0
01,30,2001,0.0
01,31,2001,0.0
02,01,2001,0.0
02,02,2001,12.5
02,03,2001,0.0
02,04,2001,10.0
02,05,2001,0.0
02,06,2001,0.0
02,07,2001,0.5
02,08,2001,0.0
02,09,2001,0.0
02,10,2001,0.0
02,11,2001,0.0
02,12,2001,0.0
02,13,2001,0.0
02,14,2001,0.0
02,15,2001,0.0
02,16,2001,0.0
02,17,2001,52.5
02,18,2001,2.0
02,19,2001,1.5
02,20,2001,0.0
02,21,2001,0.0
02,22,2001,0.0
02,23,2001,0.0
02,24,2001,0.0
02,25,2001,0.0
02,26,2001,0.0
02,27,2001,0.0
02,28,2001,0.0
03,01,2001,0.0
03,02,2001,0.0
03,03,2001,0.0
03,04,2001,0.0
03,05,2001,0.0
03,06,2001,0.0
03,07,2001,0.0
03,08,2001,0.0
03,09,2001,0.0
03,10,2001,0.0
03,11,2001,0.0
03,12,2001,0.0
03,13,2001,0.0
03,14,2001,0.0
03,15,2001,0.0
03,16,2001,0.0
03,17,2001,0.0
03,18,2001,7.0
03,19,2001,2.5
03,20,2001,0.0
03,21,2001,0.0
03,22,2001,0.0
03,23,2001,0.0
03,24,2001,0.0
03,25,2001,0.0
03,26,2001,0.0
03,27,2001,0.0
03,28,2001,0.0
03,29,2001,0.0
03,30,2001,0.0
03,31,2001,0.0
04,01,2001,3.0
04,02,2001,0.0
04,03,2001,0.0
04,04,2001,0.0
04,05,2001,0.0
04,06,2001,0.0
04,07,2001,0.0
04,08,2001,0.0
04,09,2001,0.0
04,10,2001,0.0
04,11,2001,0.0
04,12,2001,0.0
04,13,2001,0.0
04,14,2001,0.0
04,15,2001,0.0
04,16,2001,0.0
04,17,2001,0.0
04,18,2001,0.0
04,19,2001,0.0
04,20,2001,0.0
04,21,2001,0.0
04,22,2001,0.0
04,23,2001,0.0
04,24,2001,15.0
04,25,2001,6.3
04,26,2001,0.0
04,27,2001,0.5
04,28,2001,1.3
04,29,2001,0.0
04,30,2001,0.0
05,01,2001,0.0
05,02,2001,0.0
05,03,2001,0.5
05,04,2001,0.0
05,05,2001,0.0
05,06,2001,0.0
05,07,2001,0.0
05,08,2001,0.0
05,09,2001,0.0
05,10,2001,9.0
05,11,2001,0.0
05,12,2001,2.5
05,13,2001,0.0
05,14,2001,0.0
05,15,2001,0.0
05,16,2001,32.5
05,17,2001,0.0
05,18,2001,0.0
05,19,2001,0.0
05,20,2001,0.0
05,21,2001,0.0
05,22,2001,0.0
05,23,2001,0.0
05,24,2001,40.0
05,25,2001,1.0
05,26,2001,44.7
05,27,2001,5.0
05,28,2001,27.0
05,29,2001,0.0
05,30,2001,0.0
05,31,2001,0.0
06,01,2001,0.0
06,02,2001,0.0
06,03,2001,35.5
06,04,2001,2.5
06,05,2001,0.0
06,06,2001,0.0
06,07,2001,0.0
06,08,2001,0.0
06,09,2001,0.0
06,10,2001,0.0
06,11,2001,0.0
06,12,2001,0.0
06,13,2001,0.0
06,14,2001,0.0
06,15,2001,0.0
06,16,2001,1.5
06,17,2001,15.0
06,18,2001,9.3
06,19,2001,42.5
06,20,2001,4.2
06,21,2001,3.0
06,22,2001,1.5
06,23,2001,0.0
06,24,2001,0.0
06,25,2001,0.0
06,26,2001,0.7
06,27,2001,17.0
06,28,2001,0.4
06,29,2001,0.0
06,30,2001,0.0
07,01,2001,4.3
07,02,2001,0.5
07,03,2001,0.5
07,04,2001,16.0
07,05,2001,9.5
07,06,2001,4.0
07,07,2001,8.3
07,08,2001,3.0
07,09,2001,0.5
07,10,2001,0.0
07,11,2001,0.0
07,12,2001,0.0
07,13,2001,9.0
07,14,2001,54.6
07,15,2001,0.0
07,16,2001,0.0
07,17,2001,2.5
07,18,2001,9.5
07,19,2001,0.0
07,20,2001,0.0
07,21,2001,0.0
07,22,2001,0.0
07,23,2001,1.0
07,24,2001,0.3
07,25,2001,0.0
07,26,2001,2.5
07,27,2001,0.0
07,28,2001,10.0
07,29,2001,0.3
07,30,2001,0.0
07,31,2001,1.0
08,01,2001,29.5
08,02,2001,29.7
08,03,2001,0.0
08,04,2001,0.0
08,05,2001,0.0
08,06,2001,0.0
08,07,2001,0.0
08,08,2001,0.5
08,09,2001,23.8
08,10,2001,0.5
08,11,2001,17.0
08,12,2001,47.0
08,13,2001,10.2
08,14,2001,19.5
08,15,2001,0.0
08,16,2001,0.0
08,17,2001,11.5
08,18,2001,2.2
08,19,2001,2.0
08,20,2001,0.0
08,21,2001,4.3
08,22,2001,22.7
08,23,2001,28.0
08,24,2001,0.0
08,25,2001,21.5
08,26,2001,0.0
08,27,2001,0.0
08,28,2001,0.0
08,29,2001,0.0
08,30,2001,0.0
08,31,2001,0.0
09,01,2001,0.0
09,02,2001,1.0
09,03,2001,3.0
09,04,2001,0.0
09,05,2001,3.0
09,06,2001,0.0
09,07,2001,6.4
09,08,2001,0.0
09,09,2001,11.5
09,10,2001,0.0
09,11,2001,0.0
09,12,2001,1.3
09,13,2001,0.0
09,14,2001,0.0
09,15,2001,15.0
09,16,2001,2.8
09,17,2001,12.0
09,18,2001,0.0
09,19,2001,0.0
09,20,2001,0.0
09,21,2001,1.5
09,22,2001,2.0
09,23,2001,0.0
09,24,2001,0.0
09,25,2001,7.1
09,26,2001,6.3
09,27,2001,0.0
09,28,2001,0.0
09,29,2001,0.0
09,30,2001,0.0
10,01,2001,0.0
10,02,2001,0.0
10,03,2001,0.0
10,04,2001,0.0
10,05,2001,0.0
10,06,2001,0.0
10,07,2001,0.0
10,08,2001,4.5
10,09,2001,1.0
10,10,2001,0.0
10,11,2001,0.0
10,12,2001,0.0
10,13,2001,0.0
10,14,2001,4.2
10,15,2001,12.5
10,16,2001,5.5
10,17,2001,6.4
10,18,2001,0.0
10,19,2001,0.0
10,20,2001,11.3
10,21,2001,0.5
10,22,2001,0.0
10,23,2001,5.5
10,24,2001,0.0
10,25,2001,0.0
10,26,2001,12.5
10,27,2001,1.0
10,28,2001,0.0
10,29,2001,2.0
10,30,2001,0.0
10,31,2001,0.0
11,01,2001,0.3
11,02,2001,22.0
11,03,2001,12.5
11,04,2001,0.0
11,05,2001,0.0
11,06,2001,0.0
11,07,2001,0.0
11,08,2001,0.0
11,09,2001,0.0
11,10,2001,0.0
11,11,2001,0.0
11,12,2001,0.0
11,13,2001,0.0
11,14,2001,0.0
11,15,2001,0.0
11,16,2001,0.0
11,17,2001,0.0
11,18,2001,0.0
11,19,2001,4.0
11,20,2001,0.0
11,21,2001,0.0
11,22,2001,0.0
11,23,2001,0.0
11,24,2001,0.0
11,25,2001,0.0
11,26,2001,0.0
11,27,2001,0.0
11,28,2001,0.0
11,29,2001,0.0
11,30,2001,0.0
12,01,2001,0.0
12,02,2001,5.0
12,03,2001,0.0
12,04,2001,0.0
12,05,2001,0.0
12,06,2001,0.0
12,07,2001,0.0
12,08,2001,0.0
12,09,2001,0.0
12,10,2001,0.5
12,11,2001,0.0
12,12,2001,0.0
12,13,2001,0.0
12,14,2001,0.0
12,15,2001,0.5
12,16,2001,0.0
12,17,2001,105.3
12,18,2001,4.0
12,19,2001,5.6
12,20,2001,0.0
12,21,2001,0.0
12,22,2001,0.0
12,23,2001,0.0
12,24,2001,0.0
12,25,2001,6.0
12,26,2001,3.0
12,27,2001,0.0
12,28,2001,0.0
12,29,2001,0.0
12,30,2001,8.5
12,31,2001,0.0
01,01,2002,0.0
01,02,2002,0.0
01,03,2002,0.0
01,04,2002,0.0
01,05,2002,0.0
01,06,2002,0.0
01,07,2002,0.0
01,08,2002,0.0
01,09,2002,0.0
01,10,2002,0.0
01,11,2002,0.0
01,12,2002,0.0
01,13,2002,0.0
01,14,2002,0.0
01,15,2002,0.0
01,16,2002,0.0
01,17,2002,0.3
01,18,2002,0.0
01,19,2002,0.0
01,20,2002,0.0
01,21,2002,0.0
01,22,2002,0.0
01,23,2002,0.0
01,24,2002,0.0
01,25,2002,0.3
01,26,2002,0.0
01,27,2002,0.0
01,28,2002,0.0
01,29,2002,0.0
01,30,2002,0.0
01,31,2002,0.0
02,01,2002,4.5
02,02,2002,0.0
02,03,2002,0.0
02,04,2002,0.0
02,05,2002,0.0
02,06,2002,0.0
02,07,2002,20.0
02,08,2002,3.5
02,09,2002,2.6
02,10,2002,30.0
02,11,2002,6.0
02,12,2002,0.9
02,13,2002,0.4
02,14,2002,0.0
02,15,2002,33.8
02,16,2002,0.0
02,17,2002,0.0
02,18,2002,0.0
02,19,2002,0.0
02,20,2002,0.0
02,21,2002,4.8
02,22,2002,0.3
02,23,2002,0.0
02,24,2002,0.0
02,25,2002,0.0
02,26,2002,0.0
02,27,2002,0.0
02,28,2002,0.0
03,01,2002,0.0
03,02,2002,0.0
03,03,2002,1.0
03,04,2002,0.0
03,05,2002,0.0
03,06,2002,0.0
03,07,2002,0.0
03,08,2002,0.0
03,09,2002,0.0
03,10,2002,0.0
03,11,2002,0.0
03,12,2002,0.0
03,13,2002,0.0
03,14,2002,0.0
03,15,2002,0.0
03,16,2002,0.0
03,17,2002,0.0
03,18,2002,0.0
03,19,2002,0.0
03,20,2002,0.0
03,21,2002,2.8
03,22,2002,0.0
03,23,2002,0.0
03,24,2002,0.0
03,25,2002,0.0
03,26,2002,0.0
03,27,2002,0.0
03,28,2002,0.0
03,29,2002,0.0
03,30,2002,0.0
03,31,2002,0.0
04,01,2002,0.0
04,02,2002,0.0
04,03,2002,0.0
04,04,2002,0.0
04,05,2002,0.0
04,06,2002,0.0
04,07,2002,0.0
04,08,2002,0.0
04,09,2002,0.0
04,10,2002,19.7
04,11,2002,0.3
04,12,2002,0.0
04,13,2002,0.0
04,14,2002,0.0
04,15,2002,0.0
04,16,2002,0.0
04,17,2002,0.0
04,18,2002,0.0
04,19,2002,0.0
04,20,2002,0.0
04,21,2002,0.0
04,22,2002,0.0
04,23,2002,0.0
04,24,2002,0.0
04,25,2002,0.0
04,26,2002,0.0
04,27,2002,0.0
04,28,2002,0.0
04,29,2002,0.0
04,30,2002,0.0
05,01,2002,0.0
05,02,2002,0.0
05,03,2002,0.0
05,04,2002,0.0
05,05,2002,0.0
05,06,2002,0.0
05,07,2002,0.5
05,08,2002,0.0
05,09,2002,0.0
05,10,2002,0.0
05,11,2002,0.0
05,12,2002,0.0
05,13,2002,0.0
05,14,2002,46.0
05,15,2002,7.0
05,16,2002,0.0
05,17,2002,0.0
05,18,2002,8.0
05,19,2002,0.0
05,20,2002,22.5
05,21,2002,0.0
05,22,2002,17.0
05,23,2002,0.0
05,24,2002,0.0
05,25,2002,0.0
05,26,2002,0.0
05,27,2002,0.0
05,28,2002,0.2
05,29,2002,0.0
05,30,2002,0.0
05,31,2002,0.0
06,01,2002,0.0
06,02,2002,0.3
06,03,2002,5.5
06,04,2002,0.5
06,05,2002,23.5
06,06,2002,1.0
06,07,2002,1.0
06,08,2002,0.5
06,09,2002,0.0
06,10,2002,0.0
06,11,2002,0.0
06,12,2002,12.0
06,13,2002,0.0
06,14,2002,0.0
06,15,2002,42.5
06,16,2002,2.0
06,17,2002,42.0
06,18,2002,1.8
06,19,2002,1.0
06,20,2002,9.3
06,21,2002,0.5
06,22,2002,0.3
06,23,2002,0.3
06,24,2002,7.1
06,25,2002,0.0
06,26,2002,0.0
06,27,2002,0.0
06,28,2002,0.0
06,29,2002,0.0
06,30,2002,0.0
07,01,2002,0.0
07,02,2002,0.0
07,03,2002,0.0
07,04,2002,0.0
07,05,2002,0.0
07,06,2002,1.5
07,07,2002,17.0
07,08,2002,15.0
07,09,2002,0.0
07,10,2002,0.2
07,11,2002,2.5
07,12,2002,0.0
07,13,2002,0.0
07,14,2002,0.0
07,15,2002,0.0
07,16,2002,0.0
07,17,2002,0.0
07,18,2002,0.0
07,19,2002,0.0
07,20,2002,7.0
07,21,2002,3.0
07,22,2002,0.0
07,23,2002,0.0
07,24,2002,34.0
07,25,2002,0.0
07,26,2002,0.0
07,27,2002,0.0
07,28,2002,0.0
07,29,2002,0.0
07,30,2002,0.0
07,31,2002,0.0
08,01,2002,0.0
08,02,2002,0.0
08,03,2002,0.0
08,04,2002,0.0
08,05,2002,0.0
08,06,2002,0.0
08,07,2002,1.5
08,08,2002,26.0
08,09,2002,6.0
08,10,2002,1.5
08,11,2002,0.0
08,12,2002,0.2
08,13,2002,0.0
08,14,2002,0.0
08,15,2002,0.0
08,16,2002,0.0
08,17,2002,0.0
08,18,2002,10.0
08,19,2002,2.0
08,20,2002,3.0
08,21,2002,0.0
08,22,2002,0.0
08,23,2002,21.0
08,24,2002,0.0
08,25,2002,13.0
08,26,2002,0.0
08,27,2002,1.5
08,28,2002,10.5
08,29,2002,0.0
08,30,2002,0.0
08,31,2002,10.5
09,01,2002,43.8
09,02,2002,1.0
09,03,2002,0.5
09,04,2002,3.5
09,05,2002,6.5
09,06,2002,40.0
09,07,2002,0.5
09,08,2002,16.7
09,09,2002,0.0
09,10,2002,29.8
09,11,2002,11.0
09,12,2002,0.0
09,13,2002,0.0
09,14,2002,2.0
09,15,2002,2.0
09,16,2002,0.0
09,17,2002,0.0
09,18,2002,0.0
09,19,2002,0.0
09,20,2002,1.8
09,21,2002,43.0
09,22,2002,72.5
09,23,2002,51.0
09,24,2002,103.5
09,25,2002,1.5
09,26,2002,13.2
09,27,2002,0.0
09,28,2002,17.8
09,29,2002,0.2
09,30,2002,0.0
10,01,2002,2.0
10,02,2002,8.0
10,03,2002,0.0
10,04,2002,0.0
10,05,2002,33.8
10,06,2002,5.0
10,07,2002,39.0
10,08,2002,0.0
10,09,2002,0.0
10,10,2002,0.0
10,11,2002,0.0
10,12,2002,0.0
10,13,2002,9.7
10,14,2002,0.0
10,15,2002,1.0
10,16,2002,0.0
10,17,2002,0.0
10,18,2002,0.0
10,19,2002,0.0
10,20,2002,0.0
10,21,2002,0.2
10,22,2002,0.0
10,23,2002,0.0
10,24,2002,0.0
10,25,2002,0.0
10,26,2002,0.0
10,27,2002,0.0
10,28,2002,0.0
10,29,2002,0.0
10,30,2002,1.8
10,31,2002,0.0
11,01,2002,0.0
11,02,2002,0.0
11,03,2002,0.0
11,04,2002,0.0
11,05,2002,0.0
11,06,2002,0.0
11,07,2002,0.0
11,08,2002,0.0
11,09,2002,0.0
11,10,2002,0.0
11,11,2002,0.0
11,12,2002,0.0
11,13,2002,0.0
11,14,2002,0.0
11,15,2002,0.0
11,16,2002,0.0
11,17,2002,0.0
11,18,2002,0.0
11,19,2002,0.0
11,20,2002,0.0
11,21,2002,0.0
11,22,2002,0.0
11,23,2002,0.0
11,24,2002,0.0
11,25,2002,0.0
11,26,2002,0.0
11,27,2002,0.0
11,28,2002,0.0
11,29,2002,0.0
11,30,2002,0.0
12,01,2002,0.0
12,02,2002,0.0
12,03,2002,0.0
12,04,2002,1.5
12,05,2002,20.7
12,06,2002,4.0
12,07,2002,0.0
12,08,2002,1.5
12,09,2002,0.2
12,10,2002,0.0
12,11,2002,0.0
12,12,2002,8.3
12,13,2002,0.0
12,14,2002,0.0
12,15,2002,0.0
12,16,2002,0.0
12,17,2002,0.0
12,18,2002,0.0
12,19,2002,0.0
12,20,2002,2.0
12,21,2002,0.0
12,22,2002,0.0
12,23,2002,0.0
12,24,2002,0.0
12,25,2002,0.0
12,26,2002,0.0
12,27,2002,1.0
12,28,2002,0.0
12,29,2002,0.0
12,30,2002,0.0
12,31,2002,0.0
01,01,2003,0.0
01,02,2003,20.0
01,03,2003,0.0
01,04,2003,0.0
01,05,2003,0.0
01,06,2003,0.0
01,07,2003,0.0
01,08,2003,0.0
01,09,2003,0.0
01,10,2003,0.0
01,11,2003,0.0
01,12,2003,0.0
01,13,2003,0.0
01,14,2003,0.0
01,15,2003,0.0
01,16,2003,0.0
01,17,2003,0.0
01,18,2003,0.0
01,19,2003,0.0
01,20,2003,0.0
01,21,2003,0.0
01,22,2003,0.0
01,23,2003,0.0
01,24,2003,0.0
01,25,2003,0.0
01,26,2003,0.0
01,27,2003,0.0
01,28,2003,0.0
01,29,2003,0.0
01,30,2003,0.0
01,31,2003,0.0
02,01,2003,0.0
02,02,2003,0.0
02,03,2003,0.0
02,04,2003,0.0
02,05,2003,0.0
02,06,2003,0.0
02,07,2003,0.0
02,08,2003,0.0
02,09,2003,0.0
02,10,2003,0.0
02,11,2003,0.0
02,12,2003,0.0
02,13,2003,0.0
02,14,2003,0.0
02,15,2003,0.0
02,16,2003,0.0
02,17,2003,0.0
02,18,2003,0.0
02,19,2003,0.0
02,20,2003,0.0
02,21,2003,0.0
02,22,2003,0.0
02,23,2003,0.0
02,24,2003,0.0
02,25,2003,0.0
02,26,2003,0.0
02,27,2003,0.0
02,28,2003,0.0
03,01,2003,0.0
03,02,2003,0.0
03,03,2003,0.0
03,04,2003,0.0
03,05,2003,0.0
03,06,2003,0.0
03,07,2003,0.0
03,08,2003,0.0
03,09,2003,0.0
03,10,2003,0.0
03,11,2003,0.0
03,12,2003,0.0
03,13,2003,0.0
03,14,2003,0.0
03,15,2003,4.3
03,16,2003,0.0
03,17,2003,0.0
03,18,2003,0.0
03,19,2003,0.0
03,20,2003,0.0
03,21,2003,0.0
03,22,2003,0.0
03,23,2003,0.0
03,24,2003,0.0
03,25,2003,0.0
03,26,2003,1.0
03,27,2003,0.0
03,28,2003,0.0
03,29,2003,4.0
03,30,2003,0.0
03,31,2003,0.0
04,01,2003,0.0
04,02,2003,0.0
04,03,2003,0.0
04,04,2003,0.0
04,05,2003,0.0
04,06,2003,0.0
04,07,2003,0.0
04,08,2003,0.0
04,09,2003,7.0
04,10,2003,0.0
04,11,2003,0.0
04,12,2003,0.0
04,13,2003,0.0
04,14,2003,0.0
04,15,2003,0.0
04,16,2003,0.0
04,17,2003,0.0
04,18,2003,0.0
04,19,2003,0.0
04,20,2003,0.0
04,21,2003,0.0
04,22,2003,0.0
04,23,2003,0.0
04,24,2003,0.0
04,25,2003,0.0
04,26,2003,0.0
04,27,2003,0.0
04,28,2003,0.0
04,29,2003,48.0
04,30,2003,0.0
05,01,2003,0.0
05,02,2003,0.0
05,03,2003,0.0
05,04,2003,0.0
05,05,2003,0.0
05,06,2003,0.0
05,07,2003,0.0
05,08,2003,0.0
05,09,2003,0.0
05,10,2003,0.0
05,11,2003,0.0
05,12,2003,0.0
05,13,2003,0.0
05,14,2003,0.0
05,15,2003,0.0
05,16,2003,0.0
05,17,2003,0.0
05,18,2003,0.0
05,19,2003,0.0
05,20,2003,6.5
05,21,2003,2.4
05,22,2003,0.0
05,23,2003,5.5
05,24,2003,0.0
05,25,2003,6.0
05,26,2003,0.0
05,27,2003,26.5
05,28,2003,0.0
05,29,2003,10.0
05,30,2003,0.0
05,31,2003,3.0
06,01,2003,6.8
06,02,2003,7.0
06,03,2003,0.0
06,04,2003,0.0
06,05,2003,0.0
06,06,2003,0.0
06,07,2003,2.5
06,08,2003,3.3
06,09,2003,0.0
06,10,2003,0.5
06,11,2003,0.0
06,12,2003,0.0
06,13,2003,0.0
06,14,2003,0.0
06,15,2003,21.5
06,16,2003,2.0
06,17,2003,24.5
06,18,2003,0.5
06,19,2003,0.0
06,20,2003,0.0
06,21,2003,3.2
06,22,2003,0.0
06,23,2003,7.5
06,24,2003,0.0
06,25,2003,0.0
06,26,2003,103.0
06,27,2003,12.3
06,28,2003,24.7
06,29,2003,42.4
06,30,2003,0.5
07,01,2003,0.0
07,02,2003,0.0
07,03,2003,0.0
07,04,2003,0.0
07,05,2003,0.0
07,06,2003,3.0
07,07,2003,0.2
07,08,2003,2.5
07,09,2003,2.7
07,10,2003,0.0
07,11,2003,0.2
07,12,2003,15.3
07,13,2003,0.0
07,14,2003,0.0
07,15,2003,2.0
07,16,2003,0.0
07,17,2003,0.0
07,18,2003,7.5
07,19,2003,4.5
07,20,2003,9.0
07,21,2003,0.0
07,22,2003,0.0
07,23,2003,4.5
07,24,2003,1.0
07,25,2003,13.0
07,26,2003,0.4
07,27,2003,0.0
07,28,2003,0.0
07,29,2003,0.0
07,30,2003,0.0
07,31,2003,0.0
08,01,2003,14.5
08,02,2003,0.0
08,03,2003,0.5
08,04,2003,0.0
08,05,2003,0.0
08,06,2003,0.0
08,07,2003,27.0
08,08,2003,0.0
08,09,2003,0.0
08,10,2003,0.0
08,11,2003,0.0
08,12,2003,8.6
08,13,2003,0.0
08,14,2003,3.4
08,15,2003,0.0
08,16,2003,0.0
08,17,2003,0.0
08,18,2003,1.5
08,19,2003,3.1
08,20,2003,9.6
08,21,2003,0.0
08,22,2003,0.3
08,23,2003,0.0
08,24,2003,0.0
08,25,2003,13.7
08,26,2003,null
08,27,2003,24.3
08,28,2003,18.0
08,29,2003,92.0
08,30,2003,0.0
08,31,2003,22.2
09,01,2003,3.0
09,02,2003,1.8
09,03,2003,0.0
09,04,2003,4.8
09,05,2003,0.0
09,06,2003,0.0
09,07,2003,0.0
09,08,2003,0.0
09,09,2003,0.0
09,10,2003,16.2
09,11,2003,0.0
09,12,2003,3.8
09,13,2003,0.5
09,14,2003,0.0
09,15,2003,0.0
09,16,2003,6.2
09,17,2003,0.0
09,18,2003,1.5
09,19,2003,0.0
09,20,2003,0.0
09,21,2003,0.0
09,22,2003,0.0
09,23,2003,0.0
09,24,2003,14.9
09,25,2003,0.0
09,26,2003,0.0
09,27,2003,0.0
09,28,2003,4.5
09,29,2003,17.0
09,30,2003,3.7
10,01,2003,0.3
10,02,2003,18.0
10,03,2003,26.6
10,04,2003,0.0
10,05,2003,0.0
10,06,2003,18.5
10,07,2003,2.1
10,08,2003,0.0
10,09,2003,0.0
10,10,2003,0.0
10,11,2003,0.0
10,12,2003,0.0
10,13,2003,0.0
10,14,2003,1.2
10,15,2003,0.0
10,16,2003,0.0
10,17,2003,0.0
10,18,2003,0.0
10,19,2003,0.0
10,20,2003,0.0
10,21,2003,0.0
10,22,2003,0.0
10,23,2003,0.0
10,24,2003,0.0
10,25,2003,0.0
10,26,2003,5.8
10,27,2003,0.5
10,28,2003,0.0
10,29,2003,0.0
10,30,2003,0.0
10,31,2003,0.0
11,01,2003,1.0
11,02,2003,3.2
11,03,2003,0.0
11,04,2003,0.0
11,05,2003,0.0
11,06,2003,64.1
11,07,2003,19.7
11,08,2003,8.0
11,09,2003,30.2
11,10,2003,0.0
11,11,2003,0.0
11,12,2003,0.3
11,13,2003,0.0
11,14,2003,0.0
11,15,2003,0.0
11,16,2003,0.0
11,17,2003,0.0
11,18,2003,1.4
11,19,2003,12.0
11,20,2003,0.0
11,21,2003,0.0
11,22,2003,0.0
11,23,2003,0.0
11,24,2003,0.2
11,25,2003,0.0
11,26,2003,0.0
11,27,2003,0.0
11,28,2003,0.0
11,29,2003,0.0
11,30,2003,0.0
12,01,2003,0.0
12,02,2003,0.0
12,03,2003,0.0
12,04,2003,0.0
12,05,2003,0.0
12,06,2003,0.0
12,07,2003,0.0
12,08,2003,0.0
12,09,2003,0.0
12,10,2003,0.0
12,11,2003,0.0
12,12,2003,0.0
12,13,2003,0.0
12,14,2003,0.0
12,15,2003,0.0
12,16,2003,4.4
12,17,2003,0.0
12,18,2003,0.0
12,19,2003,0.0
12,20,2003,0.0
12,21,2003,0.0
12,22,2003,0.0
12,23,2003,0.0
12,24,2003,0.0
12,25,2003,0.0
12,26,2003,0.0
12,27,2003,0.0
12,28,2003,0.0
12,29,2003,3.5
12,30,2003,0.0
12,31,2003,0.3
01,01,2004,0.0
01,02,2004,0.0
01,03,2004,0.0
01,04,2004,0.0
01,05,2004,0.0
01,06,2004,0.0
01,07,2004,0.0
01,08,2004,0.0
01,09,2004,0.0
01,10,2004,0.0
01,11,2004,0.0
01,12,2004,0.0
01,13,2004,0.0
01,14,2004,0.0
01,15,2004,0.0
01,16,2004,0.0
01,17,2004,0.0
01,18,2004,0.0
01,19,2004,0.0
01,20,2004,0.0
01,21,2004,0.0
01,22,2004,0.0
01,23,2004,0.0
01,24,2004,0.0
01,25,2004,0.0
01,26,2004,0.0
01,27,2004,0.0
01,28,2004,0.0
01,29,2004,0.0
01,30,2004,0.0
01,31,2004,0.0
02,01,2004,0.0
02,02,2004,49.9
02,03,2004,18.3
02,04,2004,0.0
02,05,2004,0.0
02,06,2004,19.6
02,07,2004,2.2
02,08,2004,0.0
02,09,2004,0.0
02,10,2004,0.0
02,11,2004,0.0
02,12,2004,0.0
02,13,2004,43.5
02,14,2004,0.0
02,15,2004,0.0
02,16,2004,0.0
02,17,2004,0.0
02,18,2004,0.0
02,19,2004,0.0
02,20,2004,0.0
02,21,2004,0.0
02,22,2004,0.0
02,23,2004,0.0
02,24,2004,0.0
02,25,2004,0.0
02,26,2004,0.0
02,27,2004,0.0
02,28,2004,0.0
02,29,2004,0.0
03,01,2004,0.0
03,02,2004,0.0
03,03,2004,0.0
03,04,2004,0.0
03,05,2004,0.0
03,06,2004,0.0
03,07,2004,0.0
03,08,2004,0.0
03,09,2004,0.0
03,10,2004,0.0
03,11,2004,0.0
03,12,2004,0.5
03,13,2004,0.0
03,14,2004,0.0
03,15,2004,0.0
03,16,2004,0.0
03,17,2004,0.0
03,18,2004,0.0
03,19,2004,10.3
03,20,2004,0.0
03,21,2004,0.0
03,22,2004,0.0
03,23,2004,0.0
03,24,2004,0.0
03,25,2004,0.0
03,26,2004,0.0
03,27,2004,0.0
03,28,2004,0.0
03,29,2004,0.0
03,30,2004,0.0
03,31,2004,0.0
04,01,2004,0.0
04,02,2004,0.0
04,03,2004,0.0
04,04,2004,0.0
04,05,2004,0.0
04,06,2004,0.0
04,07,2004,0.0
04,08,2004,0.0
04,09,2004,0.0
04,10,2004,0.0
04,11,2004,0.0
04,12,2004,0.0
04,13,2004,0.0
04,14,2004,0.0
04,15,2004,0.0
04,16,2004,0.0
04,17,2004,0.0
04,18,2004,0.0
04,19,2004,2.7
04,20,2004,0.0
04,21,2004,0.0
04,22,2004,0.0
04,23,2004,0.0
04,24,2004,0.0
04,25,2004,0.0
04,26,2004,11.2
04,27,2004,0.0
04,28,2004,0.0
04,29,2004,0.0
04,30,2004,0.0
05,01,2004,0.0
05,02,2004,7.8
05,03,2004,0.0
05,04,2004,0.0
05,05,2004,40.5
05,06,2004,0.5
05,07,2004,1.2
05,08,2004,0.0
05,09,2004,18.4
05,10,2004,0.2
05,11,2004,0.0
05,12,2004,0.0
05,13,2004,0.0
05,14,2004,0.0
05,15,2004,9.5
05,16,2004,6.6
05,17,2004,3.1
05,18,2004,6.0
05,19,2004,0.0
05,20,2004,0.0
05,21,2004,0.0
05,22,2004,0.0
05,23,2004,0.0
05,24,2004,0.0
05,25,2004,0.0
05,26,2004,0.0
05,27,2004,0.0
05,28,2004,0.0
05,29,2004,0.0
05,30,2004,0.0
05,31,2004,0.0
06,01,2004,0.0
06,02,2004,0.0
06,03,2004,0.0
06,04,2004,0.0
06,05,2004,0.0
06,06,2004,11.0
06,07,2004,0.0
06,08,2004,0.0
06,09,2004,0.0
06,10,2004,1.6
06,11,2004,0.0
06,12,2004,39.6
06,13,2004,0.0
06,14,2004,0.0
06,15,2004,0.0
06,16,2004,0.0
06,17,2004,0.0
06,18,2004,9.0
06,19,2004,0.0
06,20,2004,0.0
06,21,2004,0.0
06,22,2004,0.0
06,23,2004,0.0
06,24,2004,0.0
06,25,2004,0.0
06,26,2004,4.6
06,27,2004,0.0
06,28,2004,0.0
06,29,2004,0.0
06,30,2004,0.0
07,01,2004,0.0
07,02,2004,0.0
07,03,2004,0.0
07,04,2004,0.0
07,05,2004,35.7
07,06,2004,2.5
07,07,2004,2.9
07,08,2004,1.0
07,09,2004,3.8
07,10,2004,5.0
07,11,2004,0.0
07,12,2004,0.0
07,13,2004,0.0
07,14,2004,12.6
07,15,2004,4.5
07,16,2004,14.3
07,17,2004,0.2
07,18,2004,3.5
07,19,2004,0.0
07,20,2004,0.0
07,21,2004,0.0
07,22,2004,0.0
07,23,2004,0.0
07,24,2004,0.0
07,25,2004,0.0
07,26,2004,0.5
07,27,2004,0.0
07,28,2004,7.5
07,29,2004,0.0
07,30,2004,0.0
07,31,2004,13.6
08,01,2004,0.2
08,02,2004,11.7
08,03,2004,22.5
08,04,2004,0.0
08,05,2004,0.0
08,06,2004,0.0
08,07,2004,0.0
08,08,2004,0.0
08,09,2004,8.4
08,10,2004,3.3
08,11,2004,0.0
08,12,2004,21.0
08,13,2004,32.0
08,14,2004,7.0
08,15,2004,0.8
08,16,2004,0.0
08,17,2004,6.9
08,18,2004,1.2
08,19,2004,0.0
08,20,2004,0.0
08,21,2004,0.0
08,22,2004,0.0
08,23,2004,1.0
08,24,2004,0.0
08,25,2004,2.0
08,26,2004,3.0
08,27,2004,0.0
08,28,2004,0.0
08,29,2004,0.0
08,30,2004,0.0
08,31,2004,0.0
09,01,2004,0.0
09,02,2004,0.0
09,03,2004,4.1
09,04,2004,0.0
09,05,2004,0.0
09,06,2004,0.0
09,07,2004,0.0
09,08,2004,0.0
09,09,2004,0.2
09,10,2004,0.0
09,11,2004,4.5
09,12,2004,8.0
09,13,2004,9.0
09,14,2004,7.0
09,15,2004,0.0
09,16,2004,0.0
09,17,2004,0.0
09,18,2004,14.4
09,19,2004,0.0
09,20,2004,32.5
09,21,2004,0.0
09,22,2004,0.0
09,23,2004,8.7
09,24,2004,0.0
09,25,2004,0.0
09,26,2004,0.0
09,27,2004,0.0
09,28,2004,49.2
09,29,2004,10.1
09,30,2004,2.5
10,01,2004,10.5
10,02,2004,7.5
10,03,2004,8.8
10,04,2004,0.6
10,05,2004,2.2
10,06,2004,0.2
10,07,2004,0.0
10,08,2004,0.0
10,09,2004,0.5
10,10,2004,0.0
10,11,2004,9.7
10,12,2004,9.8
10,13,2004,0.0
10,14,2004,68.5
10,15,2004,0.0
10,16,2004,0.0
10,17,2004,0.0
10,18,2004,0.0
10,19,2004,0.0
10,20,2004,0.0
10,21,2004,0.0
10,22,2004,0.0
10,23,2004,0.0
10,24,2004,0.0
10,25,2004,0.0
10,26,2004,0.0
10,27,2004,0.0
10,28,2004,0.0
10,29,2004,0.0
10,30,2004,0.0
10,31,2004,0.0
11,01,2004,0.0
11,02,2004,0.0
11,03,2004,1.0
11,04,2004,13.1
11,05,2004,0.0
11,06,2004,0.0
11,07,2004,0.0
11,08,2004,0.0
11,09,2004,0.0
11,10,2004,0.0
11,11,2004,2.0
11,12,2004,5.0
11,13,2004,0.0
11,14,2004,0.0
11,15,2004,0.0
11,16,2004,0.0
11,17,2004,0.0
11,18,2004,0.0
11,19,2004,0.0
11,20,2004,0.0
11,21,2004,0.0
11,22,2004,0.0
11,23,2004,0.0
11,24,2004,0.0
11,25,2004,0.0
11,26,2004,0.0
11,27,2004,0.0
11,28,2004,0.0
11,29,2004,0.0
11,30,2004,0.0
12,01,2004,0.0
12,02,2004,0.0
12,03,2004,0.0
12,04,2004,0.0
12,05,2004,0.0
12,06,2004,0.0
12,07,2004,0.0
12,08,2004,0.0
12,09,2004,0.0
12,10,2004,0.0
12,11,2004,0.0
12,12,2004,0.0
12,13,2004,0.0
12,14,2004,0.0
12,15,2004,0.0
12,16,2004,0.0
12,17,2004,0.0
12,18,2004,0.0
12,19,2004,3.0
12,20,2004,0.0
12,21,2004,0.0
12,22,2004,0.0
12,23,2004,0.0
12,24,2004,0.2
12,25,2004,0.0
12,26,2004,0.0
12,27,2004,0.0
12,28,2004,0.0
12,29,2004,0.0
12,30,2004,0.0
12,31,2004,0.4
01,01,2005,0.0
01,02,2005,0.0
01,03,2005,0.0
01,04,2005,0.0
01,05,2005,0.0
01,06,2005,0.0
01,07,2005,0.0
01,08,2005,0.0
01,09,2005,0.0
01,10,2005,0.0
01,11,2005,0.0
01,12,2005,0.0
01,13,2005,0.0
01,14,2005,0.0
01,15,2005,0.0
01,16,2005,0.0
01,17,2005,0.0
01,18,2005,0.0
01,19,2005,0.0
01,20,2005,0.0
01,21,2005,0.0
01,22,2005,0.0
01,23,2005,0.0
01,24,2005,0.0
01,25,2005,0.0
01,26,2005,0.0
01,27,2005,0.0
01,28,2005,0.0
01,29,2005,0.0
01,30,2005,0.0
01,31,2005,0.0
02,01,2005,0.0
02,02,2005,0.0
02,03,2005,0.0
02,04,2005,0.0
02,05,2005,0.0
02,06,2005,0.0
02,07,2005,0.0
02,08,2005,0.0
02,09,2005,0.0
02,10,2005,0.0
02,11,2005,0.0
02,12,2005,0.0
02,13,2005,0.0
02,14,2005,0.0
02,15,2005,0.0
02,16,2005,0.0
02,17,2005,0.0
02,18,2005,0.0
02,19,2005,0.0
02,20,2005,0.0
02,21,2005,0.0
02,22,2005,0.0
02,23,2005,0.0
02,24,2005,0.0
02,25,2005,0.0
02,26,2005,0.0
02,27,2005,0.0
02,28,2005,0.0
03,01,2005,0.0
03,02,2005,0.0
03,03,2005,0.0
03,04,2005,0.0
03,05,2005,0.0
03,06,2005,0.0
03,07,2005,0.0
03,08,2005,0.0
03,09,2005,0.0
03,10,2005,0.0
03,11,2005,0.0
03,12,2005,0.0
03,13,2005,0.0
03,14,2005,0.0
03,15,2005,0.0
03,16,2005,0.0
03,17,2005,0.0
03,18,2005,0.0
03,19,2005,0.0
03,20,2005,0.0
03,21,2005,0.0
03,22,2005,14.2
03,23,2005,0.0
03,24,2005,0.0
03,25,2005,0.0
03,26,2005,0.0
03,27,2005,1.5
03,28,2005,0.0
03,29,2005,0.0
03,30,2005,0.0
03,31,2005,0.0
04,01,2005,27.5
04,02,2005,0.0
04,03,2005,0.0
04,04,2005,0.0
04,05,2005,0.0
04,06,2005,0.0
04,07,2005,0.0
04,08,2005,0.0
04,09,2005,0.0
04,10,2005,0.0
04,11,2005,0.0
04,12,2005,6.5
04,13,2005,0.0
04,14,2005,0.0
04,15,2005,0.0
04,16,2005,0.0
04,17,2005,0.0
04,18,2005,0.0
04,19,2005,0.0
04,20,2005,0.0
04,21,2005,0.0
04,22,2005,0.0
04,23,2005,0.0
04,24,2005,0.0
04,25,2005,0.0
04,26,2005,0.0
04,27,2005,0.0
04,28,2005,0.0
04,29,2005,0.0
04,30,2005,0.0
05,01,2005,0.0
05,02,2005,0.0
05,03,2005,0.0
05,04,2005,10.5
05,05,2005,0.0
05,06,2005,0.0
05,07,2005,0.0
05,08,2005,0.0
05,09,2005,0.0
05,10,2005,0.0
05,11,2005,0.0
05,12,2005,0.0
05,13,2005,0.0
05,14,2005,0.0
05,15,2005,0.0
05,16,2005,0.2
05,17,2005,2.8
05,18,2005,0.0
05,19,2005,4.2
05,20,2005,0.0
05,21,2005,0.0
05,22,2005,5.1
05,23,2005,0.0
05,24,2005,0.0
05,25,2005,0.0
05,26,2005,0.0
05,27,2005,3.6
05,28,2005,0.0
05,29,2005,11.4
05,30,2005,34.6
05,31,2005,0.2
06,01,2005,0.0
06,02,2005,0.0
06,03,2005,0.0
06,04,2005,0.0
06,05,2005,0.0
06,06,2005,0.0
06,07,2005,0.0
06,08,2005,10.5
06,09,2005,2.0
06,10,2005,0.0
06,11,2005,0.0
06,12,2005,20.6
06,13,2005,12.5
06,14,2005,23.8
06,15,2005,8.0
06,16,2005,13.2
06,17,2005,14.8
06,18,2005,12.5
06,19,2005,0.0
06,20,2005,39.2
06,21,2005,3.1
06,22,2005,0.5
06,23,2005,23.6
06,24,2005,0.0
06,25,2005,0.0
06,26,2005,38.6
06,27,2005,0.0
06,28,2005,0.0
06,29,2005,19.2
06,30,2005,0.0
07,01,2005,0.0
07,02,2005,4.5
07,03,2005,20.5
07,04,2005,0.0
07,05,2005,6.6
07,06,2005,0.5
07,07,2005,0.0
07,08,2005,0.0
07,09,2005,0.0
07,10,2005,0.5
07,11,2005,9.0
07,12,2005,0.0
07,13,2005,4.4
07,14,2005,3.6
07,15,2005,0.0
07,16,2005,3.4
07,17,2005,23.0
07,18,2005,11.0
07,19,2005,3.2
07,20,2005,0.5
07,21,2005,10.5
07,22,2005,21.6
07,23,2005,0.2
07,24,2005,0.0
07,25,2005,3.8
07,26,2005,0.0
07,27,2005,0.0
07,28,2005,0.0
07,29,2005,0.0
07,30,2005,0.0
07,31,2005,0.0
08,01,2005,15.0
08,02,2005,56.3
08,03,2005,43.5
08,04,2005,14.0
08,05,2005,7.4
08,06,2005,0.0
08,07,2005,0.0
08,08,2005,0.0
08,09,2005,0.0
08,10,2005,0.0
08,11,2005,21.5
08,12,2005,19.1
08,13,2005,0.0
08,14,2005,0.0
08,15,2005,0.0
08,16,2005,34.8
08,17,2005,0.0
08,18,2005,0.0
08,19,2005,0.5
08,20,2005,2.5
08,21,2005,0.0
08,22,2005,0.0
08,23,2005,56.2
08,24,2005,3.5
08,25,2005,0.0
08,26,2005,1.1
08,27,2005,0.0
08,28,2005,0.5
08,29,2005,0.0
08,30,2005,0.0
08,31,2005,2.1
09,01,2005,1.3
09,02,2005,12.5
09,03,2005,12.0
09,04,2005,5.6
09,05,2005,0.5
09,06,2005,19.1
09,07,2005,0.0
09,08,2005,3.2
09,09,2005,0.0
09,10,2005,1.1
09,11,2005,21.7
09,12,2005,12.0
09,13,2005,15.2
09,14,2005,0.5
09,15,2005,0.0
09,16,2005,37.7
09,17,2005,1.3
09,18,2005,16.4
09,19,2005,39.8
09,20,2005,0.0
09,21,2005,4.5
09,22,2005,0.2
09,23,2005,0.0
09,24,2005,0.0
09,25,2005,0.0
09,26,2005,6.6
09,27,2005,0.0
09,28,2005,0.3
09,29,2005,11.9
09,30,2005,28.3
10,01,2005,1.8
10,02,2005,8.9
10,03,2005,20.8
10,04,2005,25.8
10,05,2005,9.6
10,06,2005,93.6
10,07,2005,0.3
10,08,2005,0.0
10,09,2005,0.0
10,10,2005,0.0
10,11,2005,0.0
10,12,2005,0.0
10,13,2005,4.3
10,14,2005,12.5
10,15,2005,0.0
10,16,2005,0.0
10,17,2005,0.0
10,18,2005,0.0
10,19,2005,0.0
10,20,2005,23.8
10,21,2005,112.7
10,22,2005,65.3
10,23,2005,0.0
10,24,2005,0.0
10,25,2005,0.0
10,26,2005,0.0
10,27,2005,0.0
10,28,2005,0.0
10,29,2005,0.0
10,30,2005,0.0
10,31,2005,0.0
11,01,2005,0.0
11,02,2005,0.0
11,03,2005,0.0
11,04,2005,0.0
11,05,2005,0.5
11,06,2005,5.3
11,07,2005,6.2
11,08,2005,46.2
11,09,2005,1.8
11,10,2005,0.0
11,11,2005,0.0
11,12,2005,0.0
11,13,2005,16.7
11,14,2005,0.0
11,15,2005,0.0
11,16,2005,2.5
11,17,2005,0.0
11,18,2005,0.0
11,19,2005,1.5
11,20,2005,0.0
11,21,2005,0.0
11,22,2005,0.0
11,23,2005,0.0
11,24,2005,0.0
11,25,2005,0.0
11,26,2005,0.0
11,27,2005,0.0
11,28,2005,0.0
11,29,2005,0.0
11,30,2005,0.8
12,01,2005,0.5
12,02,2005,0.0
12,03,2005,0.0
12,04,2005,0.0
12,05,2005,0.0
12,06,2005,0.0
12,07,2005,0.0
12,08,2005,0.0
12,09,2005,0.0
12,10,2005,0.0
12,11,2005,4.5
12,12,2005,0.0
12,13,2005,0.0
12,14,2005,0.0
12,15,2005,0.0
12,16,2005,0.0
12,17,2005,0.0
12,18,2005,0.0
12,19,2005,0.0
12,20,2005,0.0
12,21,2005,0.0
12,22,2005,0.0
12,23,2005,0.0
12,24,2005,0.0
12,25,2005,0.0
12,26,2005,0.0
12,27,2005,0.0
12,28,2005,0.0
12,29,2005,0.0
12,30,2005,0.0
12,31,2005,0.0
01,01,2006,0.0
01,02,2006,0.0
01,03,2006,0.0
01,04,2006,0.0
01,05,2006,0.0
01,06,2006,0.0
01,07,2006,0.0
01,08,2006,0.0
01,09,2006,0.0
01,10,2006,0.0
01,11,2006,0.0
01,12,2006,0.0
01,13,2006,0.0
01,14,2006,0.0
01,15,2006,0.0
01,16,2006,0.0
01,17,2006,0.0
01,18,2006,0.0
01,19,2006,0.0
01,20,2006,0.0
01,21,2006,0.0
01,22,2006,0.0
01,23,2006,3.7
01,24,2006,2.2
01,25,2006,0.0
01,26,2006,0.0
01,27,2006,0.0
01,28,2006,0.0
01,29,2006,0.0
01,30,2006,0.0
01,31,2006,0.0
02,01,2006,0.0
02,02,2006,0.0
02,03,2006,0.0
02,04,2006,0.0
02,05,2006,0.0
02,06,2006,0.0
02,07,2006,0.0
02,08,2006,0.0
02,09,2006,0.0
02,10,2006,0.0
02,11,2006,0.0
02,12,2006,0.0
02,13,2006,0.0
02,14,2006,0.0
02,15,2006,0.0
02,16,2006,0.0
02,17,2006,0.0
02,18,2006,0.0
02,19,2006,0.0
02,20,2006,0.0
02,21,2006,0.0
02,22,2006,0.0
02,23,2006,0.0
02,24,2006,0.0
02,25,2006,0.0
02,26,2006,0.2
02,27,2006,0.0
02,28,2006,0.0
03,01,2006,6.6
03,02,2006,0.3
03,03,2006,0.0
03,04,2006,0.0
03,05,2006,0.0
03,06,2006,0.0
03,07,2006,0.0
03,08,2006,0.0
03,09,2006,0.0
03,10,2006,0.0
03,11,2006,0.0
03,12,2006,0.0
03,13,2006,0.0
03,14,2006,0.0
03,15,2006,0.0
03,16,2006,0.0
03,17,2006,0.0
03,18,2006,0.0
03,19,2006,0.0
03,20,2006,0.0
03,21,2006,0.0
03,22,2006,0.0
03,23,2006,0.0
03,24,2006,0.0
03,25,2006,0.0
03,26,2006,0.0
03,27,2006,0.0
03,28,2006,0.0
03,29,2006,0.0
03,30,2006,19.3
03,31,2006,0.0
04,01,2006,0.0
04,02,2006,0.0
04,03,2006,0.0
04,04,2006,0.0
04,05,2006,0.0
04,06,2006,0.0
04,07,2006,0.0
04,08,2006,0.0
04,09,2006,0.0
04,10,2006,0.0
04,11,2006,0.0
04,12,2006,0.0
04,13,2006,0.0
04,14,2006,0.0
04,15,2006,0.0
04,16,2006,0.0
04,17,2006,0.0
04,18,2006,0.0
04,19,2006,0.0
04,20,2006,0.0
04,21,2006,0.0
04,22,2006,0.0
04,23,2006,0.0
04,24,2006,0.0
04,25,2006,0.0
04,26,2006,0.0
04,27,2006,0.0
04,28,2006,0.0
04,29,2006,0.0
04,30,2006,0.0
05,01,2006,0.0
05,02,2006,0.0
05,03,2006,0.0
05,04,2006,0.0
05,05,2006,0.0
05,06,2006,0.0
05,07,2006,0.0
05,08,2006,0.0
05,09,2006,0.0
05,10,2006,0.0
05,11,2006,0.0
05,12,2006,3.6
05,13,2006,0.0
05,14,2006,0.0
05,15,2006,17.0
05,16,2006,0.0
05,17,2006,0.0
05,18,2006,0.0
05,19,2006,0.0
05,20,2006,0.0
05,21,2006,23.9
05,22,2006,0.5
05,23,2006,17.5
05,24,2006,29.7
05,25,2006,0.0
05,26,2006,0.0
05,27,2006,0.0
05,28,2006,0.0
05,29,2006,0.0
05,30,2006,0.0
05,31,2006,0.0
06,01,2006,8.7
06,02,2006,1.5
06,03,2006,14.4
06,04,2006,0.5
06,05,2006,0.0
06,06,2006,0.5
06,07,2006,18.3
06,08,2006,17.5
06,09,2006,7.5
06,10,2006,0.0
06,11,2006,0.0
06,12,2006,0.0
06,13,2006,24.6
06,14,2006,7.1
06,15,2006,0.0
06,16,2006,0.0
06,17,2006,0.0
06,18,2006,0.0
06,19,2006,0.0
06,20,2006,0.0
06,21,2006,0.0
06,22,2006,0.0
06,23,2006,29.7
06,24,2006,1.5
06,25,2006,0.5
06,26,2006,1.0
06,27,2006,16.0
06,28,2006,0.0
06,29,2006,0.0
06,30,2006,15.5
07,01,2006,0.0
07,02,2006,0.0
07,03,2006,0.0
07,04,2006,0.0
07,05,2006,2.0
07,06,2006,0.0
07,07,2006,0.0
07,08,2006,0.0
07,09,2006,33.2
07,10,2006,12.9
07,11,2006,0.0
07,12,2006,0.0
07,13,2006,0.0
07,14,2006,0.3
07,15,2006,0.0
07,16,2006,0.2
07,17,2006,24.7
07,18,2006,2.4
07,19,2006,18.5
07,20,2006,3.5
07,21,2006,17.4
07,22,2006,0.0
07,23,2006,0.0
07,24,2006,0.0
07,25,2006,0.0
07,26,2006,0.0
07,27,2006,0.0
07,28,2006,0.0
07,29,2006,0.0
07,30,2006,0.0
07,31,2006,0.2
08,01,2006,16.5
08,02,2006,11.3
08,03,2006,9.0
08,04,2006,28.2
08,05,2006,0.0
08,06,2006,0.0
08,07,2006,9.3
08,08,2006,31.6
08,09,2006,0.2
08,10,2006,0.0
08,11,2006,14.8
08,12,2006,0.0
08,13,2006,3.8
08,14,2006,5.3
08,15,2006,0.0
08,16,2006,0.0
08,17,2006,0.0
08,18,2006,4.8
08,19,2006,0.0
08,20,2006,38.3
08,21,2006,19.0
08,22,2006,22.5
08,23,2006,0.0
08,24,2006,0.0
08,25,2006,0.0
08,26,2006,0.0
08,27,2006,0.0
08,28,2006,3.5
08,29,2006,3.0
08,30,2006,0.0
08,31,2006,0.0
09,01,2006,0.5
09,02,2006,0.2
09,03,2006,0.0
09,04,2006,17.0
09,05,2006,32.6
09,06,2006,9.5
09,07,2006,0.0
09,08,2006,23.7
09,09,2006,0.0
09,10,2006,11.0
09,11,2006,3.7
09,12,2006,13.7
09,13,2006,0.0
09,14,2006,0.0
09,15,2006,0.0
09,16,2006,0.0
09,17,2006,0.0
09,18,2006,0.0
09,19,2006,0.0
09,20,2006,0.4
09,21,2006,0.0
09,22,2006,0.0
09,23,2006,0.0
09,24,2006,2.8
09,25,2006,0.0
09,26,2006,19.0
09,27,2006,20.0
09,28,2006,0.0
09,29,2006,0.0
09,30,2006,0.0
10,01,2006,0.0
10,02,2006,3.3
10,03,2006,1.4
10,04,2006,7.3
10,05,2006,17.0
10,06,2006,0.0
10,07,2006,8.7
10,08,2006,41.5
10,09,2006,5.3
10,10,2006,4.7
10,11,2006,3.3
10,12,2006,0.0
10,13,2006,0.0
10,14,2006,0.0
10,15,2006,0.0
10,16,2006,0.0
10,17,2006,0.0
10,18,2006,0.0
10,19,2006,0.0
10,20,2006,0.0
10,21,2006,0.0
10,22,2006,0.0
10,23,2006,4.7
10,24,2006,0.0
10,25,2006,0.0
10,26,2006,0.0
10,27,2006,0.0
10,28,2006,0.0
10,29,2006,0.0
10,30,2006,0.0
10,31,2006,0.0
11,01,2006,0.2
11,02,2006,38.6
11,03,2006,14.0
11,04,2006,1.3
11,05,2006,0.5
11,06,2006,4.7
11,07,2006,0.3
11,08,2006,0.0
11,09,2006,0.0
11,10,2006,0.0
11,11,2006,5.6
11,12,2006,1.3
11,13,2006,0.0
11,14,2006,7.0
11,15,2006,0.0
11,16,2006,0.0
11,17,2006,0.0
11,18,2006,0.0
11,19,2006,0.0
11,20,2006,0.0
11,21,2006,0.0
11,22,2006,0.0
11,23,2006,0.0
11,24,2006,0.0
11,25,2006,0.0
11,26,2006,0.0
11,27,2006,0.0
11,28,2006,0.0
11,29,2006,0.0
11,30,2006,0.0
12,01,2006,12.9
12,02,2006,0.0
12,03,2006,0.0
12,04,2006,0.0
12,05,2006,0.0
12,06,2006,0.0
12,07,2006,0.0
12,08,2006,0.0
12,09,2006,0.0
12,10,2006,1.8
12,11,2006,0.4
12,12,2006,0.4
12,13,2006,2.5
12,14,2006,93.2
12,15,2006,3.6
12,16,2006,0.0
12,17,2006,0.0
12,18,2006,0.0
12,19,2006,0.0
12,20,2006,0.0
12,21,2006,0.0
12,22,2006,0.0
12,23,2006,0.0
12,24,2006,0.0
12,25,2006,0.0
12,26,2006,0.0
12,27,2006,0.0
12,28,2006,0.0
12,29,2006,2.4
12,30,2006,0.0
12,31,2006,0.0
01,01,2007,0.5
01,02,2007,0.0
01,03,2007,0.0
01,04,2007,0.0
01,05,2007,0.0
01,06,2007,0.0
01,07,2007,4.9
01,08,2007,0.0
01,09,2007,22.2
01,10,2007,0.0
01,11,2007,0.0
01,12,2007,0.0
01,13,2007,3.8
01,14,2007,3.4
01,15,2007,6.5
01,16,2007,0.0
01,17,2007,0.0
01,18,2007,0.0
01,19,2007,0.0
01,20,2007,0.0
01,21,2007,0.0
01,22,2007,0.0
01,23,2007,3.5
01,24,2007,3.8
01,25,2007,2.2
01,26,2007,0.0
01,27,2007,0.0
01,28,2007,0.0
01,29,2007,0.0
01,30,2007,0.0
01,31,2007,0.0
02,01,2007,0.0
02,02,2007,0.0
02,03,2007,0.0
02,04,2007,5.2
02,05,2007,0.0
02,06,2007,13.5
02,07,2007,0.0
02,08,2007,25.3
02,09,2007,39.2
02,10,2007,46.2
02,11,2007,0.2
02,12,2007,0.0
02,13,2007,0.0
02,14,2007,0.0
02,15,2007,0.0
02,16,2007,0.0
02,17,2007,0.0
02,18,2007,0.0
02,19,2007,0.0
02,20,2007,0.0
02,21,2007,0.0
02,22,2007,0.0
02,23,2007,0.0
02,24,2007,0.0
02,25,2007,0.0
02,26,2007,0.0
02,27,2007,0.0
02,28,2007,0.0
03,01,2007,0.0
03,02,2007,0.0
03,03,2007,0.0
03,04,2007,0.2
03,05,2007,0.0
03,06,2007,0.0
03,07,2007,0.0
03,08,2007,0.0
03,09,2007,0.0
03,10,2007,51.9
03,11,2007,0.5
03,12,2007,0.0
03,13,2007,0.0
03,14,2007,0.0
03,15,2007,0.0
03,16,2007,0.0
03,17,2007,0.0
03,18,2007,0.0
03,19,2007,0.0
03,20,2007,0.0
03,21,2007,0.0
03,22,2007,0.0
03,23,2007,0.0
03,24,2007,0.0
03,25,2007,0.0
03,26,2007,0.0
03,27,2007,0.0
03,28,2007,0.0
03,29,2007,0.0
03,30,2007,0.0
03,31,2007,0.0
04,01,2007,0.0
04,02,2007,0.0
04,03,2007,0.0
04,04,2007,0.0
04,05,2007,0.2
04,06,2007,3.8
04,07,2007,0.0
04,08,2007,0.6
04,09,2007,0.0
04,10,2007,2.5
04,11,2007,0.0
04,12,2007,0.0
04,13,2007,0.0
04,14,2007,7.7
04,15,2007,0.0
04,16,2007,0.0
04,17,2007,0.0
04,18,2007,0.0
04,19,2007,0.0
04,20,2007,0.0
04,21,2007,0.0
04,22,2007,0.0
04,23,2007,0.0
04,24,2007,0.0
04,25,2007,0.0
04,26,2007,0.0
04,27,2007,0.0
04,28,2007,0.0
04,29,2007,0.0
04,30,2007,0.0
05,01,2007,0.0
05,02,2007,0.0
05,03,2007,0.0
05,04,2007,0.0
05,05,2007,0.0
05,06,2007,0.0
05,07,2007,0.0
05,08,2007,0.0
05,09,2007,0.0
05,10,2007,0.0
05,11,2007,0.0
05,12,2007,0.0
05,13,2007,3.2
05,14,2007,0.0
05,15,2007,49.0
05,16,2007,17.0
05,17,2007,0.0
05,18,2007,0.0
05,19,2007,0.0
05,20,2007,0.0
05,21,2007,0.0
05,22,2007,0.0
05,23,2007,0.0
05,24,2007,0.0
05,25,2007,0.0
05,26,2007,0.0
05,27,2007,0.0
05,28,2007,0.2
05,29,2007,49.4
05,30,2007,83.3
05,31,2007,0.0
06,01,2007,null
06,02,2007,null
06,03,2007,null
06,04,2007,null
06,05,2007,null
06,06,2007,null
06,07,2007,null
06,08,2007,null
06,09,2007,null
06,10,2007,null
06,11,2007,null
06,12,2007,null
06,13,2007,null
06,14,2007,null
06,15,2007,null
06,16,2007,null
06,17,2007,null
06,18,2007,null
06,19,2007,null
06,20,2007,null
06,21,2007,null
06,22,2007,null
06,23,2007,null
06,24,2007,null
06,25,2007,null
06,26,2007,null
06,27,2007,null
06,28,2007,null
06,29,2007,null
06,30,2007,null
07,01,2007,0.0
07,02,2007,0.0
07,03,2007,0.0
07,04,2007,0.0
07,05,2007,0.0
07,06,2007,4.4
07,07,2007,0.0
07,08,2007,0.0
07,09,2007,0.0
07,10,2007,0.0
07,11,2007,4.0
07,12,2007,0.0
07,13,2007,4.0
07,14,2007,6.5
07,15,2007,4.0
07,16,2007,0.0
07,17,2007,6.5
07,18,2007,0.0
07,19,2007,0.0
07,20,2007,18.0
07,21,2007,10.0
07,22,2007,22.0
07,23,2007,0.0
07,24,2007,31.0
07,25,2007,9.9
07,26,2007,0.0
07,27,2007,0.0
07,28,2007,6.3
07,29,2007,0.3
07,30,2007,0.0
07,31,2007,0.0
08,01,2007,0.0
08,02,2007,0.0
08,03,2007,2.5
08,04,2007,2.0
08,05,2007,2.2
08,06,2007,0.0
08,07,2007,0.0
08,08,2007,0.0
08,09,2007,0.0
08,10,2007,11.7
08,11,2007,0.0
08,12,2007,2.5
08,13,2007,0.0
08,14,2007,30.2
08,15,2007,3.4
08,16,2007,10.5
08,17,2007,0.0
08,18,2007,8.6
08,19,2007,15.7
08,20,2007,24.6
08,21,2007,0.7
08,22,2007,0.0
08,23,2007,0.0
08,24,2007,6.5
08,25,2007,27.0
08,26,2007,5.0
08,27,2007,15.0
08,28,2007,15.0
08,29,2007,6.0
08,30,2007,10.2
08,31,2007,4.1
09,01,2007,10.0
09,02,2007,0.0
09,03,2007,8.5
09,04,2007,6.0
09,05,2007,12.5
09,06,2007,10.6
09,07,2007,14.3
09,08,2007,0.0
09,09,2007,10.3
09,10,2007,0.0
09,11,2007,20.7
09,12,2007,20.6
09,13,2007,0.3
09,14,2007,0.3
09,15,2007,0.0
09,16,2007,7.6
09,17,2007,0.0
09,18,2007,0.0
09,19,2007,0.0
09,20,2007,0.0
09,21,2007,0.0
09,22,2007,0.0
09,23,2007,0.0
09,24,2007,3.3
09,25,2007,36.5
09,26,2007,10.5
09,27,2007,1.4
09,28,2007,0.0
09,29,2007,0.0
09,30,2007,0.0
10,01,2007,0.0
10,02,2007,0.0
10,03,2007,20.4
10,04,2007,0.0
10,05,2007,0.0
10,06,2007,0.0
10,07,2007,16.5
10,08,2007,0.9
10,09,2007,7.3
10,10,2007,0.7
10,11,2007,15.1
10,12,2007,10.2
10,13,2007,0.0
10,14,2007,1.3
10,15,2007,0.0
10,16,2007,7.5
10,17,2007,0.0
10,18,2007,0.0
10,19,2007,4.5
10,20,2007,8.3
10,21,2007,10.5
10,22,2007,0.0
10,23,2007,37.2
10,24,2007,0.0
10,25,2007,0.0
10,26,2007,0.0
10,27,2007,0.0
10,28,2007,29.4
10,29,2007,8.4
10,30,2007,0.0
10,31,2007,0.0
11,01,2007,null
11,02,2007,null
11,03,2007,null
11,04,2007,null
11,05,2007,null
11,06,2007,null
11,07,2007,null
11,08,2007,null
11,09,2007,null
11,10,2007,null
11,11,2007,null
11,12,2007,null
11,13,2007,null
11,14,2007,null
11,15,2007,null
11,16,2007,null
11,17,2007,null
11,18,2007,null
11,19,2007,null
11,20,2007,null
11,21,2007,null
11,22,2007,null
11,23,2007,null
11,24,2007,null
11,25,2007,null
11,26,2007,null
11,27,2007,null
11,28,2007,null
11,29,2007,null
11,30,2007,null
12,01,2007,null
12,02,2007,null
12,03,2007,null
12,04,2007,null
12,05,2007,null
12,06,2007,null
12,07,2007,null
12,08,2007,null
12,09,2007,null
12,10,2007,null
12,11,2007,null
12,12,2007,null
12,13,2007,null
12,14,2007,null
12,15,2007,null
12,16,2007,null
12,17,2007,null
12,18,2007,null
12,19,2007,null
12,20,2007,null
12,21,2007,null
12,22,2007,null
12,23,2007,null
12,24,2007,null
12,25,2007,null
12,26,2007,null
12,27,2007,null
12,28,2007,null
12,29,2007,null
12,30,2007,null
12,31,2007,null
01,01,2008,31.0
01,02,2008,0.0
01,03,2008,0.0
01,04,2008,7.0
01,05,2008,3.0
01,06,2008,2.0
01,07,2008,0.0
01,08,2008,0.0
01,09,2008,0.0
01,10,2008,0.0
01,11,2008,0.0
01,12,2008,0.0
01,13,2008,4.0
01,14,2008,0.0
01,15,2008,0.0
01,16,2008,0.0
01,17,2008,0.0
01,18,2008,0.0
01,19,2008,0.0
01,20,2008,0.0
01,21,2008,0.0
01,22,2008,0.0
01,23,2008,0.0
01,24,2008,0.0
01,25,2008,0.0
01,26,2008,0.0
01,27,2008,0.0
01,28,2008,0.0
01,29,2008,0.0
01,30,2008,0.0
01,31,2008,0.0
02,01,2008,0.0
02,02,2008,0.0
02,03,2008,0.0
02,04,2008,0.0
02,05,2008,0.0
02,06,2008,0.7
02,07,2008,0.5
02,08,2008,2.4
02,09,2008,0.0
02,10,2008,0.0
02,11,2008,0.0
02,12,2008,0.0
02,13,2008,0.0
02,14,2008,0.0
02,15,2008,0.0
02,16,2008,0.0
02,17,2008,0.0
02,18,2008,0.0
02,19,2008,0.0
02,20,2008,0.0
02,21,2008,0.0
02,22,2008,4.4
02,23,2008,1.6
02,24,2008,2.5
02,25,2008,0.0
02,26,2008,0.0
02,27,2008,0.0
02,28,2008,1.9
02,29,2008,0.0
03,01,2008,0.0
03,02,2008,0.0
03,03,2008,0.0
03,04,2008,0.0
03,05,2008,0.0
03,06,2008,0.0
03,07,2008,0.0
03,08,2008,0.0
03,09,2008,0.0
03,10,2008,0.0
03,11,2008,0.9
03,12,2008,0.0
03,13,2008,0.0
03,14,2008,0.0
03,15,2008,0.0
03,16,2008,0.0
03,17,2008,0.0
03,18,2008,0.0
03,19,2008,2.0
03,20,2008,0.7
03,21,2008,0.0
03,22,2008,0.0
03,23,2008,11.3
03,24,2008,0.0
03,25,2008,0.0
03,26,2008,0.0
03,27,2008,0.0
03,28,2008,0.0
03,29,2008,0.0
03,30,2008,0.0
03,31,2008,0.0
04,01,2008,0.0
04,02,2008,7.3
04,03,2008,0.0
04,04,2008,0.2
04,05,2008,0.7
04,06,2008,21.0
04,07,2008,0.0
04,08,2008,0.0
04,09,2008,0.0
04,10,2008,0.0
04,11,2008,0.0
04,12,2008,0.0
04,13,2008,0.3
04,14,2008,0.0
04,15,2008,0.0
04,16,2008,0.0
04,17,2008,0.0
04,18,2008,0.0
04,19,2008,10.0
04,20,2008,0.0
04,21,2008,0.0
04,22,2008,0.0
04,23,2008,0.0
04,24,2008,0.0
04,25,2008,0.0
04,26,2008,0.0
04,27,2008,0.0
04,28,2008,7.7
04,29,2008,0.3
04,30,2008,0.0
05,01,2008,0.0
05,02,2008,0.0
05,03,2008,0.0
05,04,2008,0.0
05,05,2008,0.0
05,06,2008,0.0
05,07,2008,0.0
05,08,2008,0.0
05,09,2008,0.0
05,10,2008,0.0
05,11,2008,0.0
05,12,2008,0.0
05,13,2008,0.0
05,14,2008,0.0
05,15,2008,0.0
05,16,2008,0.0
05,17,2008,0.0
05,18,2008,0.0
05,19,2008,45.9
05,20,2008,0.0
05,21,2008,0.0
05,22,2008,0.0
05,23,2008,0.0
05,24,2008,0.4
05,25,2008,0.0
05,26,2008,8.2
05,27,2008,35.5
05,28,2008,0.4
05,29,2008,0.3
05,30,2008,18.2
05,31,2008,0.0
06,01,2008,0.4
06,02,2008,2.7
06,03,2008,0.2
06,04,2008,9.5
06,05,2008,0.5
06,06,2008,0.0
06,07,2008,0.0
06,08,2008,31.4
06,09,2008,2.5
06,10,2008,0.0
06,11,2008,1.3
06,12,2008,5.8
06,13,2008,0.0
06,14,2008,0.0
06,15,2008,0.0
06,16,2008,0.0
06,17,2008,0.0
06,18,2008,0.0
06,19,2008,39.6
06,20,2008,3.5
06,21,2008,0.0
06,22,2008,0.0
06,23,2008,0.0
06,24,2008,0.0
06,25,2008,24.7
06,26,2008,4.0
06,27,2008,2.6
06,28,2008,0.0
06,29,2008,0.0
06,30,2008,0.0
07,01,2008,0.0
07,02,2008,0.0
07,03,2008,0.0
07,04,2008,0.0
07,05,2008,5.2
07,06,2008,0.2
07,07,2008,0.0
07,08,2008,2.7
07,09,2008,0.0
07,10,2008,0.0
07,11,2008,0.3
07,12,2008,0.0
07,13,2008,40.6
07,14,2008,0.0
07,15,2008,0.0
07,16,2008,0.0
07,17,2008,0.0
07,18,2008,0.9
07,19,2008,0.0
07,20,2008,0.0
07,21,2008,2.5
07,22,2008,17.7
07,23,2008,0.0
07,24,2008,0.0
07,25,2008,0.0
07,26,2008,12.5
07,27,2008,25.2
07,28,2008,0.0
07,29,2008,4.2
07,30,2008,0.0
07,31,2008,0.0
08,01,2008,3.4
08,02,2008,0.0
08,03,2008,17.0
08,04,2008,82.7
08,05,2008,0.0
08,06,2008,0.5
08,07,2008,33.5
08,08,2008,3.5
08,09,2008,0.2
08,10,2008,0.0
08,11,2008,0.0
08,12,2008,0.0
08,13,2008,0.0
08,14,2008,10.5
08,15,2008,0.0
08,16,2008,0.0
08,17,2008,0.0
08,18,2008,0.0
08,19,2008,0.0
08,20,2008,0.0
08,21,2008,0.0
08,22,2008,0.0
08,23,2008,0.0
08,24,2008,32.7
08,25,2008,1.2
08,26,2008,0.2
08,27,2008,12.5
08,28,2008,0.0
08,29,2008,0.0
08,30,2008,0.0
08,31,2008,0.0
09,01,2008,0.0
09,02,2008,0.9
09,03,2008,14.0
09,04,2008,22.1
09,05,2008,0.0
09,06,2008,0.3
09,07,2008,0.0
09,08,2008,20.3
09,09,2008,0.0
09,10,2008,0.0
09,11,2008,0.0
09,12,2008,0.0
09,13,2008,0.0
09,14,2008,0.2
09,15,2008,7.4
09,16,2008,8.3
09,17,2008,3.2
09,18,2008,0.0
09,19,2008,0.0
09,20,2008,0.0
09,21,2008,19.5
09,22,2008,1.5
09,23,2008,7.5
09,24,2008,0.0
09,25,2008,4.5
09,26,2008,56.5
09,27,2008,0.5
09,28,2008,50.0
09,29,2008,0.5
09,30,2008,18.5
10,01,2008,null
10,02,2008,null
10,03,2008,null
10,04,2008,null
10,05,2008,null
10,06,2008,null
10,07,2008,null
10,08,2008,null
10,09,2008,null
10,10,2008,null
10,11,2008,null
10,12,2008,null
10,13,2008,null
10,14,2008,null
10,15,2008,null
10,16,2008,null
10,17,2008,null
10,18,2008,null
10,19,2008,null
10,20,2008,null
10,21,2008,null
10,22,2008,null
10,23,2008,null
10,24,2008,null
10,25,2008,null
10,26,2008,null
10,27,2008,null
10,28,2008,null
10,29,2008,null
10,30,2008,null
10,31,2008,null
11,01,2008,null
11,02,2008,null
11,03,2008,null
11,04,2008,null
11,05,2008,null
11,06,2008,null
11,07,2008,null
11,08,2008,null
11,09,2008,null
11,10,2008,null
11,11,2008,null
11,12,2008,null
11,13,2008,null
11,14,2008,null
11,15,2008,null
11,16,2008,null
11,17,2008,null
11,18,2008,null
11,19,2008,null
11,20,2008,null
11,21,2008,null
11,22,2008,null
11,23,2008,null
11,24,2008,null
11,25,2008,null
11,26,2008,null
11,27,2008,null
11,28,2008,null
11,29,2008,null
11,30,2008,null
12,01,2008,0.0
12,02,2008,0.4
12,03,2008,0.0
12,04,2008,0.0
12,05,2008,0.0
12,06,2008,0.0
12,07,2008,0.0
12,08,2008,0.0
12,09,2008,0.0
12,10,2008,14.0
12,11,2008,0.0
12,12,2008,0.0
12,13,2008,0.0
12,14,2008,0.0
12,15,2008,0.0
12,16,2008,0.0
12,17,2008,0.0
12,18,2008,0.0
12,19,2008,0.0
12,20,2008,0.0
12,21,2008,0.3
12,22,2008,0.0
12,23,2008,0.0
12,24,2008,0.0
12,25,2008,0.0
12,26,2008,0.0
12,27,2008,0.0
12,28,2008,0.0
12,29,2008,0.0
12,30,2008,0.0
12,31,2008,0.0
01,01,2009,0.0
01,02,2009,0.0
01,03,2009,0.0
01,04,2009,0.0
01,05,2009,0.0
01,06,2009,0.0
01,07,2009,0.0
01,08,2009,0.0
01,09,2009,0.0
01,10,2009,0.0
01,11,2009,0.0
01,12,2009,6.5
01,13,2009,1.1
01,14,2009,0.0
01,15,2009,13.0
01,16,2009,0.0
01,17,2009,0.0
01,18,2009,0.0
01,19,2009,0.0
01,20,2009,0.0
01,21,2009,0.0
01,22,2009,0.0
01,23,2009,0.0
01,24,2009,0.0
01,25,2009,0.0
01,26,2009,0.0
01,27,2009,1.5
01,28,2009,0.0
01,29,2009,0.0
01,30,2009,0.0
01,31,2009,0.0
02,01,2009,0.0
02,02,2009,0.0
02,03,2009,0.0
02,04,2009,0.0
02,05,2009,0.0
02,06,2009,0.0
02,07,2009,0.0
02,08,2009,0.0
02,09,2009,0.0
02,10,2009,0.0
02,11,2009,0.0
02,12,2009,0.0
02,13,2009,0.0
02,14,2009,0.0
02,15,2009,0.0
02,16,2009,0.0
02,17,2009,0.0
02,18,2009,0.0
02,19,2009,0.0
02,20,2009,0.0
02,21,2009,0.0
02,22,2009,0.0
02,23,2009,0.0
02,24,2009,0.0
02,25,2009,0.0
02,26,2009,0.0
02,27,2009,0.0
02,28,2009,0.0
03,01,2009,0.0
03,02,2009,0.0
03,03,2009,0.0
03,04,2009,0.0
03,05,2009,0.0
03,06,2009,0.0
03,07,2009,0.0
03,08,2009,0.0
03,09,2009,0.0
03,10,2009,0.0
03,11,2009,0.0
03,12,2009,0.0
03,13,2009,0.0
03,14,2009,0.0
03,15,2009,0.0
03,16,2009,1.2
03,17,2009,0.0
03,18,2009,0.0
03,19,2009,0.0
03,20,2009,0.3
03,21,2009,22.0
03,22,2009,0.0
03,23,2009,0.0
03,24,2009,0.0
03,25,2009,0.0
03,26,2009,0.0
03,27,2009,0.0
03,28,2009,0.0
03,29,2009,0.0
03,30,2009,0.0
03,31,2009,0.0
04,01,2009,0.0
04,02,2009,0.0
04,03,2009,0.0
04,04,2009,0.0
04,05,2009,0.0
04,06,2009,0.0
04,07,2009,0.0
04,08,2009,0.0
04,09,2009,0.0
04,10,2009,0.0
04,11,2009,0.0
04,12,2009,0.0
04,13,2009,0.0
04,14,2009,0.0
04,15,2009,0.0
04,16,2009,0.0
04,17,2009,0.0
04,18,2009,0.0
04,19,2009,0.0
04,20,2009,0.0
04,21,2009,0.0
04,22,2009,11.5
04,23,2009,0.0
04,24,2009,0.0
04,25,2009,0.0
04,26,2009,0.0
04,27,2009,0.0
04,28,2009,0.0
04,29,2009,0.0
04,30,2009,0.0
05,01,2009,1.2
05,02,2009,0.0
05,03,2009,0.0
05,04,2009,0.0
05,05,2009,0.0
05,06,2009,0.0
05,07,2009,0.0
05,08,2009,0.0
05,09,2009,0.0
05,10,2009,0.0
05,11,2009,0.0
05,12,2009,0.0
05,13,2009,0.0
05,14,2009,0.0
05,15,2009,0.0
05,16,2009,0.0
05,17,2009,0.2
05,18,2009,0.0
05,19,2009,0.0
05,20,2009,0.0
05,21,2009,0.0
05,22,2009,0.0
05,23,2009,0.0
05,24,2009,0.0
05,25,2009,0.0
05,26,2009,7.9
05,27,2009,0.0
05,28,2009,1.5
05,29,2009,0.0
05,30,2009,0.0
05,31,2009,10.0
06,01,2009,0.0
06,02,2009,0.0
06,03,2009,24.6
06,04,2009,5.3
06,05,2009,0.0
06,06,2009,10.4
06,07,2009,0.0
06,08,2009,0.0
06,09,2009,0.0
06,10,2009,0.0
06,11,2009,0.0
06,12,2009,0.0
06,13,2009,11.2
06,14,2009,0.3
06,15,2009,7.6
06,16,2009,0.3
06,17,2009,0.5
06,18,2009,0.0
06,19,2009,0.0
06,20,2009,0.0
06,21,2009,0.0
06,22,2009,10.7
06,23,2009,17.3
06,24,2009,0.0
06,25,2009,0.0
06,26,2009,1.8
06,27,2009,1.2
06,28,2009,1.2
06,29,2009,0.8
06,30,2009,0.0
07,01,2009,0.0
07,02,2009,3.9
07,03,2009,0.0
07,04,2009,0.0
07,05,2009,0.2
07,06,2009,0.0
07,07,2009,0.0
07,08,2009,0.4
07,09,2009,0.0
07,10,2009,0.0
07,11,2009,14.5
07,12,2009,0.0
07,13,2009,0.6
07,14,2009,0.0
07,15,2009,0.0
07,16,2009,0.0
07,17,2009,0.0
07,18,2009,0.0
07,19,2009,0.0
07,20,2009,0.0
07,21,2009,0.0
07,22,2009,0.0
07,23,2009,39.0
07,24,2009,42.0
07,25,2009,0.2
07,26,2009,26.0
07,27,2009,0.0
07,28,2009,1.8
07,29,2009,0.0
07,30,2009,0.0
07,31,2009,0.0
08,01,2009,0.7
08,02,2009,2.2
08,03,2009,6.5
08,04,2009,0.2
08,05,2009,0.6
08,06,2009,30.0
08,07,2009,58.0
08,08,2009,0.0
08,09,2009,0.0
08,10,2009,0.0
08,11,2009,0.0
08,12,2009,0.0
08,13,2009,0.0
08,14,2009,0.0
08,15,2009,0.2
08,16,2009,0.0
08,17,2009,0.0
08,18,2009,2.6
08,19,2009,0.0
08,20,2009,0.0
08,21,2009,0.0
08,22,2009,0.5
08,23,2009,23.3
08,24,2009,1.9
08,25,2009,1.8
08,26,2009,31.1
08,27,2009,0.5
08,28,2009,30.6
08,29,2009,0.0
08,30,2009,0.0
08,31,2009,0.7
09,01,2009,9.9
09,02,2009,0.0
09,03,2009,0.0
09,04,2009,1.5
09,05,2009,0.0
09,06,2009,1.9
09,07,2009,0.0
09,08,2009,0.0
09,09,2009,0.0
09,10,2009,0.0
09,11,2009,0.5
09,12,2009,4.1
09,13,2009,13.1
09,14,2009,0.0
09,15,2009,0.0
09,16,2009,0.0
09,17,2009,11.4
09,18,2009,11.8
09,19,2009,7.5
09,20,2009,6.7
09,21,2009,0.0
09,22,2009,0.0
09,23,2009,0.0
09,24,2009,0.0
09,25,2009,0.0
09,26,2009,0.0
09,27,2009,13.9
09,28,2009,6.7
09,29,2009,8.3
09,30,2009,1.0
10,01,2009,0.0
10,02,2009,0.0
10,03,2009,0.0
10,04,2009,0.0
10,05,2009,0.0
10,06,2009,0.0
10,07,2009,0.0
10,08,2009,0.0
10,09,2009,0.9
10,10,2009,10.2
10,11,2009,1.1
10,12,2009,0.0
10,13,2009,0.0
10,14,2009,19.6
10,15,2009,0.0
10,16,2009,0.0
10,17,2009,11.4
10,18,2009,0.0
10,19,2009,0.0
10,20,2009,0.0
10,21,2009,0.0
10,22,2009,0.0
10,23,2009,0.0
10,24,2009,0.0
10,25,2009,4.1
10,26,2009,0.0
10,27,2009,26.2
10,28,2009,0.0
10,29,2009,0.0
10,30,2009,0.0
10,31,2009,14.4
11,01,2009,0.7
11,02,2009,5.3
11,03,2009,0.0
11,04,2009,0.0
11,05,2009,10.1
11,06,2009,15.5
11,07,2009,1.6
11,08,2009,2.9
11,09,2009,0.0
11,10,2009,0.5
11,11,2009,0.0
11,12,2009,0.0
11,13,2009,0.0
11,14,2009,0.0
11,15,2009,0.0
11,16,2009,0.0
11,17,2009,0.0
11,18,2009,0.0
11,19,2009,0.0
11,20,2009,0.0
11,21,2009,0.0
11,22,2009,0.0
11,23,2009,0.0
11,24,2009,26.2
11,25,2009,0.0
11,26,2009,0.0
11,27,2009,0.0
11,28,2009,0.0
11,29,2009,0.0
11,30,2009,0.0
12,01,2009,0.0
12,02,2009,0.0
12,03,2009,0.0
12,04,2009,0.0
12,05,2009,0.0
12,06,2009,0.0
12,07,2009,0.0
12,08,2009,0.0
12,09,2009,0.0
12,10,2009,0.0
12,11,2009,4.2
12,12,2009,0.5
12,13,2009,2.8
12,14,2009,0.0
12,15,2009,0.0
12,16,2009,3.4
12,17,2009,0.9
12,18,2009,0.7
12,19,2009,0.6
12,20,2009,7.6
12,21,2009,1.1
12,22,2009,0.0
12,23,2009,0.0
12,24,2009,0.0
12,25,2009,0.0
12,26,2009,0.0
12,27,2009,0.0
12,28,2009,0.0
12,29,2009,0.0
12,30,2009,0.0
12,31,2009,0.0
01,01,2010,1.2
01,02,2010,0.1
01,03,2010,0.0
01,04,2010,0.0
01,05,2010,0.0
01,06,2010,0.0
01,07,2010,0.0
01,08,2010,3.4
01,09,2010,1.5
01,10,2010,0.0
01,11,2010,0.0
01,12,2010,0.0
01,13,2010,0.0
01,14,2010,0.0
01,15,2010,0.0
01,16,2010,0.0
01,17,2010,0.0
01,18,2010,0.0
01,19,2010,0.0
01,20,2010,0.0
01,21,2010,0.0
01,22,2010,0.0
01,23,2010,0.0
01,24,2010,0.0
01,25,2010,0.0
01,26,2010,0.0
01,27,2010,2.1
01,28,2010,0.0
01,29,2010,0.0
01,30,2010,13.3
01,31,2010,1.5
02,01,2010,0.0
02,02,2010,0.0
02,03,2010,0.0
02,04,2010,0.0
02,05,2010,2.7
02,06,2010,0.0
02,07,2010,0.0
02,08,2010,0.0
02,09,2010,0.0
02,10,2010,0.0
02,11,2010,0.0
02,12,2010,0.4
02,13,2010,0.0
02,14,2010,0.0
02,15,2010,10.2
02,16,2010,0.0
02,17,2010,0.0
02,18,2010,0.4
02,19,2010,0.0
02,20,2010,0.0
02,21,2010,0.0
02,22,2010,0.0
02,23,2010,1.3
02,24,2010,0.4
02,25,2010,0.0
02,26,2010,0.0
02,27,2010,0.0
02,28,2010,0.0
03,01,2010,0.0
03,02,2010,0.0
03,03,2010,0.0
03,04,2010,0.0
03,05,2010,0.0
03,06,2010,0.0
03,07,2010,0.0
03,08,2010,0.0
03,09,2010,0.0
03,10,2010,0.0
03,11,2010,0.0
03,12,2010,0.0
03,13,2010,0.0
03,14,2010,0.0
03,15,2010,0.0
03,16,2010,2.9
03,17,2010,0.0
03,18,2010,0.0
03,19,2010,0.0
03,20,2010,0.0
03,21,2010,0.0
03,22,2010,0.0
03,23,2010,0.0
03,24,2010,0.0
03,25,2010,0.0
03,26,2010,0.0
03,27,2010,0.0
03,28,2010,0.0
03,29,2010,0.0
03,30,2010,0.0
03,31,2010,0.0
04,01,2010,0.0
04,02,2010,0.0
04,03,2010,0.0
04,04,2010,0.0
04,05,2010,0.0
04,06,2010,0.0
04,07,2010,0.0
04,08,2010,0.0
04,09,2010,3.1
04,10,2010,0.0
04,11,2010,0.0
04,12,2010,7.8
04,13,2010,0.0
04,14,2010,3.2
04,15,2010,0.0
04,16,2010,1.4
04,17,2010,0.0
04,18,2010,0.0
04,19,2010,0.0
04,20,2010,0.0
04,21,2010,0.0
04,22,2010,0.0
04,23,2010,0.0
04,24,2010,1.7
04,25,2010,0.0
04,26,2010,0.0
04,27,2010,0.0
04,28,2010,19.1
04,29,2010,0.0
04,30,2010,0.0
05,01,2010,0.0
05,02,2010,0.0
05,03,2010,0.0
05,04,2010,0.0
05,05,2010,0.0
05,06,2010,0.0
05,07,2010,0.0
05,08,2010,0.0
05,09,2010,0.0
05,10,2010,0.0
05,11,2010,0.0
05,12,2010,0.0
05,13,2010,0.0
05,14,2010,0.0
05,15,2010,0.0
05,16,2010,4.6
05,17,2010,0.2
05,18,2010,18.8
05,19,2010,14.5
05,20,2010,0.0
05,21,2010,3.7
05,22,2010,0.0
05,23,2010,0.0
05,24,2010,0.0
05,25,2010,0.0
05,26,2010,0.0
05,27,2010,0.0
05,28,2010,0.0
05,29,2010,14.5
05,30,2010,11.9
05,31,2010,0.0
06,01,2010,0.0
06,02,2010,0.0
06,03,2010,0.0
06,04,2010,0.0
06,05,2010,3.5
06,06,2010,0.0
06,07,2010,0.0
06,08,2010,0.0
06,09,2010,1.9
06,10,2010,0.0
06,11,2010,0.0
06,12,2010,0.1
06,13,2010,17.8
06,14,2010,0.1
06,15,2010,1.8
06,16,2010,0.0
06,17,2010,20.5
06,18,2010,0.0
06,19,2010,0.0
06,20,2010,0.0
06,21,2010,27.7
06,22,2010,2.4
06,23,2010,5.8
06,24,2010,0.0
06,25,2010,4.3
06,26,2010,5.0
06,27,2010,38.0
06,28,2010,47.0
06,29,2010,0.0
06,30,2010,0.0
07,01,2010,0.0
07,02,2010,0.0
07,03,2010,0.0
07,04,2010,47.2
07,05,2010,26.0
07,06,2010,20.0
07,07,2010,29.0
07,08,2010,5.2
07,09,2010,0.4
07,10,2010,0.0
07,11,2010,0.0
07,12,2010,0.0
07,13,2010,0.0
07,14,2010,0.0
07,15,2010,0.6
07,16,2010,3.6
07,17,2010,0.6
07,18,2010,4.8
07,19,2010,11.5
07,20,2010,13.0
07,21,2010,0.3
07,22,2010,8.4
07,23,2010,8.4
07,24,2010,19.3
07,25,2010,6.5
07,26,2010,3.8
07,27,2010,0.0
07,28,2010,0.0
07,29,2010,null
07,30,2010,35.5
07,31,2010,0.4
08,01,2010,8.4
08,02,2010,0.0
08,03,2010,16.5
08,04,2010,0.0
08,05,2010,0.0
08,06,2010,1.5
08,07,2010,4.1
08,08,2010,0.0
08,09,2010,0.0
08,10,2010,0.0
08,11,2010,8.5
08,12,2010,0.0
08,13,2010,0.0
08,14,2010,0.0
08,15,2010,120.5
08,16,2010,26.6
08,17,2010,1.3
08,18,2010,0.0
08,19,2010,4.2
08,20,2010,0.0
08,21,2010,0.0
08,22,2010,0.5
08,23,2010,2.3
08,24,2010,1.1
08,25,2010,0.0
08,26,2010,12.8
08,27,2010,0.9
08,28,2010,12.5
08,29,2010,0.0
08,30,2010,0.4
08,31,2010,0.3
09,01,2010,1.8
09,02,2010,6.5
09,03,2010,5.3
09,04,2010,0.5
09,05,2010,0.0
09,06,2010,0.0
09,07,2010,0.0
09,08,2010,3.2
09,09,2010,0.0
09,10,2010,0.0
09,11,2010,11.1
09,12,2010,6.1
09,13,2010,0.3
09,14,2010,3.4
09,15,2010,3.1
09,16,2010,0.4
09,17,2010,0.3
09,18,2010,10.3
09,19,2010,0.0
09,20,2010,0.0
09,21,2010,0.0
09,22,2010,0.3
09,23,2010,3.2
09,24,2010,0.0
09,25,2010,9.1
09,26,2010,0.1
09,27,2010,0.4
09,28,2010,0.0
09,29,2010,0.0
09,30,2010,0.0
10,01,2010,0.0
10,02,2010,0.0
10,03,2010,0.0
10,04,2010,0.0
10,05,2010,0.0
10,06,2010,0.0
10,07,2010,0.0
10,08,2010,0.0
10,09,2010,0.0
10,10,2010,0.0
10,11,2010,0.0
10,12,2010,0.0
10,13,2010,0.0
10,14,2010,0.0
10,15,2010,0.1
10,16,2010,0.0
10,17,2010,0.0
10,18,2010,0.0
10,19,2010,0.0
10,20,2010,0.0
10,21,2010,0.0
10,22,2010,0.0
10,23,2010,0.0
10,24,2010,0.0
10,25,2010,1.4
10,26,2010,0.0
10,27,2010,0.0
10,28,2010,0.2
10,29,2010,0.0
10,30,2010,0.0
10,31,2010,0.0
11,01,2010,0.0
11,02,2010,1.3
11,03,2010,0.1
11,04,2010,0.0
11,05,2010,0.0
11,06,2010,0.0
11,07,2010,0.0
11,08,2010,0.0
11,09,2010,0.0
11,10,2010,0.0
11,11,2010,0.0
11,12,2010,0.0
11,13,2010,0.0
11,14,2010,0.0
11,15,2010,0.0
11,16,2010,0.0
11,17,2010,0.0
11,18,2010,0.0
11,19,2010,0.0
11,20,2010,0.0
11,21,2010,0.0
11,22,2010,0.0
11,23,2010,0.0
11,24,2010,0.0
11,25,2010,0.0
11,26,2010,0.0
11,27,2010,2.6
11,28,2010,0.0
11,29,2010,0.0
11,30,2010,0.0
12,01,2010,0.0
12,02,2010,0.0
12,03,2010,0.0
12,04,2010,0.0
12,05,2010,0.0
12,06,2010,0.0
12,07,2010,0.0
12,08,2010,0.5
12,09,2010,0.0
12,10,2010,0.0
12,11,2010,0.0
12,12,2010,0.2
12,13,2010,0.0
12,14,2010,0.0
12,15,2010,0.0
12,16,2010,0.0
12,17,2010,0.0
12,18,2010,0.0
12,19,2010,0.0
12,20,2010,0.0
12,21,2010,0.0
12,22,2010,0.0
12,23,2010,0.0
12,24,2010,0.0
12,25,2010,0.0
12,26,2010,0.0
12,27,2010,0.0
12,28,2010,0.0
12,29,2010,0.0
12,30,2010,0.0
12,31,2010,0.0
01,01,2011,0.0
01,02,2011,0.0
01,03,2011,0.0
01,04,2011,0.0
01,05,2011,0.0
01,06,2011,0.0
01,07,2011,0.0
01,08,2011,0.0
01,09,2011,0.0
01,10,2011,0.0
01,11,2011,21.4
01,12,2011,0.0
01,13,2011,0.0
01,14,2011,0.0
01,15,2011,0.0
01,16,2011,0.0
01,17,2011,0.0
01,18,2011,0.0
01,19,2011,0.0
01,20,2011,0.0
01,21,2011,0.0
01,22,2011,0.0
01,23,2011,0.0
01,24,2011,0.0
01,25,2011,0.0
01,26,2011,0.0
01,27,2011,0.0
01,28,2011,0.0
01,29,2011,0.0
01,30,2011,0.0
01,31,2011,0.0
02,01,2011,0.0
02,02,2011,0.0
02,03,2011,0.0
02,04,2011,0.0
02,05,2011,0.0
02,06,2011,0.0
02,07,2011,0.2
02,08,2011,0.0
02,09,2011,0.0
02,10,2011,3.1
02,11,2011,0.0
02,12,2011,0.5
02,13,2011,0.0
02,14,2011,0.0
02,15,2011,0.0
02,16,2011,0.0
02,17,2011,0.0
02,18,2011,0.0
02,19,2011,0.0
02,20,2011,0.0
02,21,2011,0.0
02,22,2011,0.0
02,23,2011,0.0
02,24,2011,0.0
02,25,2011,0.0
02,26,2011,0.0
02,27,2011,0.0
02,28,2011,0.0
03,01,2011,0.0
03,02,2011,0.0
03,03,2011,4.7
03,04,2011,0.0
03,05,2011,0.0
03,06,2011,0.0
03,07,2011,0.0
03,08,2011,0.0
03,09,2011,0.0
03,10,2011,34.7
03,11,2011,0.0
03,12,2011,0.0
03,13,2011,0.0
03,14,2011,0.0
03,15,2011,0.0
03,16,2011,0.0
03,17,2011,0.0
03,18,2011,0.0
03,19,2011,0.0
03,20,2011,0.0
03,21,2011,0.0
03,22,2011,0.0
03,23,2011,0.0
03,24,2011,0.0
03,25,2011,0.0
03,26,2011,0.0
03,27,2011,0.0
03,28,2011,0.0
03,29,2011,0.0
03,30,2011,0.0
03,31,2011,0.0
04,01,2011,0.0
04,02,2011,0.0
04,03,2011,0.0
04,04,2011,0.0
04,05,2011,0.0
04,06,2011,0.0
04,07,2011,0.0
04,08,2011,0.0
04,09,2011,0.0
04,10,2011,0.0
04,11,2011,0.0
04,12,2011,0.0
04,13,2011,0.0
04,14,2011,0.0
04,15,2011,0.0
04,16,2011,0.0
04,17,2011,0.0
04,18,2011,0.0
04,19,2011,0.0
04,20,2011,0.0
04,21,2011,0.0
04,22,2011,0.0
04,23,2011,0.0
04,24,2011,0.0
04,25,2011,0.0
04,26,2011,0.0
04,27,2011,0.0
04,28,2011,5.7
04,29,2011,0.0
04,30,2011,0.0
05,01,2011,0.0
05,02,2011,0.0
05,03,2011,18.0
05,04,2011,14.7
05,05,2011,0.0
05,06,2011,0.0
05,07,2011,0.0
05,08,2011,0.0
05,09,2011,0.0
05,10,2011,0.0
05,11,2011,0.0
05,12,2011,0.0
05,13,2011,0.0
05,14,2011,0.0
05,15,2011,0.0
05,16,2011,0.0
05,17,2011,0.0
05,18,2011,0.0
05,19,2011,0.0
05,20,2011,0.0
05,21,2011,0.0
05,22,2011,0.0
05,23,2011,0.0
05,24,2011,0.0
05,25,2011,0.0
05,26,2011,0.0
05,27,2011,0.0
05,28,2011,0.0
05,29,2011,0.0
05,30,2011,0.0
05,31,2011,1.5
06,01,2011,0.0
06,02,2011,0.0
06,03,2011,0.0
06,04,2011,0.0
06,05,2011,82.1
06,06,2011,9.3
06,07,2011,0.0
06,08,2011,0.0
06,09,2011,0.2
06,10,2011,0.0
06,11,2011,19.9
06,12,2011,0.4
06,13,2011,11.5
06,14,2011,4.6
06,15,2011,0.0
06,16,2011,1.2
06,17,2011,8.1
06,18,2011,7.3
06,19,2011,9.5
06,20,2011,0.0
06,21,2011,0.0
06,22,2011,0.0
06,23,2011,0.0
06,24,2011,0.0
06,25,2011,2.1
06,26,2011,3.6
06,27,2011,54.6
06,28,2011,150.9
06,29,2011,0.0
06,30,2011,0.0
07,01,2011,16.2
07,02,2011,3.9
07,03,2011,9.5
07,04,2011,32.4
07,05,2011,0.0
07,06,2011,38.2
07,07,2011,14.6
07,08,2011,0.0
07,09,2011,1.2
07,10,2011,10.7
07,11,2011,1.4
07,12,2011,1.4
07,13,2011,0.0
07,14,2011,0.0
07,15,2011,0.2
07,16,2011,8.6
07,17,2011,0.0
07,18,2011,0.0
07,19,2011,0.0
07,20,2011,0.0
07,21,2011,0.0
07,22,2011,0.0
07,23,2011,0.0
07,24,2011,17.5
07,25,2011,12.3
07,26,2011,0.0
07,27,2011,1.5
07,28,2011,0.0
07,29,2011,28.5
07,30,2011,41.7
07,31,2011,0.0
08,01,2011,0.1
08,02,2011,0.0
08,03,2011,2.4
08,04,2011,0.0
08,05,2011,2.5
08,06,2011,0.0
08,07,2011,0.7
08,08,2011,6.3
08,09,2011,0.0
08,10,2011,0.0
08,11,2011,0.6
08,12,2011,0.4
08,13,2011,0.5
08,14,2011,3.1
08,15,2011,4.5
08,16,2011,0.0
08,17,2011,0.0
08,18,2011,0.0
08,19,2011,1.7
08,20,2011,24.0
08,21,2011,0.5
08,22,2011,37.0
08,23,2011,15.8
08,24,2011,17.6
08,25,2011,0.3
08,26,2011,0.2
08,27,2011,6.3
08,28,2011,10.5
08,29,2011,0.5
08,30,2011,0.3
08,31,2011,1.8
09,01,2011,0.4
09,02,2011,0.2
09,03,2011,0.0
09,04,2011,0.0
09,05,2011,28.1
09,06,2011,0.3
09,07,2011,0.0
09,08,2011,0.0
09,09,2011,0.0
09,10,2011,0.0
09,11,2011,12.5
09,12,2011,0.9
09,13,2011,0.5
09,14,2011,16.1
09,15,2011,0.0
09,16,2011,0.0
09,17,2011,2.5
09,18,2011,2.8
09,19,2011,8.5
09,20,2011,1.4
09,21,2011,0.4
09,22,2011,0.0
09,23,2011,49.6
09,24,2011,19.6
09,25,2011,0.0
09,26,2011,0.0
09,27,2011,0.0
09,28,2011,0.0
09,29,2011,0.0
09,30,2011,0.0
10,01,2011,0.0
10,02,2011,0.0
10,03,2011,0.0
10,04,2011,37.2
10,05,2011,0.0
10,06,2011,0.0
10,07,2011,0.0
10,08,2011,0.0
10,09,2011,0.0
10,10,2011,0.0
10,11,2011,0.0
10,12,2011,7.3
10,13,2011,7.5
10,14,2011,8.2
10,15,2011,19.5
10,16,2011,0.3
10,17,2011,7.2
10,18,2011,8.3
10,19,2011,0.0
10,20,2011,0.0
10,21,2011,0.0
10,22,2011,0.0
10,23,2011,0.0
10,24,2011,0.0
10,25,2011,0.0
10,26,2011,0.0
10,27,2011,0.3
10,28,2011,0.4
10,29,2011,0.3
10,30,2011,0.0
10,31,2011,4.5
11,01,2011,63.4
11,02,2011,10.2
11,03,2011,0.0
11,04,2011,0.1
11,05,2011,0.0
11,06,2011,0.0
11,07,2011,0.0
11,08,2011,0.0
11,09,2011,0.0
11,10,2011,0.3
11,11,2011,0.0
11,12,2011,0.0
11,13,2011,0.0
11,14,2011,0.0
11,15,2011,0.0
11,16,2011,0.0
11,17,2011,10.5
11,18,2011,0.5
11,19,2011,0.1
11,20,2011,0.6
11,21,2011,0.0
11,22,2011,0.0
11,23,2011,0.0
11,24,2011,0.0
11,25,2011,0.0
11,26,2011,0.0
11,27,2011,0.0
11,28,2011,0.0
11,29,2011,0.0
11,30,2011,0.0
12,01,2011,0.0
12,02,2011,0.0
12,03,2011,0.0
12,04,2011,0.0
12,05,2011,0.0
12,06,2011,0.0
12,07,2011,0.0
12,08,2011,0.0
12,09,2011,0.0
12,10,2011,0.0
12,11,2011,0.7
12,12,2011,31.5
12,13,2011,0.1
12,14,2011,0.2
12,15,2011,0.0
12,16,2011,0.0
12,17,2011,0.0
12,18,2011,0.0
12,19,2011,0.0
12,20,2011,0.0
12,21,2011,0.0
12,22,2011,0.0
12,23,2011,29.0
12,24,2011,0.0
12,25,2011,0.0
12,26,2011,0.0
12,27,2011,15.2
12,28,2011,0.0
12,29,2011,0.3
12,30,2011,0.0
12,31,2011,0.0
