Id:,7385
Estación:,PUEBLO VIEJO-CHIS
Posición:,16.885N -93.8980555556W
Variable:,Precipitación (mm)
Fecha Inicial:,01/01/2000
Fecha Final:,04/01/2013
No Dato:,nan
Mes,Día,Anio,Datos
01,01,2000,0.0
01,02,2000,0.0
01,03,2000,0.0
01,04,2000,30.5
01,05,2000,0.0
01,06,2000,0.0
01,07,2000,0.0
01,08,2000,0.0
01,09,2000,0.0
01,10,2000,0.0
01,11,2000,0.0
01,12,2000,0.0
01,13,2000,4.2
01,14,2000,16.2
01,15,2000,0.0
01,16,2000,0.0
01,17,2000,0.0
01,18,2000,0.0
01,19,2000,0.0
01,20,2000,0.0
01,21,2000,0.0
01,22,2000,0.0
01,23,2000,0.0
01,24,2000,0.0
01,25,2000,0.0
01,26,2000,0.0
01,27,2000,0.0
01,28,2000,0.0
01,29,2000,0.0
01,30,2000,0.0
01,31,2000,0.0
02,01,2000,0.0
02,02,2000,0.0
02,03,2000,0.0
02,04,2000,0.0
02,05,2000,0.0
02,06,2000,0.0
02,07,2000,0.0
02,08,2000,0.0
02,09,2000,0.0
02,10,2000,0.0
02,11,2000,0.0
02,12,2000,0.0
02,13,2000,0.0
02,14,2000,8.5
02,15,2000,0.0
02,16,2000,0.0
02,17,2000,0.0
02,18,2000,0.0
02,19,2000,0.0
02,20,2000,0.0
02,21,2000,0.0
02,22,2000,0.0
02,23,2000,0.0
02,24,2000,0.0
02,25,2000,0.0
02,26,2000,0.0
02,27,2000,0.0
02,28,2000,0.0
02,29,2000,0.0
03,01,2000,0.0
03,02,2000,0.0
03,03,2000,0.0
03,04,2000,0.0
03,05,2000,0.0
03,06,2000,0.0
03,07,2000,0.0
03,08,2000,0.0
03,09,2000,0.0
03,10,2000,0.0
03,11,2000,20.3
03,12,2000,0.0
03,13,2000,0.0
03,14,2000,20.7
03,15,2000,0.0
03,16,2000,0.0
03,17,2000,0.0
03,18,2000,0.0
03,19,2000,0.0
03,20,2000,0.0
03,21,2000,0.0
03,22,2000,0.0
03,23,2000,0.0
03,24,2000,0.0
03,25,2000,0.0
03,26,2000,0.0
03,27,2000,0.0
03,28,2000,0.0
03,29,2000,0.0
03,30,2000,0.0
03,31,2000,0.0
04,01,2000,0.0
04,02,2000,0.0
04,03,2000,0.0
04,04,2000,20.2
04,05,2000,0.0
04,06,2000,0.0
04,07,2000,0.0
04,08,2000,0.0
04,09,2000,10.4
04,10,2000,0.0
04,11,2000,0.0
04,12,2000,0.0
04,13,2000,0.0
04,14,2000,0.0
04,15,2000,0.0
04,16,2000,0.0
04,17,2000,0.0
04,18,2000,0.0
04,19,2000,0.0
04,20,2000,0.0
04,21,2000,0.0
04,22,2000,0.0
04,23,2000,0.0
04,24,2000,0.0
04,25,2000,0.0
04,26,2000,0.0
04,27,2000,0.0
04,28,2000,0.0
04,29,2000,0.0
04,30,2000,0.0
05,01,2000,0.0
05,02,2000,0.0
05,03,2000,0.0
05,04,2000,0.0
05,05,2000,0.0
05,06,2000,0.0
05,07,2000,0.0
05,08,2000,0.0
05,09,2000,0.0
05,10,2000,0.0
05,11,2000,0.0
05,12,2000,0.0
05,13,2000,65.3
05,14,2000,15.2
05,15,2000,20.3
05,16,2000,0.0
05,17,2000,0.0
05,18,2000,0.0
05,19,2000,0.0
05,20,2000,0.0
05,21,2000,20.2
05,22,2000,20.0
05,23,2000,0.0
05,24,2000,0.0
05,25,2000,0.0
05,26,2000,0.0
05,27,2000,20.2
05,28,2000,10.0
05,29,2000,20.2
05,30,2000,0.0
05,31,2000,0.0
06,01,2000,0.0
06,02,2000,0.0
06,03,2000,10.2
06,04,2000,0.0
06,05,2000,20.1
06,06,2000,20.2
06,07,2000,0.0
06,08,2000,20.2
06,09,2000,20.0
06,10,2000,0.0
06,11,2000,0.0
06,12,2000,0.0
06,13,2000,20.3
06,14,2000,0.0
06,15,2000,20.2
06,16,2000,0.0
06,17,2000,0.0
06,18,2000,0.0
06,19,2000,60.5
06,20,2000,3.0
06,21,2000,20.2
06,22,2000,0.0
06,23,2000,0.0
06,24,2000,0.0
06,25,2000,0.0
06,26,2000,0.0
06,27,2000,0.0
06,28,2000,0.0
06,29,2000,0.0
06,30,2000,0.0
07,01,2000,0.0
07,02,2000,0.0
07,03,2000,0.0
07,04,2000,0.0
07,05,2000,0.0
07,06,2000,7.2
07,07,2000,6.1
07,08,2000,3.1
07,09,2000,20.2
07,10,2000,4.0
07,11,2000,0.0
07,12,2000,0.0
07,13,2000,0.0
07,14,2000,0.0
07,15,2000,0.0
07,16,2000,0.0
07,17,2000,8.5
07,18,2000,0.0
07,19,2000,0.0
07,20,2000,0.0
07,21,2000,0.0
07,22,2000,4.2
07,23,2000,0.0
07,24,2000,6.0
07,25,2000,20.2
07,26,2000,0.0
07,27,2000,0.0
07,28,2000,0.0
07,29,2000,48.0
07,30,2000,60.0
07,31,2000,0.0
08,01,2000,0.0
08,02,2000,30.0
08,03,2000,65.3
08,04,2000,1.2
08,05,2000,0.0
08,06,2000,0.0
08,07,2000,20.0
08,08,2000,0.0
08,09,2000,0.0
08,10,2000,20.4
08,11,2000,0.0
08,12,2000,0.0
08,13,2000,0.0
08,14,2000,0.0
08,15,2000,0.0
08,16,2000,20.9
08,17,2000,0.0
08,18,2000,0.0
08,19,2000,0.0
08,20,2000,0.0
08,21,2000,0.0
08,22,2000,0.0
08,23,2000,3.2
08,24,2000,0.0
08,25,2000,0.0
08,26,2000,60.3
08,27,2000,20.0
08,28,2000,5.3
08,29,2000,3.5
08,30,2000,0.0
08,31,2000,0.0
09,01,2000,0.0
09,02,2000,0.0
09,03,2000,0.0
09,04,2000,65.0
09,05,2000,0.0
09,06,2000,0.0
09,07,2000,20.0
09,08,2000,0.0
09,09,2000,0.0
09,10,2000,20.4
09,11,2000,0.0
09,12,2000,0.0
09,13,2000,30.0
09,14,2000,0.0
09,15,2000,0.0
09,16,2000,0.0
09,17,2000,0.0
09,18,2000,20.0
09,19,2000,0.0
09,20,2000,0.0
09,21,2000,20.9
09,22,2000,0.0
09,23,2000,0.0
09,24,2000,0.0
09,25,2000,0.0
09,26,2000,0.0
09,27,2000,60.3
09,28,2000,20.4
09,29,2000,0.0
09,30,2000,20.5
10,01,2000,0.0
10,02,2000,3.1
10,03,2000,0.0
10,04,2000,0.0
10,05,2000,0.0
10,06,2000,0.0
10,07,2000,7.2
10,08,2000,6.1
10,09,2000,0.0
10,10,2000,20.2
10,11,2000,4.0
10,12,2000,0.0
10,13,2000,0.0
10,14,2000,0.0
10,15,2000,0.0
10,16,2000,0.0
10,17,2000,0.0
10,18,2000,0.0
10,19,2000,3.0
10,20,2000,0.0
10,21,2000,0.0
10,22,2000,7.0
10,23,2000,0.0
10,24,2000,0.0
10,25,2000,0.0
10,26,2000,20.0
10,27,2000,2.2
10,28,2000,0.0
10,29,2000,0.0
10,30,2000,0.0
10,31,2000,0.0
11,01,2000,0.0
11,02,2000,20.5
11,03,2000,0.0
11,04,2000,0.0
11,05,2000,0.0
11,06,2000,0.0
11,07,2000,0.0
11,08,2000,20.2
11,09,2000,10.3
11,10,2000,0.0
11,11,2000,0.0
11,12,2000,40.3
11,13,2000,0.0
11,14,2000,0.0
11,15,2000,20.3
11,16,2000,40.2
11,17,2000,20.4
11,18,2000,0.0
11,19,2000,0.0
11,20,2000,0.0
11,21,2000,0.0
11,22,2000,0.0
11,23,2000,0.0
11,24,2000,0.0
11,25,2000,0.0
11,26,2000,0.0
11,27,2000,20.0
11,28,2000,0.0
11,29,2000,0.0
11,30,2000,0.0
12,01,2000,0.0
12,02,2000,0.0
12,03,2000,0.0
12,04,2000,0.0
12,05,2000,0.0
12,06,2000,0.0
12,07,2000,0.0
12,08,2000,0.0
12,09,2000,0.0
12,10,2000,0.0
12,11,2000,0.0
12,12,2000,0.0
12,13,2000,0.0
12,14,2000,0.0
12,15,2000,0.0
12,16,2000,20.2
12,17,2000,0.0
12,18,2000,8.2
12,19,2000,0.0
12,20,2000,0.0
12,21,2000,0.0
12,22,2000,0.0
12,23,2000,0.0
12,24,2000,0.0
12,25,2000,0.0
12,26,2000,0.0
12,27,2000,0.0
12,28,2000,0.0
12,29,2000,19.3
12,30,2000,0.0
12,31,2000,0.0
01,01,2001,0.0
01,02,2001,0.0
01,03,2001,0.0
01,04,2001,0.0
01,05,2001,0.0
01,06,2001,0.0
01,07,2001,0.0
01,08,2001,0.0
01,09,2001,0.0
01,10,2001,0.0
01,11,2001,0.0
01,12,2001,0.0
01,13,2001,0.0
01,14,2001,0.0
01,15,2001,0.0
01,16,2001,0.0
01,17,2001,0.0
01,18,2001,0.0
01,19,2001,0.0
01,20,2001,0.0
01,21,2001,0.0
01,22,2001,0.0
01,23,2001,0.0
01,24,2001,0.0
01,25,2001,0.0
01,26,2001,0.0
01,27,2001,0.0
01,28,2001,0.0
01,29,2001,0.0
01,30,2001,0.0
01,31,2001,0.0
02,01,2001,0.0
02,02,2001,0.0
02,03,2001,0.0
02,04,2001,0.0
02,05,2001,5.3
02,06,2001,0.0
02,07,2001,0.0
02,08,2001,0.0
02,09,2001,0.0
02,10,2001,0.0
02,11,2001,0.0
02,12,2001,0.0
02,13,2001,0.0
02,14,2001,0.0
02,15,2001,0.0
02,16,2001,0.0
02,17,2001,20.2
02,18,2001,10.5
02,19,2001,4.3
02,20,2001,0.0
02,21,2001,0.0
02,22,2001,0.0
02,23,2001,0.0
02,24,2001,0.0
02,25,2001,0.0
02,26,2001,0.0
02,27,2001,0.0
02,28,2001,0.0
03,01,2001,0.0
03,02,2001,0.0
03,03,2001,0.0
03,04,2001,0.0
03,05,2001,0.0
03,06,2001,0.0
03,07,2001,0.0
03,08,2001,0.0
03,09,2001,0.0
03,10,2001,0.0
03,11,2001,0.0
03,12,2001,0.0
03,13,2001,0.0
03,14,2001,0.0
03,15,2001,0.0
03,16,2001,0.0
03,17,2001,0.0
03,18,2001,0.0
03,19,2001,6.2
03,20,2001,0.0
03,21,2001,0.0
03,22,2001,0.0
03,23,2001,0.0
03,24,2001,0.0
03,25,2001,0.0
03,26,2001,0.0
03,27,2001,0.0
03,28,2001,0.0
03,29,2001,0.0
03,30,2001,0.0
03,31,2001,0.0
04,01,2001,0.0
04,02,2001,0.0
04,03,2001,0.0
04,04,2001,0.0
04,05,2001,0.0
04,06,2001,0.0
04,07,2001,4.2
04,08,2001,0.0
04,09,2001,40.3
04,10,2001,0.0
04,11,2001,4.5
04,12,2001,0.0
04,13,2001,20.7
04,14,2001,0.0
04,15,2001,0.0
04,16,2001,0.0
04,17,2001,0.0
04,18,2001,0.0
04,19,2001,0.0
04,20,2001,0.0
04,21,2001,0.0
04,22,2001,0.0
04,23,2001,0.0
04,24,2001,0.0
04,25,2001,14.5
04,26,2001,0.0
04,27,2001,0.0
04,28,2001,0.0
04,29,2001,0.0
04,30,2001,0.0
05,01,2001,0.0
05,02,2001,0.0
05,03,2001,0.0
05,04,2001,0.0
05,05,2001,0.0
05,06,2001,0.0
05,07,2001,0.0
05,08,2001,0.0
05,09,2001,0.0
05,10,2001,0.0
05,11,2001,0.0
05,12,2001,0.0
05,13,2001,0.0
05,14,2001,0.0
05,15,2001,0.0
05,16,2001,0.0
05,17,2001,40.5
05,18,2001,0.0
05,19,2001,0.0
05,20,2001,0.0
05,21,2001,0.0
05,22,2001,0.0
05,23,2001,0.0
05,24,2001,0.0
05,25,2001,0.0
05,26,2001,80.3
05,27,2001,80.2
05,28,2001,60.5
05,29,2001,50.2
05,30,2001,0.0
05,31,2001,0.0
06,01,2001,0.0
06,02,2001,0.0
06,03,2001,40.3
06,04,2001,4.5
06,05,2001,60.3
06,06,2001,20.4
06,07,2001,0.0
06,08,2001,0.0
06,09,2001,30.5
06,10,2001,0.0
06,11,2001,0.0
06,12,2001,10.3
06,13,2001,0.0
06,14,2001,0.0
06,15,2001,5.3
06,16,2001,0.0
06,17,2001,0.0
06,18,2001,0.0
06,19,2001,0.0
06,20,2001,0.0
06,21,2001,0.0
06,22,2001,0.0
06,23,2001,0.0
06,24,2001,0.0
06,25,2001,0.0
06,26,2001,0.0
06,27,2001,0.0
06,28,2001,0.0
06,29,2001,0.0
06,30,2001,0.0
07,01,2001,9.5
07,02,2001,0.0
07,03,2001,0.0
07,04,2001,0.0
07,05,2001,0.0
07,06,2001,0.0
07,07,2001,0.0
07,08,2001,0.0
07,09,2001,0.0
07,10,2001,0.0
07,11,2001,0.0
07,12,2001,40.2
07,13,2001,0.0
07,14,2001,6.2
07,15,2001,15.3
07,16,2001,0.0
07,17,2001,12.5
07,18,2001,0.0
07,19,2001,0.0
07,20,2001,0.0
07,21,2001,0.0
07,22,2001,0.0
07,23,2001,0.0
07,24,2001,20.3
07,25,2001,0.0
07,26,2001,0.0
07,27,2001,0.0
07,28,2001,0.0
07,29,2001,0.0
07,30,2001,0.0
07,31,2001,0.0
08,01,2001,0.0
08,02,2001,0.0
08,03,2001,0.0
08,04,2001,0.0
08,05,2001,0.0
08,06,2001,0.0
08,07,2001,0.0
08,08,2001,0.0
08,09,2001,0.0
08,10,2001,0.0
08,11,2001,0.0
08,12,2001,0.0
08,13,2001,0.0
08,14,2001,0.0
08,15,2001,0.0
08,16,2001,0.0
08,17,2001,0.0
08,18,2001,20.3
08,19,2001,0.0
08,20,2001,20.7
08,21,2001,0.0
08,22,2001,0.0
08,23,2001,30.2
08,24,2001,0.0
08,25,2001,20.3
08,26,2001,0.0
08,27,2001,0.0
08,28,2001,30.4
08,29,2001,30.5
08,30,2001,0.0
08,31,2001,0.0
09,01,2001,0.0
09,02,2001,0.0
09,03,2001,7.2
09,04,2001,0.0
09,05,2001,8.3
09,06,2001,8.5
09,07,2001,11.2
09,08,2001,7.1
09,09,2001,0.0
09,10,2001,20.2
09,11,2001,20.0
09,12,2001,2.3
09,13,2001,0.0
09,14,2001,0.0
09,15,2001,20.2
09,16,2001,20.5
09,17,2001,30.3
09,18,2001,0.0
09,19,2001,0.0
09,20,2001,20.3
09,21,2001,20.1
09,22,2001,10.2
09,23,2001,0.0
09,24,2001,20.3
09,25,2001,20.1
09,26,2001,140.0
09,27,2001,20.2
09,28,2001,18.2
09,29,2001,0.0
09,30,2001,0.0
10,01,2001,0.0
10,02,2001,0.0
10,03,2001,0.0
10,04,2001,0.0
10,05,2001,0.0
10,06,2001,25.2
10,07,2001,30.0
10,08,2001,15.2
10,09,2001,2.5
10,10,2001,0.0
10,11,2001,0.0
10,12,2001,0.0
10,13,2001,0.0
10,14,2001,0.0
10,15,2001,20.2
10,16,2001,25.3
10,17,2001,20.0
10,18,2001,19.2
10,19,2001,3.0
10,20,2001,0.0
10,21,2001,28.0
10,22,2001,0.0
10,23,2001,15.2
10,24,2001,0.0
10,25,2001,0.0
10,26,2001,0.0
10,27,2001,4.1
10,28,2001,0.0
10,29,2001,0.0
10,30,2001,0.0
10,31,2001,0.0
11,01,2001,0.0
11,02,2001,0.0
11,03,2001,0.0
11,04,2001,0.0
11,05,2001,0.0
11,06,2001,0.0
11,07,2001,0.0
11,08,2001,0.0
11,09,2001,0.0
11,10,2001,20.0
11,11,2001,0.0
11,12,2001,0.0
11,13,2001,0.0
11,14,2001,0.0
11,15,2001,0.0
11,16,2001,0.0
11,17,2001,0.0
11,18,2001,0.0
11,19,2001,20.0
11,20,2001,0.0
11,21,2001,0.0
11,22,2001,7.2
11,23,2001,0.0
11,24,2001,0.0
11,25,2001,0.0
11,26,2001,0.0
11,27,2001,0.0
11,28,2001,0.0
11,29,2001,0.0
11,30,2001,0.0
12,01,2001,20.7
12,02,2001,0.0
12,03,2001,0.0
12,04,2001,0.0
12,05,2001,4.5
12,06,2001,0.0
12,07,2001,0.0
12,08,2001,0.0
12,09,2001,0.0
12,10,2001,0.0
12,11,2001,0.0
12,12,2001,0.0
12,13,2001,0.0
12,14,2001,0.0
12,15,2001,0.0
12,16,2001,0.0
12,17,2001,0.0
12,18,2001,0.0
12,19,2001,0.0
12,20,2001,10.5
12,21,2001,0.0
12,22,2001,10.5
12,23,2001,4.5
12,24,2001,0.0
12,25,2001,4.5
12,26,2001,4.0
12,27,2001,0.0
12,28,2001,0.0
12,29,2001,0.0
12,30,2001,0.0
12,31,2001,0.0
01,01,2002,0.0
01,02,2002,0.0
01,03,2002,0.0
01,04,2002,0.0
01,05,2002,0.0
01,06,2002,0.0
01,07,2002,0.0
01,08,2002,0.0
01,09,2002,0.0
01,10,2002,0.0
01,11,2002,0.0
01,12,2002,0.0
01,13,2002,0.0
01,14,2002,0.0
01,15,2002,0.0
01,16,2002,0.0
01,17,2002,0.0
01,18,2002,0.0
01,19,2002,0.0
01,20,2002,0.0
01,21,2002,0.0
01,22,2002,0.0
01,23,2002,0.0
01,24,2002,0.0
01,25,2002,0.0
01,26,2002,0.0
01,27,2002,0.0
01,28,2002,0.0
01,29,2002,0.0
01,30,2002,0.0
01,31,2002,0.0
02,01,2002,0.0
02,02,2002,0.0
02,03,2002,0.0
02,04,2002,0.0
02,05,2002,0.0
02,06,2002,5.3
02,07,2002,0.0
02,08,2002,0.0
02,09,2002,0.0
02,10,2002,0.0
02,11,2002,0.0
02,12,2002,0.0
02,13,2002,0.0
02,14,2002,0.0
02,15,2002,0.0
02,16,2002,0.0
02,17,2002,0.0
02,18,2002,0.0
02,19,2002,0.0
02,20,2002,0.0
02,21,2002,0.0
02,22,2002,0.0
02,23,2002,0.0
02,24,2002,0.0
02,25,2002,0.0
02,26,2002,0.0
02,27,2002,0.0
02,28,2002,0.0
03,01,2002,0.0
03,02,2002,0.0
03,03,2002,0.0
03,04,2002,0.0
03,05,2002,0.0
03,06,2002,0.0
03,07,2002,0.0
03,08,2002,0.0
03,09,2002,0.0
03,10,2002,0.2
03,11,2002,0.0
03,12,2002,0.0
03,13,2002,0.0
03,14,2002,0.0
03,15,2002,0.0
03,16,2002,0.0
03,17,2002,0.0
03,18,2002,0.0
03,19,2002,0.0
03,20,2002,6.2
03,21,2002,0.0
03,22,2002,3.5
03,23,2002,0.0
03,24,2002,0.0
03,25,2002,4.5
03,26,2002,0.0
03,27,2002,0.0
03,28,2002,13.5
03,29,2002,0.0
03,30,2002,0.0
03,31,2002,0.0
04,01,2002,0.0
04,02,2002,0.0
04,03,2002,0.0
04,04,2002,0.0
04,05,2002,0.0
04,06,2002,0.0
04,07,2002,0.0
04,08,2002,0.0
04,09,2002,0.0
04,10,2002,0.0
04,11,2002,0.0
04,12,2002,0.0
04,13,2002,0.0
04,14,2002,0.0
04,15,2002,0.0
04,16,2002,0.0
04,17,2002,0.0
04,18,2002,0.0
04,19,2002,0.0
04,20,2002,0.0
04,21,2002,0.0
04,22,2002,0.0
04,23,2002,0.0
04,24,2002,0.0
04,25,2002,0.0
04,26,2002,0.0
04,27,2002,0.0
04,28,2002,0.0
04,29,2002,0.0
04,30,2002,0.0
05,01,2002,0.0
05,02,2002,0.0
05,03,2002,0.0
05,04,2002,0.0
05,05,2002,0.0
05,06,2002,0.0
05,07,2002,0.0
05,08,2002,0.0
05,09,2002,0.0
05,10,2002,0.0
05,11,2002,0.0
05,12,2002,0.0
05,13,2002,12.5
05,14,2002,0.0
05,15,2002,0.0
05,16,2002,20.0
05,17,2002,0.0
05,18,2002,20.5
05,19,2002,0.0
05,20,2002,0.0
05,21,2002,0.0
05,22,2002,0.0
05,23,2002,0.0
05,24,2002,0.0
05,25,2002,0.0
05,26,2002,0.0
05,27,2002,0.0
05,28,2002,0.0
05,29,2002,0.0
05,30,2002,0.0
05,31,2002,0.0
06,01,2002,0.0
06,02,2002,0.0
06,03,2002,0.0
06,04,2002,0.0
06,05,2002,0.0
06,06,2002,10.5
06,07,2002,60.2
06,08,2002,0.0
06,09,2002,0.0
06,10,2002,0.0
06,11,2002,0.0
06,12,2002,4.3
06,13,2002,20.1
06,14,2002,0.0
06,15,2002,0.0
06,16,2002,10.3
06,17,2002,0.0
06,18,2002,4.5
06,19,2002,15.3
06,20,2002,6.5
06,21,2002,0.0
06,22,2002,15.2
06,23,2002,0.0
06,24,2002,0.0
06,25,2002,10.3
06,26,2002,5.2
06,27,2002,0.0
06,28,2002,0.0
06,29,2002,0.0
06,30,2002,6.2
07,01,2002,0.0
07,02,2002,0.0
07,03,2002,0.0
07,04,2002,0.0
07,05,2002,0.0
07,06,2002,0.0
07,07,2002,0.0
07,08,2002,0.0
07,09,2002,0.0
07,10,2002,0.0
07,11,2002,0.0
07,12,2002,0.0
07,13,2002,0.0
07,14,2002,0.0
07,15,2002,0.0
07,16,2002,0.0
07,17,2002,0.0
07,18,2002,0.0
07,19,2002,0.0
07,20,2002,0.0
07,21,2002,0.0
07,22,2002,0.0
07,23,2002,20.2
07,24,2002,0.0
07,25,2002,7.1
07,26,2002,0.0
07,27,2002,0.0
07,28,2002,0.0
07,29,2002,0.0
07,30,2002,0.0
07,31,2002,0.0
08,01,2002,0.0
08,02,2002,0.0
08,03,2002,0.0
08,04,2002,0.0
08,05,2002,0.0
08,06,2002,0.0
08,07,2002,20.1
08,08,2002,0.0
08,09,2002,0.0
08,10,2002,0.0
08,11,2002,20.3
08,12,2002,0.0
08,13,2002,0.0
08,14,2002,0.0
08,15,2002,0.0
08,16,2002,0.0
08,17,2002,0.0
08,18,2002,0.0
08,19,2002,33.2
08,20,2002,0.0
08,21,2002,0.0
08,22,2002,3.1
08,23,2002,0.0
08,24,2002,0.0
08,25,2002,0.0
08,26,2002,0.0
08,27,2002,0.0
08,28,2002,50.2
08,29,2002,0.0
08,30,2002,5.1
08,31,2002,0.0
09,01,2002,5.3
09,02,2002,17.3
09,03,2002,0.0
09,04,2002,30.2
09,05,2002,5.3
09,06,2002,17.0
09,07,2002,30.3
09,08,2002,30.2
09,09,2002,0.0
09,10,2002,5.0
09,11,2002,12.0
09,12,2002,30.9
09,13,2002,30.2
09,14,2002,40.3
09,15,2002,12.3
09,16,2002,14.3
09,17,2002,17.2
09,18,2002,5.0
09,19,2002,3.2
09,20,2002,30.3
09,21,2002,0.0
09,22,2002,0.0
09,23,2002,0.0
09,24,2002,0.0
09,25,2002,0.0
09,26,2002,20.2
09,27,2002,30.4
09,28,2002,10.0
09,29,2002,0.0
09,30,2002,0.0
10,01,2002,0.0
10,02,2002,0.0
10,03,2002,10.3
10,04,2002,0.0
10,05,2002,0.0
10,06,2002,27.3
10,07,2002,0.0
10,08,2002,0.0
10,09,2002,0.0
10,10,2002,0.0
10,11,2002,0.0
10,12,2002,30.2
10,13,2002,0.0
10,14,2002,0.0
10,15,2002,0.0
10,16,2002,10.2
10,17,2002,0.0
10,18,2002,0.0
10,19,2002,0.0
10,20,2002,0.0
10,21,2002,0.0
10,22,2002,0.0
10,23,2002,0.0
10,24,2002,0.0
10,25,2002,0.0
10,26,2002,0.0
10,27,2002,0.0
10,28,2002,0.0
10,29,2002,0.0
10,30,2002,0.0
10,31,2002,0.0
11,01,2002,20.3
11,02,2002,0.0
11,03,2002,0.0
11,04,2002,0.0
11,05,2002,0.0
11,06,2002,0.0
11,07,2002,0.0
11,08,2002,0.0
11,09,2002,20.1
11,10,2002,0.0
11,11,2002,0.0
11,12,2002,0.0
11,13,2002,0.0
11,14,2002,0.0
11,15,2002,10.2
11,16,2002,0.0
11,17,2002,20.3
11,18,2002,0.0
11,19,2002,0.0
11,20,2002,0.0
11,21,2002,8.2
11,22,2002,0.0
11,23,2002,0.0
11,24,2002,0.0
11,25,2002,0.0
11,26,2002,0.0
11,27,2002,0.0
11,28,2002,4.1
11,29,2002,0.0
11,30,2002,0.0
12,01,2002,0.0
12,02,2002,0.0
12,03,2002,0.0
12,04,2002,0.0
12,05,2002,0.0
12,06,2002,0.0
12,07,2002,0.0
12,08,2002,0.0
12,09,2002,0.0
12,10,2002,0.0
12,11,2002,0.0
12,12,2002,0.0
12,13,2002,0.0
12,14,2002,0.0
12,15,2002,0.0
12,16,2002,0.0
12,17,2002,0.0
12,18,2002,0.0
12,19,2002,0.0
12,20,2002,0.0
12,21,2002,0.0
12,22,2002,12.2
12,23,2002,0.0
12,24,2002,0.0
12,25,2002,0.0
12,26,2002,0.0
12,27,2002,0.0
12,28,2002,0.0
12,29,2002,0.0
12,30,2002,0.0
12,31,2002,0.0
01,01,2003,0.0
01,02,2003,0.0
01,03,2003,16.3
01,04,2003,0.0
01,05,2003,0.0
01,06,2003,0.0
01,07,2003,0.0
01,08,2003,0.0
01,09,2003,0.0
01,10,2003,0.0
01,11,2003,0.0
01,12,2003,0.0
01,13,2003,10.2
01,14,2003,2.1
01,15,2003,0.0
01,16,2003,0.0
01,17,2003,0.0
01,18,2003,0.0
01,19,2003,0.0
01,20,2003,0.0
01,21,2003,0.0
01,22,2003,0.0
01,23,2003,5.3
01,24,2003,0.0
01,25,2003,0.0
01,26,2003,0.0
01,27,2003,0.0
01,28,2003,0.0
01,29,2003,0.0
01,30,2003,0.0
01,31,2003,0.0
02,01,2003,0.0
02,02,2003,0.0
02,03,2003,0.0
02,04,2003,0.0
02,05,2003,0.0
02,06,2003,0.0
02,07,2003,0.0
02,08,2003,0.0
02,09,2003,0.0
02,10,2003,0.0
02,11,2003,0.0
02,12,2003,0.0
02,13,2003,0.0
02,14,2003,0.0
02,15,2003,0.0
02,16,2003,3.4
02,17,2003,0.0
02,18,2003,0.0
02,19,2003,0.0
02,20,2003,0.0
02,21,2003,0.0
02,22,2003,0.0
02,23,2003,0.0
02,24,2003,0.0
02,25,2003,0.0
02,26,2003,0.0
02,27,2003,0.0
02,28,2003,0.0
03,01,2003,0.0
03,02,2003,0.0
03,03,2003,0.0
03,04,2003,0.0
03,05,2003,0.0
03,06,2003,0.0
03,07,2003,0.0
03,08,2003,0.0
03,09,2003,0.0
03,10,2003,0.0
03,11,2003,0.0
03,12,2003,14.5
03,13,2003,0.0
03,14,2003,0.0
03,15,2003,0.0
03,16,2003,0.0
03,17,2003,0.0
03,18,2003,0.0
03,19,2003,0.0
03,20,2003,0.0
03,21,2003,0.0
03,22,2003,0.0
03,23,2003,0.0
03,24,2003,0.0
03,25,2003,0.0
03,26,2003,0.0
03,27,2003,0.0
03,28,2003,0.0
03,29,2003,0.0
03,30,2003,15.2
03,31,2003,0.0
04,01,2003,0.0
04,02,2003,0.0
04,03,2003,0.0
04,04,2003,0.0
04,05,2003,0.0
04,06,2003,0.0
04,07,2003,0.0
04,08,2003,7.5
04,09,2003,1.0
04,10,2003,0.0
04,11,2003,0.0
04,12,2003,0.0
04,13,2003,0.0
04,14,2003,0.0
04,15,2003,0.0
04,16,2003,0.0
04,17,2003,0.0
04,18,2003,0.0
04,19,2003,0.0
04,20,2003,0.0
04,21,2003,0.0
04,22,2003,0.0
04,23,2003,0.0
04,24,2003,0.0
04,25,2003,0.0
04,26,2003,0.0
04,27,2003,0.0
04,28,2003,0.0
04,29,2003,0.0
04,30,2003,0.0
05,01,2003,0.0
05,02,2003,0.0
05,03,2003,0.0
05,04,2003,0.0
05,05,2003,0.0
05,06,2003,0.0
05,07,2003,0.0
05,08,2003,0.0
05,09,2003,0.0
05,10,2003,0.0
05,11,2003,0.0
05,12,2003,0.0
05,13,2003,0.0
05,14,2003,0.0
05,15,2003,0.0
05,16,2003,4.2
05,17,2003,0.0
05,18,2003,27.5
05,19,2003,6.5
05,20,2003,40.3
05,21,2003,45.2
05,22,2003,0.0
05,23,2003,0.0
05,24,2003,0.0
05,25,2003,0.0
05,26,2003,0.0
05,27,2003,0.0
05,28,2003,20.0
05,29,2003,40.0
05,30,2003,0.0
05,31,2003,0.0
06,01,2003,0.0
06,02,2003,0.0
06,03,2003,0.0
06,04,2003,0.0
06,05,2003,0.0
06,06,2003,0.0
06,07,2003,41.0
06,08,2003,56.5
06,09,2003,15.2
06,10,2003,16.5
06,11,2003,25.4
06,12,2003,0.0
06,13,2003,0.0
06,14,2003,0.0
06,15,2003,20.2
06,16,2003,35.0
06,17,2003,0.0
06,18,2003,12.3
06,19,2003,60.3
06,20,2003,0.0
06,21,2003,0.0
06,22,2003,0.0
06,23,2003,0.0
06,24,2003,35.2
06,25,2003,35.3
06,26,2003,20.0
06,27,2003,8.3
06,28,2003,0.0
06,29,2003,0.0
06,30,2003,0.0
07,01,2003,0.0
07,02,2003,20.0
07,03,2003,0.0
07,04,2003,0.0
07,05,2003,40.0
07,06,2003,30.5
07,07,2003,0.0
07,08,2003,5.2
07,09,2003,0.0
07,10,2003,3.5
07,11,2003,0.0
07,12,2003,0.0
07,13,2003,0.0
07,14,2003,0.0
07,15,2003,0.0
07,16,2003,4.0
07,17,2003,3.0
07,18,2003,5.0
07,19,2003,0.0
07,20,2003,0.0
07,21,2003,20.2
07,22,2003,15.1
07,23,2003,0.0
07,24,2003,0.0
07,25,2003,0.0
07,26,2003,0.0
07,27,2003,0.0
07,28,2003,0.0
07,29,2003,0.0
07,30,2003,0.0
07,31,2003,0.0
08,01,2003,0.0
08,02,2003,0.0
08,03,2003,0.0
08,04,2003,0.0
08,05,2003,0.0
08,06,2003,20.2
08,07,2003,0.0
08,08,2003,0.0
08,09,2003,15.0
08,10,2003,0.0
08,11,2003,40.2
08,12,2003,20.5
08,13,2003,45.2
08,14,2003,0.0
08,15,2003,20.0
08,16,2003,23.0
08,17,2003,40.2
08,18,2003,6.3
08,19,2003,0.0
08,20,2003,9.4
08,21,2003,4.2
08,22,2003,0.0
08,23,2003,0.0
08,24,2003,0.0
08,25,2003,0.0
08,26,2003,0.0
08,27,2003,0.0
08,28,2003,4.0
08,29,2003,3.0
08,30,2003,81.5
08,31,2003,0.0
09,01,2003,45.0
09,02,2003,0.0
09,03,2003,0.0
09,04,2003,23.0
09,05,2003,0.0
09,06,2003,0.0
09,07,2003,5.0
09,08,2003,0.0
09,09,2003,0.0
09,10,2003,20.0
09,11,2003,0.0
09,12,2003,0.0
09,13,2003,0.0
09,14,2003,0.0
09,15,2003,0.0
09,16,2003,0.0
09,17,2003,0.0
09,18,2003,46.0
09,19,2003,30.0
09,20,2003,8.0
09,21,2003,0.0
09,22,2003,40.3
09,23,2003,20.2
09,24,2003,0.0
09,25,2003,40.3
09,26,2003,0.0
09,27,2003,0.0
09,28,2003,0.0
09,29,2003,0.0
09,30,2003,34.0
10,01,2003,0.0
10,02,2003,0.0
10,03,2003,0.0
10,04,2003,5.2
10,05,2003,90.5
10,06,2003,40.0
10,07,2003,0.0
10,08,2003,55.0
10,09,2003,0.0
10,10,2003,0.0
10,11,2003,0.0
10,12,2003,0.0
10,13,2003,0.0
10,14,2003,4.0
10,15,2003,0.0
10,16,2003,5.0
10,17,2003,0.0
10,18,2003,0.0
10,19,2003,0.0
10,20,2003,0.0
10,21,2003,0.0
10,22,2003,0.0
10,23,2003,20.0
10,24,2003,0.0
10,25,2003,50.2
10,26,2003,0.0
10,27,2003,0.0
10,28,2003,0.0
10,29,2003,0.0
10,30,2003,0.0
10,31,2003,0.0
11,01,2003,0.0
11,02,2003,20.0
11,03,2003,0.0
11,04,2003,0.0
11,05,2003,0.0
11,06,2003,0.0
11,07,2003,0.0
11,08,2003,20.0
11,09,2003,20.2
11,10,2003,15.3
11,11,2003,0.0
11,12,2003,5.0
11,13,2003,2.2
11,14,2003,0.0
11,15,2003,0.0
11,16,2003,0.0
11,17,2003,0.0
11,18,2003,20.0
11,19,2003,15.0
11,20,2003,5.0
11,21,2003,0.0
11,22,2003,0.0
11,23,2003,6.3
11,24,2003,0.0
11,25,2003,0.0
11,26,2003,0.0
11,27,2003,0.0
11,28,2003,0.0
11,29,2003,12.3
11,30,2003,0.0
12,01,2003,0.0
12,02,2003,0.0
12,03,2003,0.0
12,04,2003,0.0
12,05,2003,4.3
12,06,2003,5.2
12,07,2003,0.0
12,08,2003,0.0
12,09,2003,0.0
12,10,2003,0.0
12,11,2003,0.0
12,12,2003,0.0
12,13,2003,0.0
12,14,2003,0.0
12,15,2003,0.0
12,16,2003,42.0
12,17,2003,6.5
12,18,2003,0.0
12,19,2003,0.0
12,20,2003,3.1
12,21,2003,0.0
12,22,2003,0.0
12,23,2003,0.0
12,24,2003,0.0
12,25,2003,0.0
12,26,2003,0.0
12,27,2003,0.0
12,28,2003,0.0
12,29,2003,0.0
12,30,2003,0.0
12,31,2003,0.0
01,01,2004,0.0
01,02,2004,0.0
01,03,2004,0.0
01,04,2004,0.0
01,05,2004,0.0
01,06,2004,0.0
01,07,2004,4.0
01,08,2004,0.0
01,09,2004,0.0
01,10,2004,0.0
01,11,2004,0.0
01,12,2004,0.0
01,13,2004,0.0
01,14,2004,0.0
01,15,2004,0.0
01,16,2004,11.0
01,17,2004,0.0
01,18,2004,11.0
01,19,2004,5.0
01,20,2004,0.0
01,21,2004,0.0
01,22,2004,0.0
01,23,2004,0.0
01,24,2004,0.0
01,25,2004,0.0
01,26,2004,0.0
01,27,2004,0.0
01,28,2004,0.0
01,29,2004,0.0
01,30,2004,0.0
01,31,2004,22.0
02,01,2004,0.0
02,02,2004,0.0
02,03,2004,0.0
02,04,2004,0.0
02,05,2004,0.0
02,06,2004,0.0
02,07,2004,4.3
02,08,2004,0.0
02,09,2004,0.0
02,10,2004,0.0
02,11,2004,0.0
02,12,2004,0.0
02,13,2004,0.0
02,14,2004,0.0
02,15,2004,0.0
02,16,2004,0.0
02,17,2004,7.5
02,18,2004,0.0
02,19,2004,0.0
02,20,2004,0.0
02,21,2004,0.0
02,22,2004,0.0
02,23,2004,0.0
02,24,2004,0.0
02,25,2004,0.0
02,26,2004,0.0
02,27,2004,0.0
02,28,2004,0.0
02,29,2004,0.0
03,01,2004,0.0
03,02,2004,0.0
03,03,2004,0.0
03,04,2004,0.0
03,05,2004,0.0
03,06,2004,0.0
03,07,2004,0.0
03,08,2004,0.0
03,09,2004,10.0
03,10,2004,0.0
03,11,2004,0.0
03,12,2004,0.0
03,13,2004,0.0
03,14,2004,0.0
03,15,2004,0.0
03,16,2004,0.0
03,17,2004,0.0
03,18,2004,0.0
03,19,2004,4.1
03,20,2004,0.0
03,21,2004,0.0
03,22,2004,2.1
03,23,2004,0.0
03,24,2004,0.0
03,25,2004,0.0
03,26,2004,0.0
03,27,2004,0.0
03,28,2004,0.0
03,29,2004,0.0
03,30,2004,0.0
03,31,2004,0.0
04,01,2004,0.0
04,02,2004,0.0
04,03,2004,0.0
04,04,2004,0.0
04,05,2004,0.0
04,06,2004,0.0
04,07,2004,0.0
04,08,2004,0.0
04,09,2004,0.0
04,10,2004,0.0
04,11,2004,0.0
04,12,2004,0.0
04,13,2004,0.0
04,14,2004,0.0
04,15,2004,0.0
04,16,2004,0.0
04,17,2004,0.0
04,18,2004,0.0
04,19,2004,0.0
04,20,2004,0.0
04,21,2004,0.0
04,22,2004,0.0
04,23,2004,0.0
04,24,2004,0.0
04,25,2004,0.0
04,26,2004,5.3
04,27,2004,0.0
04,28,2004,0.0
04,29,2004,0.0
04,30,2004,0.0
05,01,2004,6.1
05,02,2004,7.2
05,03,2004,0.0
05,04,2004,0.0
05,05,2004,3.0
05,06,2004,0.0
05,07,2004,0.0
05,08,2004,0.0
05,09,2004,0.0
05,10,2004,0.0
05,11,2004,0.0
05,12,2004,0.0
05,13,2004,0.0
05,14,2004,32.1
05,15,2004,0.0
05,16,2004,18.2
05,17,2004,20.0
05,18,2004,6.2
05,19,2004,2.1
05,20,2004,0.0
05,21,2004,0.0
05,22,2004,0.0
05,23,2004,0.0
05,24,2004,0.0
05,25,2004,0.0
05,26,2004,25.5
05,27,2004,0.0
05,28,2004,0.0
05,29,2004,0.0
05,30,2004,0.0
05,31,2004,20.0
06,01,2004,0.0
06,02,2004,0.0
06,03,2004,40.0
06,04,2004,15.0
06,05,2004,0.0
06,06,2004,0.0
06,07,2004,0.0
06,08,2004,0.0
06,09,2004,6.5
06,10,2004,10.0
06,11,2004,0.0
06,12,2004,0.0
06,13,2004,10.0
06,14,2004,0.0
06,15,2004,0.0
06,16,2004,0.0
06,17,2004,0.0
06,18,2004,0.0
06,19,2004,0.0
06,20,2004,0.0
06,21,2004,20.0
06,22,2004,10.2
06,23,2004,0.0
06,24,2004,0.0
06,25,2004,0.0
06,26,2004,0.0
06,27,2004,0.0
06,28,2004,0.0
06,29,2004,0.0
06,30,2004,20.2
07,01,2004,0.0
07,02,2004,0.0
07,03,2004,0.0
07,04,2004,0.0
07,05,2004,0.0
07,06,2004,0.0
07,07,2004,0.0
07,08,2004,0.0
07,09,2004,10.0
07,10,2004,4.1
07,11,2004,0.0
07,12,2004,0.0
07,13,2004,23.0
07,14,2004,37.2
07,15,2004,13.7
07,16,2004,0.0
07,17,2004,21.0
07,18,2004,0.0
07,19,2004,40.0
07,20,2004,0.0
07,21,2004,2.3
07,22,2004,4.2
07,23,2004,0.0
07,24,2004,0.0
07,25,2004,0.0
07,26,2004,16.0
07,27,2004,20.3
07,28,2004,0.0
07,29,2004,10.4
07,30,2004,0.0
07,31,2004,0.0
08,01,2004,0.0
08,02,2004,24.2
08,03,2004,0.0
08,04,2004,0.0
08,05,2004,0.0
08,06,2004,0.0
08,07,2004,0.0
08,08,2004,0.0
08,09,2004,0.0
08,10,2004,0.0
08,11,2004,0.0
08,12,2004,7.5
08,13,2004,0.0
08,14,2004,0.0
08,15,2004,0.0
08,16,2004,0.0
08,17,2004,23.0
08,18,2004,0.0
08,19,2004,0.0
08,20,2004,0.0
08,21,2004,0.0
08,22,2004,0.0
08,23,2004,0.0
08,24,2004,0.0
08,25,2004,0.0
08,26,2004,0.0
08,27,2004,2.0
08,28,2004,35.0
08,29,2004,10.0
08,30,2004,0.0
08,31,2004,10.0
09,01,2004,0.0
09,02,2004,0.0
09,03,2004,5.0
09,04,2004,10.2
09,05,2004,0.0
09,06,2004,40.0
09,07,2004,39.0
09,08,2004,5.1
09,09,2004,4.2
09,10,2004,15.0
09,11,2004,40.2
09,12,2004,5.0
09,13,2004,0.0
09,14,2004,0.0
09,15,2004,10.2
09,16,2004,0.0
09,17,2004,0.0
09,18,2004,0.0
09,19,2004,20.0
09,20,2004,25.0
09,21,2004,20.0
09,22,2004,0.0
09,23,2004,0.0
09,24,2004,10.0
09,25,2004,20.0
09,26,2004,0.0
09,27,2004,3.0
09,28,2004,70.2
09,29,2004,0.0
09,30,2004,0.0
10,01,2004,0.0
10,02,2004,0.0
10,03,2004,0.0
10,04,2004,20.0
10,05,2004,0.0
10,06,2004,20.2
10,07,2004,20.2
10,08,2004,10.0
10,09,2004,3.0
10,10,2004,10.0
10,11,2004,0.0
10,12,2004,0.0
10,13,2004,0.0
10,14,2004,10.0
10,15,2004,30.2
10,16,2004,0.0
10,17,2004,0.0
10,18,2004,0.0
10,19,2004,0.0
10,20,2004,0.0
10,21,2004,0.0
10,22,2004,0.0
10,23,2004,5.0
10,24,2004,0.0
10,25,2004,0.0
10,26,2004,0.0
10,27,2004,0.0
10,28,2004,0.0
10,29,2004,0.0
10,30,2004,0.0
10,31,2004,0.0
11,01,2004,0.0
11,02,2004,0.0
11,03,2004,0.0
11,04,2004,20.0
11,05,2004,22.0
11,06,2004,20.0
11,07,2004,0.0
11,08,2004,0.0
11,09,2004,0.0
11,10,2004,0.0
11,11,2004,4.0
11,12,2004,0.0
11,13,2004,0.0
11,14,2004,0.0
11,15,2004,0.0
11,16,2004,0.0
11,17,2004,0.0
11,18,2004,0.0
11,19,2004,0.0
11,20,2004,0.0
11,21,2004,0.0
11,22,2004,0.0
11,23,2004,0.0
11,24,2004,0.0
11,25,2004,0.0
11,26,2004,4.0
11,27,2004,0.0
11,28,2004,0.0
11,29,2004,0.0
11,30,2004,0.0
12,01,2004,0.0
12,02,2004,0.0
12,03,2004,0.0
12,04,2004,0.0
12,05,2004,0.0
12,06,2004,0.0
12,07,2004,0.0
12,08,2004,0.0
12,09,2004,0.0
12,10,2004,0.0
12,11,2004,0.0
12,12,2004,0.0
12,13,2004,0.0
12,14,2004,15.0
12,15,2004,6.0
12,16,2004,7.0
12,17,2004,0.0
12,18,2004,10.0
12,19,2004,10.4
12,20,2004,0.0
12,21,2004,0.0
12,22,2004,0.0
12,23,2004,0.0
12,24,2004,0.0
12,25,2004,0.0
12,26,2004,0.0
12,27,2004,0.0
12,28,2004,0.0
12,29,2004,0.0
12,30,2004,0.0
12,31,2004,0.0
01,01,2005,0.0
01,02,2005,0.0
01,03,2005,0.0
01,04,2005,0.0
01,05,2005,0.0
01,06,2005,0.0
01,07,2005,0.0
01,08,2005,0.0
01,09,2005,0.0
01,10,2005,9.0
01,11,2005,0.0
01,12,2005,0.0
01,13,2005,0.0
01,14,2005,20.2
01,15,2005,0.0
01,16,2005,0.0
01,17,2005,7.0
01,18,2005,0.0
01,19,2005,0.0
01,20,2005,0.0
01,21,2005,0.0
01,22,2005,0.0
01,23,2005,16.0
01,24,2005,0.0
01,25,2005,0.0
01,26,2005,0.0
01,27,2005,0.0
01,28,2005,0.0
01,29,2005,0.0
01,30,2005,0.0
01,31,2005,0.0
02,01,2005,0.0
02,02,2005,0.0
02,03,2005,6.0
02,04,2005,0.0
02,05,2005,0.0
02,06,2005,0.0
02,07,2005,12.0
02,08,2005,0.0
02,09,2005,0.0
02,10,2005,0.0
02,11,2005,0.0
02,12,2005,7.0
02,13,2005,0.0
02,14,2005,0.0
02,15,2005,0.0
02,16,2005,0.0
02,17,2005,0.0
02,18,2005,12.0
02,19,2005,0.0
02,20,2005,0.0
02,21,2005,0.0
02,22,2005,0.0
02,23,2005,0.0
02,24,2005,0.0
02,25,2005,1.0
02,26,2005,12.0
02,27,2005,0.0
02,28,2005,0.0
03,01,2005,0.0
03,02,2005,0.0
03,03,2005,0.0
03,04,2005,0.0
03,05,2005,0.0
03,06,2005,0.0
03,07,2005,0.0
03,08,2005,0.0
03,09,2005,0.0
03,10,2005,0.0
03,11,2005,0.0
03,12,2005,0.0
03,13,2005,0.0
03,14,2005,0.0
03,15,2005,0.0
03,16,2005,0.0
03,17,2005,0.0
03,18,2005,0.0
03,19,2005,0.0
03,20,2005,0.0
03,21,2005,0.0
03,22,2005,0.0
03,23,2005,0.0
03,24,2005,0.0
03,25,2005,0.0
03,26,2005,0.0
03,27,2005,0.0
03,28,2005,0.0
03,29,2005,0.0
03,30,2005,0.0
03,31,2005,0.0
04,01,2005,10.0
04,02,2005,0.0
04,03,2005,0.0
04,04,2005,0.0
04,05,2005,0.0
04,06,2005,0.0
04,07,2005,0.0
04,08,2005,0.0
04,09,2005,0.0
04,10,2005,0.0
04,11,2005,0.0
04,12,2005,0.0
04,13,2005,0.0
04,14,2005,0.0
04,15,2005,0.0
04,16,2005,0.0
04,17,2005,0.0
04,18,2005,0.0
04,19,2005,0.0
04,20,2005,0.0
04,21,2005,0.0
04,22,2005,0.0
04,23,2005,0.0
04,24,2005,0.0
04,25,2005,0.0
04,26,2005,0.0
04,27,2005,0.0
04,28,2005,0.0
04,29,2005,0.0
04,30,2005,0.0
05,01,2005,0.0
05,02,2005,0.0
05,03,2005,0.0
05,04,2005,0.0
05,05,2005,0.0
05,06,2005,0.0
05,07,2005,0.0
05,08,2005,0.0
05,09,2005,0.0
05,10,2005,0.0
05,11,2005,0.0
05,12,2005,0.0
05,13,2005,0.0
05,14,2005,0.0
05,15,2005,0.0
05,16,2005,0.0
05,17,2005,20.0
05,18,2005,0.0
05,19,2005,0.0
05,20,2005,0.0
05,21,2005,0.0
05,22,2005,0.0
05,23,2005,0.0
05,24,2005,0.0
05,25,2005,0.0
05,26,2005,0.0
05,27,2005,0.0
05,28,2005,20.0
05,29,2005,40.0
05,30,2005,0.0
05,31,2005,0.0
06,01,2005,0.0
06,02,2005,0.0
06,03,2005,0.0
06,04,2005,0.0
06,05,2005,0.0
06,06,2005,0.0
06,07,2005,0.0
06,08,2005,0.0
06,09,2005,0.0
06,10,2005,0.0
06,11,2005,0.0
06,12,2005,0.0
06,13,2005,0.0
06,14,2005,10.0
06,15,2005,20.0
06,16,2005,0.0
06,17,2005,0.0
06,18,2005,0.0
06,19,2005,0.0
06,20,2005,10.0
06,21,2005,0.0
06,22,2005,20.0
06,23,2005,18.0
06,24,2005,0.0
06,25,2005,21.0
06,26,2005,21.0
06,27,2005,20.0
06,28,2005,0.0
06,29,2005,0.0
06,30,2005,0.0
07,01,2005,0.0
07,02,2005,5.0
07,03,2005,0.0
07,04,2005,0.0
07,05,2005,0.0
07,06,2005,10.0
07,07,2005,20.0
07,08,2005,0.0
07,09,2005,0.0
07,10,2005,0.0
07,11,2005,20.0
07,12,2005,10.0
07,13,2005,15.0
07,14,2005,18.0
07,15,2005,15.0
07,16,2005,25.0
07,17,2005,0.0
07,18,2005,0.0
07,19,2005,0.0
07,20,2005,4.0
07,21,2005,0.0
07,22,2005,0.0
07,23,2005,0.0
07,24,2005,0.0
07,25,2005,0.0
07,26,2005,0.0
07,27,2005,0.0
07,28,2005,0.0
07,29,2005,0.0
07,30,2005,0.0
07,31,2005,0.0
08,01,2005,0.0
08,02,2005,30.0
08,03,2005,22.0
08,04,2005,0.0
08,05,2005,0.0
08,06,2005,0.0
08,07,2005,15.0
08,08,2005,0.0
08,09,2005,10.0
08,10,2005,8.0
08,11,2005,0.0
08,12,2005,0.0
08,13,2005,0.0
08,14,2005,0.0
08,15,2005,0.0
08,16,2005,0.0
08,17,2005,0.0
08,18,2005,0.0
08,19,2005,0.0
08,20,2005,0.0
08,21,2005,0.0
08,22,2005,0.0
08,23,2005,0.0
08,24,2005,20.0
08,25,2005,19.0
08,26,2005,20.2
08,27,2005,0.0
08,28,2005,0.0
08,29,2005,20.0
08,30,2005,0.0
08,31,2005,0.0
09,01,2005,20.0
09,02,2005,19.0
09,03,2005,20.0
09,04,2005,0.0
09,05,2005,20.2
09,06,2005,0.0
09,07,2005,0.0
09,08,2005,0.0
09,09,2005,0.0
09,10,2005,0.0
09,11,2005,0.0
09,12,2005,0.0
09,13,2005,0.0
09,14,2005,0.0
09,15,2005,0.0
09,16,2005,10.0
09,17,2005,0.0
09,18,2005,0.0
09,19,2005,4.0
09,20,2005,2.0
09,21,2005,8.0
09,22,2005,0.0
09,23,2005,0.0
09,24,2005,20.0
09,25,2005,0.0
09,26,2005,0.0
09,27,2005,0.0
09,28,2005,15.0
09,29,2005,0.0
09,30,2005,0.0
10,01,2005,0.0
10,02,2005,0.0
10,03,2005,0.0
10,04,2005,0.0
10,05,2005,0.0
10,06,2005,0.0
10,07,2005,0.0
10,08,2005,0.0
10,09,2005,60.0
10,10,2005,40.0
10,11,2005,130.0
10,12,2005,10.3
10,13,2005,0.0
10,14,2005,0.0
10,15,2005,0.0
10,16,2005,0.0
10,17,2005,0.0
10,18,2005,0.0
10,19,2005,0.0
10,20,2005,0.0
10,21,2005,0.0
10,22,2005,0.0
10,23,2005,20.0
10,24,2005,15.0
10,25,2005,0.0
10,26,2005,0.0
10,27,2005,0.0
10,28,2005,10.4
10,29,2005,0.0
10,30,2005,0.0
10,31,2005,0.0
11,01,2005,5.2
11,02,2005,90.3
11,03,2005,90.5
11,04,2005,25.3
11,05,2005,20.0
11,06,2005,10.2
11,07,2005,0.0
11,08,2005,0.0
11,09,2005,0.0
11,10,2005,0.0
11,11,2005,0.0
11,12,2005,0.0
11,13,2005,0.0
11,14,2005,0.0
11,15,2005,0.0
11,16,2005,0.0
11,17,2005,0.0
11,18,2005,0.0
11,19,2005,0.0
11,20,2005,0.0
11,21,2005,6.2
11,22,2005,0.0
11,23,2005,0.0
11,24,2005,0.0
11,25,2005,0.0
11,26,2005,0.0
11,27,2005,0.0
11,28,2005,10.0
11,29,2005,5.2
11,30,2005,5.0
12,01,2005,0.0
12,02,2005,0.0
12,03,2005,0.0
12,04,2005,0.0
12,05,2005,6.0
12,06,2005,0.0
12,07,2005,0.0
12,08,2005,0.0
12,09,2005,0.0
12,10,2005,0.0
12,11,2005,0.0
12,12,2005,0.0
12,13,2005,0.0
12,14,2005,10.0
12,15,2005,0.0
12,16,2005,0.0
12,17,2005,0.0
12,18,2005,10.0
12,19,2005,0.0
12,20,2005,0.0
12,21,2005,0.0
12,22,2005,0.0
12,23,2005,0.0
12,24,2005,6.0
12,25,2005,0.0
12,26,2005,7.2
12,27,2005,0.0
12,28,2005,10.5
12,29,2005,0.0
12,30,2005,0.0
12,31,2005,0.0
01,01,2006,0.0
01,02,2006,0.0
01,03,2006,0.0
01,04,2006,0.0
01,05,2006,0.0
01,06,2006,0.0
01,07,2006,10.0
01,08,2006,0.0
01,09,2006,0.0
01,10,2006,0.0
01,11,2006,5.2
01,12,2006,0.0
01,13,2006,10.2
01,14,2006,0.0
01,15,2006,0.0
01,16,2006,0.0
01,17,2006,5.0
01,18,2006,0.0
01,19,2006,0.0
01,20,2006,0.0
01,21,2006,0.0
01,22,2006,0.0
01,23,2006,0.0
01,24,2006,19.0
01,25,2006,20.2
01,26,2006,0.0
01,27,2006,0.0
01,28,2006,0.0
01,29,2006,0.0
01,30,2006,0.0
01,31,2006,0.0
02,01,2006,0.0
02,02,2006,0.0
02,03,2006,0.0
02,04,2006,0.0
02,05,2006,0.0
02,06,2006,0.0
02,07,2006,0.0
02,08,2006,0.0
02,09,2006,0.0
02,10,2006,0.0
02,11,2006,0.0
02,12,2006,0.0
02,13,2006,0.0
02,14,2006,0.0
02,15,2006,0.0
02,16,2006,0.0
02,17,2006,0.0
02,18,2006,0.0
02,19,2006,0.0
02,20,2006,0.0
02,21,2006,0.0
02,22,2006,0.0
02,23,2006,0.0
02,24,2006,0.0
02,25,2006,0.0
02,26,2006,0.0
02,27,2006,0.0
02,28,2006,0.0
03,01,2006,0.0
03,02,2006,0.0
03,03,2006,0.0
03,04,2006,0.0
03,05,2006,0.0
03,06,2006,0.0
03,07,2006,0.0
03,08,2006,0.0
03,09,2006,0.0
03,10,2006,0.0
03,11,2006,0.0
03,12,2006,0.0
03,13,2006,0.0
03,14,2006,0.0
03,15,2006,0.0
03,16,2006,0.0
03,17,2006,0.0
03,18,2006,0.0
03,19,2006,0.0
03,20,2006,0.0
03,21,2006,0.0
03,22,2006,0.0
03,23,2006,0.0
03,24,2006,3.0
03,25,2006,0.0
03,26,2006,0.0
03,27,2006,0.0
03,28,2006,0.0
03,29,2006,0.0
03,30,2006,0.0
03,31,2006,0.0
04,01,2006,0.0
04,02,2006,0.0
04,03,2006,0.0
04,04,2006,0.0
04,05,2006,0.0
04,06,2006,0.0
04,07,2006,0.0
04,08,2006,0.0
04,09,2006,0.0
04,10,2006,0.0
04,11,2006,0.0
04,12,2006,10.0
04,13,2006,0.0
04,14,2006,0.0
04,15,2006,0.0
04,16,2006,10.0
04,17,2006,0.0
04,18,2006,0.0
04,19,2006,0.0
04,20,2006,0.0
04,21,2006,0.0
04,22,2006,0.0
04,23,2006,0.0
04,24,2006,0.0
04,25,2006,0.0
04,26,2006,0.0
04,27,2006,0.0
04,28,2006,0.0
04,29,2006,0.0
04,30,2006,0.0
05,01,2006,10.0
05,02,2006,0.0
05,03,2006,6.0
05,04,2006,0.0
05,05,2006,0.0
05,06,2006,0.0
05,07,2006,0.0
05,08,2006,0.0
05,09,2006,0.0
05,10,2006,0.0
05,11,2006,0.0
05,12,2006,0.0
05,13,2006,0.0
05,14,2006,29.0
05,15,2006,0.0
05,16,2006,0.0
05,17,2006,0.0
05,18,2006,0.0
05,19,2006,0.0
05,20,2006,0.0
05,21,2006,0.0
05,22,2006,0.0
05,23,2006,0.0
05,24,2006,15.0
05,25,2006,0.0
05,26,2006,0.0
05,27,2006,0.0
05,28,2006,20.0
05,29,2006,10.0
05,30,2006,20.0
05,31,2006,0.0
06,01,2006,20.0
06,02,2006,0.0
06,03,2006,25.0
06,04,2006,60.4
06,05,2006,20.0
06,06,2006,40.2
06,07,2006,20.0
06,08,2006,0.0
06,09,2006,0.0
06,10,2006,0.0
06,11,2006,0.0
06,12,2006,0.0
06,13,2006,5.3
06,14,2006,10.0
06,15,2006,0.0
06,16,2006,15.2
06,17,2006,2.0
06,18,2006,0.0
06,19,2006,0.0
06,20,2006,0.0
06,21,2006,0.0
06,22,2006,0.0
06,23,2006,10.0
06,24,2006,0.0
06,25,2006,0.0
06,26,2006,20.0
06,27,2006,0.0
06,28,2006,15.0
06,29,2006,0.0
06,30,2006,0.0
07,01,2006,0.0
07,02,2006,0.0
07,03,2006,10.0
07,04,2006,0.0
07,05,2006,0.0
07,06,2006,20.3
07,07,2006,0.0
07,08,2006,0.0
07,09,2006,30.2
07,10,2006,0.0
07,11,2006,0.0
07,12,2006,20.0
07,13,2006,0.0
07,14,2006,0.0
07,15,2006,0.0
07,16,2006,40.0
07,17,2006,10.0
07,18,2006,0.0
07,19,2006,0.0
07,20,2006,0.0
07,21,2006,20.0
07,22,2006,5.2
07,23,2006,0.0
07,24,2006,0.0
07,25,2006,0.0
07,26,2006,0.0
07,27,2006,0.0
07,28,2006,0.0
07,29,2006,10.0
07,30,2006,0.0
07,31,2006,0.0
08,01,2006,0.0
08,02,2006,2.0
08,03,2006,0.0
08,04,2006,15.0
08,05,2006,0.0
08,06,2006,0.0
08,07,2006,0.0
08,08,2006,23.0
08,09,2006,0.0
08,10,2006,0.0
08,11,2006,0.0
08,12,2006,0.0
08,13,2006,0.0
08,14,2006,0.0
08,15,2006,0.0
08,16,2006,0.0
08,17,2006,0.0
08,18,2006,10.0
08,19,2006,10.0
08,20,2006,0.0
08,21,2006,0.0
08,22,2006,0.0
08,23,2006,0.0
08,24,2006,10.0
08,25,2006,0.0
08,26,2006,3.0
08,27,2006,0.0
08,28,2006,0.0
08,29,2006,0.0
08,30,2006,50.0
08,31,2006,30.0
09,01,2006,20.0
09,02,2006,0.0
09,03,2006,0.0
09,04,2006,4.0
09,05,2006,0.0
09,06,2006,0.0
09,07,2006,10.0
09,08,2006,0.0
09,09,2006,0.0
09,10,2006,5.0
09,11,2006,0.0
09,12,2006,10.0
09,13,2006,0.0
09,14,2006,0.0
09,15,2006,0.0
09,16,2006,0.0
09,17,2006,0.0
09,18,2006,15.0
09,19,2006,0.0
09,20,2006,30.0
09,21,2006,0.0
09,22,2006,0.0
09,23,2006,0.0
09,24,2006,0.0
09,25,2006,5.0
09,26,2006,0.0
09,27,2006,0.0
09,28,2006,0.0
09,29,2006,0.0
09,30,2006,40.0
10,01,2006,0.0
10,02,2006,30.0
10,03,2006,10.0
10,04,2006,0.0
10,05,2006,0.0
10,06,2006,0.0
10,07,2006,0.0
10,08,2006,10.0
10,09,2006,60.2
10,10,2006,5.0
10,11,2006,15.0
10,12,2006,0.0
10,13,2006,0.0
10,14,2006,0.0
10,15,2006,0.0
10,16,2006,0.0
10,17,2006,0.0
10,18,2006,0.0
10,19,2006,0.0
10,20,2006,20.0
10,21,2006,0.0
10,22,2006,0.0
10,23,2006,0.0
10,24,2006,10.0
10,25,2006,0.0
10,26,2006,20.0
10,27,2006,0.0
10,28,2006,5.0
10,29,2006,0.0
10,30,2006,0.0
10,31,2006,0.0
11,01,2006,0.0
11,02,2006,0.0
11,03,2006,0.0
11,04,2006,0.0
11,05,2006,0.0
11,06,2006,5.0
11,07,2006,0.0
11,08,2006,0.0
11,09,2006,0.0
11,10,2006,0.0
11,11,2006,0.0
11,12,2006,0.0
11,13,2006,0.0
11,14,2006,0.0
11,15,2006,10.0
11,16,2006,0.0
11,17,2006,0.0
11,18,2006,0.0
11,19,2006,0.0
11,20,2006,0.0
11,21,2006,5.0
11,22,2006,0.0
11,23,2006,0.0
11,24,2006,0.0
11,25,2006,0.0
11,26,2006,0.0
11,27,2006,0.0
11,28,2006,0.0
11,29,2006,0.0
11,30,2006,0.0
12,01,2006,5.2
12,02,2006,0.0
12,03,2006,10.0
12,04,2006,4.0
12,05,2006,10.0
12,06,2006,0.0
12,07,2006,0.0
12,08,2006,0.0
12,09,2006,0.0
12,10,2006,0.0
12,11,2006,0.0
12,12,2006,0.0
12,13,2006,0.0
12,14,2006,0.0
12,15,2006,0.0
12,16,2006,0.0
12,17,2006,0.0
12,18,2006,3.0
12,19,2006,0.0
12,20,2006,0.0
12,21,2006,0.0
12,22,2006,0.0
12,23,2006,0.0
12,24,2006,2.0
12,25,2006,0.0
12,26,2006,0.0
12,27,2006,0.0
12,28,2006,0.0
12,29,2006,0.0
12,30,2006,0.0
12,31,2006,7.0
01,01,2007,0.0
01,02,2007,0.0
01,03,2007,0.0
01,04,2007,0.0
01,05,2007,0.0
01,06,2007,3.0
01,07,2007,4.0
01,08,2007,2.0
01,09,2007,5.2
01,10,2007,0.0
01,11,2007,0.0
01,12,2007,0.0
01,13,2007,0.0
01,14,2007,0.0
01,15,2007,0.0
01,16,2007,4.0
01,17,2007,0.0
01,18,2007,0.0
01,19,2007,0.0
01,20,2007,10.0
01,21,2007,0.0
01,22,2007,0.0
01,23,2007,5.1
01,24,2007,0.0
01,25,2007,0.0
01,26,2007,0.0
01,27,2007,0.0
01,28,2007,0.0
01,29,2007,0.0
01,30,2007,0.0
01,31,2007,0.0
02,01,2007,0.0
02,02,2007,0.0
02,03,2007,0.0
02,04,2007,3.0
02,05,2007,0.0
02,06,2007,0.0
02,07,2007,0.0
02,08,2007,0.0
02,09,2007,0.0
02,10,2007,0.0
02,11,2007,0.0
02,12,2007,0.0
02,13,2007,0.0
02,14,2007,0.0
02,15,2007,0.0
02,16,2007,0.0
02,17,2007,12.5
02,18,2007,0.0
02,19,2007,0.0
02,20,2007,0.0
02,21,2007,0.0
02,22,2007,0.0
02,23,2007,0.0
02,24,2007,0.0
02,25,2007,0.0
02,26,2007,0.0
02,27,2007,0.0
02,28,2007,0.0
03,01,2007,0.0
03,02,2007,0.0
03,03,2007,2.0
03,04,2007,5.3
03,05,2007,0.0
03,06,2007,0.0
03,07,2007,0.0
03,08,2007,0.0
03,09,2007,0.0
03,10,2007,0.0
03,11,2007,0.0
03,12,2007,0.0
03,13,2007,0.0
03,14,2007,0.0
03,15,2007,0.0
03,16,2007,1.4
03,17,2007,0.0
03,18,2007,0.0
03,19,2007,0.0
03,20,2007,0.0
03,21,2007,0.0
03,22,2007,0.0
03,23,2007,0.0
03,24,2007,0.0
03,25,2007,0.0
03,26,2007,0.0
03,27,2007,0.0
03,28,2007,0.0
03,29,2007,0.0
03,30,2007,0.0
03,31,2007,0.0
04,01,2007,30.2
04,02,2007,0.0
04,03,2007,0.0
04,04,2007,0.0
04,05,2007,0.0
04,06,2007,0.0
04,07,2007,1.0
04,08,2007,0.0
04,09,2007,0.0
04,10,2007,0.0
04,11,2007,0.0
04,12,2007,0.0
04,13,2007,0.0
04,14,2007,0.0
04,15,2007,0.0
04,16,2007,0.0
04,17,2007,0.0
04,18,2007,0.0
04,19,2007,0.0
04,20,2007,0.0
04,21,2007,0.0
04,22,2007,0.0
04,23,2007,0.0
04,24,2007,0.0
04,25,2007,0.0
04,26,2007,0.0
04,27,2007,70.2
04,28,2007,0.0
04,29,2007,0.0
04,30,2007,0.0
05,01,2007,0.0
05,02,2007,0.0
05,03,2007,0.0
05,04,2007,0.0
05,05,2007,0.0
05,06,2007,0.0
05,07,2007,0.0
05,08,2007,0.0
05,09,2007,0.0
05,10,2007,0.0
05,11,2007,0.0
05,12,2007,0.0
05,13,2007,0.0
05,14,2007,0.0
05,15,2007,0.0
05,16,2007,0.0
05,17,2007,0.0
05,18,2007,0.0
05,19,2007,0.0
05,20,2007,0.0
05,21,2007,0.0
05,22,2007,0.0
05,23,2007,0.0
05,24,2007,0.0
05,25,2007,0.0
05,26,2007,0.0
05,27,2007,0.0
05,28,2007,0.0
05,29,2007,0.0
05,30,2007,0.0
05,31,2007,0.0
06,01,2007,0.0
06,02,2007,0.0
06,03,2007,0.0
06,04,2007,20.0
06,05,2007,0.0
06,06,2007,45.0
06,07,2007,0.0
06,08,2007,23.0
06,09,2007,4.0
06,10,2007,0.0
06,11,2007,0.0
06,12,2007,0.0
06,13,2007,0.0
06,14,2007,0.0
06,15,2007,0.0
06,16,2007,80.0
06,17,2007,40.0
06,18,2007,60.3
06,19,2007,0.0
06,20,2007,0.0
06,21,2007,0.0
06,22,2007,0.0
06,23,2007,45.0
06,24,2007,0.0
06,25,2007,0.0
06,26,2007,0.0
06,27,2007,0.0
06,28,2007,0.0
06,29,2007,0.0
06,30,2007,23.0
07,01,2007,0.0
07,02,2007,0.0
07,03,2007,0.0
07,04,2007,60.5
07,05,2007,0.0
07,06,2007,0.0
07,07,2007,0.0
07,08,2007,0.0
07,09,2007,0.0
07,10,2007,0.0
07,11,2007,0.0
07,12,2007,0.0
07,13,2007,10.0
07,14,2007,0.0
07,15,2007,10.6
07,16,2007,0.0
07,17,2007,25.0
07,18,2007,0.0
07,19,2007,30.4
07,20,2007,26.0
07,21,2007,35.0
07,22,2007,90.0
07,23,2007,0.0
07,24,2007,0.0
07,25,2007,10.0
07,26,2007,0.0
07,27,2007,20.0
07,28,2007,15.0
07,29,2007,25.0
07,30,2007,0.0
07,31,2007,0.0
08,01,2007,0.0
08,02,2007,40.0
08,03,2007,0.0
08,04,2007,30.5
08,05,2007,3.2
08,06,2007,0.0
08,07,2007,0.0
08,08,2007,15.0
08,09,2007,0.0
08,10,2007,20.0
08,11,2007,19.0
08,12,2007,30.3
08,13,2007,5.0
08,14,2007,0.0
08,15,2007,15.0
08,16,2007,10.0
08,17,2007,50.0
08,18,2007,0.0
08,19,2007,0.0
08,20,2007,0.0
08,21,2007,0.0
08,22,2007,0.0
08,23,2007,80.0
08,24,2007,0.0
08,25,2007,0.0
08,26,2007,6.5
08,27,2007,13.1
08,28,2007,0.0
08,29,2007,10.0
08,30,2007,20.5
08,31,2007,0.0
09,01,2007,0.0
09,02,2007,10.0
09,03,2007,16.0
09,04,2007,0.0
09,05,2007,10.2
09,06,2007,5.0
09,07,2007,0.0
09,08,2007,0.0
09,09,2007,0.2
09,10,2007,0.0
09,11,2007,10.0
09,12,2007,15.0
09,13,2007,0.0
09,14,2007,0.0
09,15,2007,0.0
09,16,2007,0.0
09,17,2007,0.0
09,18,2007,20.0
09,19,2007,0.0
09,20,2007,10.0
09,21,2007,0.0
09,22,2007,0.0
09,23,2007,0.0
09,24,2007,11.2
09,25,2007,10.0
09,26,2007,0.0
09,27,2007,0.0
09,28,2007,15.0
09,29,2007,0.0
09,30,2007,0.0
10,01,2007,0.0
10,02,2007,0.0
10,03,2007,0.0
10,04,2007,0.0
10,05,2007,0.0
10,06,2007,0.0
10,07,2007,0.0
10,08,2007,0.0
10,09,2007,41.0
10,10,2007,40.3
10,11,2007,10.0
10,12,2007,0.0
10,13,2007,0.0
10,14,2007,0.0
10,15,2007,10.0
10,16,2007,4.0
10,17,2007,0.0
10,18,2007,0.0
10,19,2007,25.0
10,20,2007,0.0
10,21,2007,15.0
10,22,2007,2.0
10,23,2007,0.0
10,24,2007,0.0
10,25,2007,0.0
10,26,2007,0.0
10,27,2007,25.0
10,28,2007,60.0
10,29,2007,10.0
10,30,2007,0.0
10,31,2007,0.0
11,01,2007,0.0
11,02,2007,10.0
11,03,2007,7.0
11,04,2007,0.0
11,05,2007,0.0
11,06,2007,0.0
11,07,2007,0.0
11,08,2007,0.0
11,09,2007,0.0
11,10,2007,0.0
11,11,2007,0.0
11,12,2007,0.0
11,13,2007,0.0
11,14,2007,0.0
11,15,2007,0.0
11,16,2007,0.0
11,17,2007,20.0
11,18,2007,0.0
11,19,2007,0.0
11,20,2007,0.0
11,21,2007,0.0
11,22,2007,0.0
11,23,2007,0.0
11,24,2007,0.0
11,25,2007,0.0
11,26,2007,15.0
11,27,2007,0.0
11,28,2007,0.0
11,29,2007,0.0
11,30,2007,0.0
12,01,2007,0.0
12,02,2007,0.0
12,03,2007,0.0
12,04,2007,0.0
12,05,2007,0.0
12,06,2007,0.0
12,07,2007,0.0
12,08,2007,0.0
12,09,2007,0.0
12,10,2007,0.0
12,11,2007,0.0
12,12,2007,0.0
12,13,2007,0.0
12,14,2007,0.0
12,15,2007,0.0
12,16,2007,0.0
12,17,2007,0.0
12,18,2007,0.0
12,19,2007,0.0
12,20,2007,0.0
12,21,2007,0.0
12,22,2007,0.0
12,23,2007,0.0
12,24,2007,0.0
12,25,2007,0.0
12,26,2007,0.0
12,27,2007,0.0
12,28,2007,0.0
12,29,2007,0.0
12,30,2007,0.0
12,31,2007,0.0
01,01,2008,0.0
01,02,2008,20.0
01,03,2008,30.0
01,04,2008,40.0
01,05,2008,10.0
01,06,2008,0.0
01,07,2008,0.0
01,08,2008,0.0
01,09,2008,0.0
01,10,2008,0.0
01,11,2008,0.0
01,12,2008,5.0
01,13,2008,0.0
01,14,2008,0.0
01,15,2008,0.0
01,16,2008,0.0
01,17,2008,0.0
01,18,2008,0.0
01,19,2008,5.0
01,20,2008,0.0
01,21,2008,0.0
01,22,2008,0.0
01,23,2008,0.0
01,24,2008,0.0
01,25,2008,5.0
01,26,2008,0.0
01,27,2008,0.0
01,28,2008,0.0
01,29,2008,0.0
01,30,2008,0.0
01,31,2008,0.0
02,01,2008,0.0
02,02,2008,0.0
02,03,2008,0.0
02,04,2008,0.0
02,05,2008,0.0
02,06,2008,0.0
02,07,2008,0.0
02,08,2008,0.0
02,09,2008,0.0
02,10,2008,0.0
02,11,2008,0.0
02,12,2008,0.0
02,13,2008,3.0
02,14,2008,0.0
02,15,2008,0.0
02,16,2008,0.0
02,17,2008,0.0
02,18,2008,0.0
02,19,2008,0.0
02,20,2008,0.0
02,21,2008,0.0
02,22,2008,0.0
02,23,2008,0.0
02,24,2008,0.0
02,25,2008,35.0
02,26,2008,3.0
02,27,2008,0.0
02,28,2008,0.0
02,29,2008,0.0
03,01,2008,0.0
03,02,2008,0.0
03,03,2008,0.0
03,04,2008,0.0
03,05,2008,0.0
03,06,2008,0.0
03,07,2008,0.0
03,08,2008,0.0
03,09,2008,0.0
03,10,2008,0.0
03,11,2008,0.0
03,12,2008,0.0
03,13,2008,0.0
03,14,2008,0.0
03,15,2008,0.0
03,16,2008,0.0
03,17,2008,0.0
03,18,2008,0.0
03,19,2008,0.0
03,20,2008,0.0
03,21,2008,0.0
03,22,2008,0.0
03,23,2008,0.0
03,24,2008,0.0
03,25,2008,0.0
03,26,2008,0.0
03,27,2008,0.0
03,28,2008,0.0
03,29,2008,0.0
03,30,2008,0.0
03,31,2008,0.0
04,01,2008,0.0
04,02,2008,0.0
04,03,2008,0.0
04,04,2008,0.0
04,05,2008,0.0
04,06,2008,55.0
04,07,2008,5.0
04,08,2008,0.0
04,09,2008,0.0
04,10,2008,0.0
04,11,2008,0.0
04,12,2008,0.0
04,13,2008,0.0
04,14,2008,0.0
04,15,2008,0.0
04,16,2008,0.0
04,17,2008,0.0
04,18,2008,5.0
04,19,2008,0.0
04,20,2008,0.0
04,21,2008,0.0
04,22,2008,0.0
04,23,2008,0.0
04,24,2008,0.0
04,25,2008,0.0
04,26,2008,0.0
04,27,2008,0.0
04,28,2008,0.0
04,29,2008,0.0
04,30,2008,0.0
05,01,2008,0.0
05,02,2008,0.0
05,03,2008,0.0
05,04,2008,0.0
05,05,2008,0.0
05,06,2008,0.0
05,07,2008,0.0
05,08,2008,0.0
05,09,2008,0.0
05,10,2008,0.0
05,11,2008,0.0
05,12,2008,0.0
05,13,2008,0.0
05,14,2008,0.0
05,15,2008,0.0
05,16,2008,0.0
05,17,2008,40.0
05,18,2008,40.0
05,19,2008,0.0
05,20,2008,0.0
05,21,2008,20.0
05,22,2008,0.0
05,23,2008,20.0
05,24,2008,0.0
05,25,2008,0.0
05,26,2008,23.0
05,27,2008,0.0
05,28,2008,0.0
05,29,2008,0.0
05,30,2008,30.0
05,31,2008,0.0
06,01,2008,20.0
06,02,2008,24.0
06,03,2008,20.5
06,04,2008,20.0
06,05,2008,24.0
06,06,2008,30.0
06,07,2008,0.0
06,08,2008,0.0
06,09,2008,0.0
06,10,2008,0.0
06,11,2008,0.0
06,12,2008,0.0
06,13,2008,20.0
06,14,2008,0.0
06,15,2008,50.7
06,16,2008,0.0
06,17,2008,20.2
06,18,2008,0.0
06,19,2008,20.0
06,20,2008,0.0
06,21,2008,10.0
06,22,2008,0.0
06,23,2008,0.0
06,24,2008,0.0
06,25,2008,0.0
06,26,2008,0.0
06,27,2008,40.0
06,28,2008,0.0
06,29,2008,0.0
06,30,2008,0.0
07,01,2008,0.0
07,02,2008,0.0
07,03,2008,20.2
07,04,2008,10.5
07,05,2008,20.0
07,06,2008,20.7
07,07,2008,20.0
07,08,2008,0.0
07,09,2008,50.0
07,10,2008,0.0
07,11,2008,50.0
07,12,2008,0.0
07,13,2008,0.0
07,14,2008,4.0
07,15,2008,0.0
07,16,2008,0.0
07,17,2008,20.0
07,18,2008,0.0
07,19,2008,15.0
07,20,2008,0.0
07,21,2008,30.5
07,22,2008,0.0
07,23,2008,0.0
07,24,2008,0.0
07,25,2008,0.0
07,26,2008,0.0
07,27,2008,15.0
07,28,2008,0.0
07,29,2008,0.0
07,30,2008,0.0
07,31,2008,0.0
08,01,2008,0.0
08,02,2008,0.0
08,03,2008,10.0
08,04,2008,0.0
08,05,2008,0.0
08,06,2008,20.0
08,07,2008,0.0
08,08,2008,0.0
08,09,2008,0.0
08,10,2008,0.0
08,11,2008,0.0
08,12,2008,0.0
08,13,2008,0.0
08,14,2008,0.0
08,15,2008,0.0
08,16,2008,0.0
08,17,2008,0.0
08,18,2008,0.0
08,19,2008,0.0
08,20,2008,0.0
08,21,2008,0.0
08,22,2008,0.0
08,23,2008,10.0
08,24,2008,0.0
08,25,2008,0.0
08,26,2008,15.0
08,27,2008,0.0
08,28,2008,0.0
08,29,2008,0.0
08,30,2008,0.0
08,31,2008,4.1
09,01,2008,0.0
09,02,2008,0.0
09,03,2008,20.0
09,04,2008,0.0
09,05,2008,20.0
09,06,2008,10.0
09,07,2008,0.0
09,08,2008,0.0
09,09,2008,2.0
09,10,2008,0.0
09,11,2008,0.0
09,12,2008,0.0
09,13,2008,0.0
09,14,2008,0.0
09,15,2008,10.0
09,16,2008,0.0
09,17,2008,20.0
09,18,2008,40.6
09,19,2008,20.2
09,20,2008,10.0
09,21,2008,12.0
09,22,2008,0.0
09,23,2008,10.0
09,24,2008,15.0
09,25,2008,17.0
09,26,2008,0.0
09,27,2008,0.0
09,28,2008,10.0
09,29,2008,15.0
09,30,2008,0.0
10,01,2008,0.0
10,02,2008,5.0
10,03,2008,0.0
10,04,2008,0.0
10,05,2008,0.0
10,06,2008,20.0
10,07,2008,20.2
10,08,2008,10.0
10,09,2008,20.4
10,10,2008,5.0
10,11,2008,0.0
10,12,2008,0.0
10,13,2008,0.0
10,14,2008,0.0
10,15,2008,6.0
10,16,2008,0.0
10,17,2008,10.0
10,18,2008,5.0
10,19,2008,2.0
10,20,2008,3.0
10,21,2008,0.0
10,22,2008,0.0
10,23,2008,6.0
10,24,2008,0.0
10,25,2008,0.0
10,26,2008,0.0
10,27,2008,0.0
10,28,2008,10.0
10,29,2008,0.0
10,30,2008,0.0
10,31,2008,10.0
11,01,2008,0.0
11,02,2008,0.0
11,03,2008,0.0
11,04,2008,0.0
11,05,2008,0.0
11,06,2008,0.0
11,07,2008,0.0
11,08,2008,0.0
11,09,2008,0.0
11,10,2008,0.0
11,11,2008,0.0
11,12,2008,0.0
11,13,2008,0.0
11,14,2008,0.0
11,15,2008,15.0
11,16,2008,16.3
11,17,2008,17.0
11,18,2008,2.3
11,19,2008,0.0
11,20,2008,0.0
11,21,2008,0.0
11,22,2008,0.0
11,23,2008,0.0
11,24,2008,0.0
11,25,2008,0.0
11,26,2008,0.0
11,27,2008,0.0
11,28,2008,0.0
11,29,2008,30.0
11,30,2008,0.0
12,01,2008,0.0
12,02,2008,0.0
12,03,2008,0.0
12,04,2008,0.0
12,05,2008,0.0
12,06,2008,0.0
12,07,2008,0.0
12,08,2008,0.0
12,09,2008,0.0
12,10,2008,0.0
12,11,2008,0.0
12,12,2008,0.0
12,13,2008,0.0
12,14,2008,0.0
12,15,2008,0.0
12,16,2008,0.0
12,17,2008,0.0
12,18,2008,0.0
12,19,2008,0.0
12,20,2008,0.0
12,21,2008,10.0
12,22,2008,0.0
12,23,2008,0.0
12,24,2008,0.0
12,25,2008,0.0
12,26,2008,0.0
12,27,2008,0.0
12,28,2008,0.0
12,29,2008,1.0
12,30,2008,0.0
12,31,2008,0.0
01,01,2009,0.0
01,02,2009,0.0
01,03,2009,0.0
01,04,2009,0.0
01,05,2009,0.0
01,06,2009,0.0
01,07,2009,0.0
01,08,2009,0.0
01,09,2009,0.0
01,10,2009,0.0
01,11,2009,0.0
01,12,2009,0.0
01,13,2009,0.0
01,14,2009,0.0
01,15,2009,0.0
01,16,2009,0.0
01,17,2009,0.0
01,18,2009,0.0
01,19,2009,0.0
01,20,2009,0.0
01,21,2009,0.0
01,22,2009,0.0
01,23,2009,0.0
01,24,2009,0.0
01,25,2009,0.0
01,26,2009,0.0
01,27,2009,0.0
01,28,2009,0.0
01,29,2009,0.0
01,30,2009,50.0
01,31,2009,0.0
02,01,2009,0.0
02,02,2009,0.0
02,03,2009,0.0
02,04,2009,0.0
02,05,2009,0.0
02,06,2009,0.0
02,07,2009,0.0
02,08,2009,0.0
02,09,2009,0.0
02,10,2009,10.0
02,11,2009,0.0
02,12,2009,0.0
02,13,2009,0.0
02,14,2009,0.0
02,15,2009,0.0
02,16,2009,0.0
02,17,2009,0.0
02,18,2009,15.0
02,19,2009,0.0
02,20,2009,0.0
02,21,2009,0.0
02,22,2009,0.0
02,23,2009,0.0
02,24,2009,0.0
02,25,2009,0.0
02,26,2009,0.0
02,27,2009,0.0
02,28,2009,0.0
03,01,2009,15.0
03,02,2009,0.0
03,03,2009,0.0
03,04,2009,0.0
03,05,2009,0.0
03,06,2009,0.0
03,07,2009,0.0
03,08,2009,0.0
03,09,2009,0.0
03,10,2009,0.0
03,11,2009,0.0
03,12,2009,0.0
03,13,2009,0.0
03,14,2009,0.0
03,15,2009,10.0
03,16,2009,5.0
03,17,2009,0.0
03,18,2009,0.0
03,19,2009,0.0
03,20,2009,0.0
03,21,2009,0.0
03,22,2009,0.0
03,23,2009,0.0
03,24,2009,0.0
03,25,2009,0.0
03,26,2009,0.0
03,27,2009,0.0
03,28,2009,0.0
03,29,2009,0.0
03,30,2009,0.0
03,31,2009,30.2
04,01,2009,0.0
04,02,2009,0.0
04,03,2009,0.0
04,04,2009,0.0
04,05,2009,0.0
04,06,2009,0.0
04,07,2009,0.0
04,08,2009,0.0
04,09,2009,0.0
04,10,2009,0.0
04,11,2009,0.0
04,12,2009,0.0
04,13,2009,0.0
04,14,2009,0.0
04,15,2009,0.0
04,16,2009,0.0
04,17,2009,0.0
04,18,2009,0.0
04,19,2009,0.0
04,20,2009,0.0
04,21,2009,0.0
04,22,2009,0.0
04,23,2009,0.0
04,24,2009,0.0
04,25,2009,0.0
04,26,2009,0.0
04,27,2009,0.0
04,28,2009,0.0
04,29,2009,0.0
04,30,2009,0.0
05,01,2009,0.0
05,02,2009,0.0
05,03,2009,0.0
05,04,2009,0.0
05,05,2009,0.0
05,06,2009,0.0
05,07,2009,0.0
05,08,2009,0.0
05,09,2009,0.0
05,10,2009,0.0
05,11,2009,0.0
05,12,2009,0.0
05,13,2009,0.0
05,14,2009,0.0
05,15,2009,0.0
05,16,2009,0.0
05,17,2009,0.0
05,18,2009,0.0
05,19,2009,0.0
05,20,2009,0.0
05,21,2009,30.2
05,22,2009,0.0
05,23,2009,0.0
05,24,2009,40.0
05,25,2009,0.0
05,26,2009,0.0
05,27,2009,0.0
05,28,2009,0.0
05,29,2009,0.0
05,30,2009,20.6
05,31,2009,0.0
06,01,2009,0.0
06,02,2009,0.0
06,03,2009,0.0
06,04,2009,5.0
06,05,2009,0.0
06,06,2009,0.0
06,07,2009,0.0
06,08,2009,0.0
06,09,2009,40.0
06,10,2009,0.0
06,11,2009,0.0
06,12,2009,0.0
06,13,2009,0.0
06,14,2009,0.0
06,15,2009,0.0
06,16,2009,0.0
06,17,2009,20.1
06,18,2009,0.0
06,19,2009,5.0
06,20,2009,20.0
06,21,2009,10.0
06,22,2009,0.0
06,23,2009,10.3
06,24,2009,2.0
06,25,2009,0.0
06,26,2009,0.0
06,27,2009,0.0
06,28,2009,0.0
06,29,2009,40.2
06,30,2009,0.0
07,01,2009,0.0
07,02,2009,40.2
07,03,2009,0.0
07,04,2009,0.0
07,05,2009,0.0
07,06,2009,0.0
07,07,2009,0.0
07,08,2009,20.5
07,09,2009,20.5
07,10,2009,0.0
07,11,2009,10.0
07,12,2009,0.0
07,13,2009,0.0
07,14,2009,0.0
07,15,2009,0.0
07,16,2009,0.0
07,17,2009,0.0
07,18,2009,0.0
07,19,2009,0.0
07,20,2009,0.0
07,21,2009,0.0
07,22,2009,0.0
07,23,2009,0.0
07,24,2009,0.0
07,25,2009,0.0
07,26,2009,40.2
07,27,2009,0.0
07,28,2009,0.0
07,29,2009,0.0
07,30,2009,0.0
07,31,2009,0.0
08,01,2009,20.0
08,02,2009,4.0
08,03,2009,0.0
08,04,2009,0.0
08,05,2009,0.0
08,06,2009,0.0
08,07,2009,0.0
08,08,2009,10.0
08,09,2009,0.0
08,10,2009,0.0
08,11,2009,0.0
08,12,2009,0.0
08,13,2009,3.0
08,14,2009,0.0
08,15,2009,0.0
08,16,2009,0.0
08,17,2009,0.0
08,18,2009,3.0
08,19,2009,2.0
08,20,2009,0.0
08,21,2009,0.0
08,22,2009,0.0
08,23,2009,0.0
08,24,2009,0.0
08,25,2009,0.0
08,26,2009,0.0
08,27,2009,0.0
08,28,2009,0.0
08,29,2009,0.0
08,30,2009,0.0
08,31,2009,10.0
09,01,2009,0.0
09,02,2009,0.0
09,03,2009,3.0
09,04,2009,0.0
09,05,2009,30.2
09,06,2009,0.0
09,07,2009,40.2
09,08,2009,0.0
09,09,2009,30.2
09,10,2009,0.0
09,11,2009,0.0
09,12,2009,0.0
09,13,2009,0.0
09,14,2009,0.0
09,15,2009,0.0
09,16,2009,0.0
09,17,2009,0.0
09,18,2009,0.0
09,19,2009,0.0
09,20,2009,40.1
09,21,2009,15.2
09,22,2009,11.0
09,23,2009,20.2
09,24,2009,20.0
09,25,2009,40.3
09,26,2009,0.0
09,27,2009,0.0
09,28,2009,0.0
09,29,2009,0.0
09,30,2009,0.0
10,01,2009,0.0
10,02,2009,60.3
10,03,2009,0.0
10,04,2009,0.0
10,05,2009,0.0
10,06,2009,0.0
10,07,2009,0.0
10,08,2009,15.0
10,09,2009,15.2
10,10,2009,10.3
10,11,2009,0.0
10,12,2009,0.0
10,13,2009,0.0
10,14,2009,0.0
10,15,2009,0.0
10,16,2009,0.0
10,17,2009,20.0
10,18,2009,20.2
10,19,2009,15.3
10,20,2009,0.0
10,21,2009,0.0
10,22,2009,0.0
10,23,2009,0.0
10,24,2009,0.0
10,25,2009,0.0
10,26,2009,0.0
10,27,2009,0.0
10,28,2009,0.0
10,29,2009,0.0
10,30,2009,11.2
10,31,2009,11.2
11,01,2009,0.0
11,02,2009,1.0
11,03,2009,0.0
11,04,2009,17.0
11,05,2009,0.0
11,06,2009,13.0
11,07,2009,16.2
11,08,2009,0.0
11,09,2009,0.0
11,10,2009,11.0
11,11,2009,17.0
11,12,2009,15.0
11,13,2009,0.0
11,14,2009,0.0
11,15,2009,0.0
11,16,2009,0.0
11,17,2009,0.0
11,18,2009,0.0
11,19,2009,12.0
11,20,2009,0.0
11,21,2009,0.0
11,22,2009,0.0
11,23,2009,0.0
11,24,2009,0.0
11,25,2009,0.0
11,26,2009,0.0
11,27,2009,0.0
11,28,2009,0.0
11,29,2009,0.0
11,30,2009,0.0
12,01,2009,0.0
12,02,2009,0.0
12,03,2009,0.0
12,04,2009,0.0
12,05,2009,0.0
12,06,2009,0.0
12,07,2009,0.0
12,08,2009,0.0
12,09,2009,0.0
12,10,2009,0.0
12,11,2009,0.0
12,12,2009,0.0
12,13,2009,0.0
12,14,2009,0.0
12,15,2009,0.0
12,16,2009,0.0
12,17,2009,0.0
12,18,2009,0.0
12,19,2009,0.0
12,20,2009,15.0
12,21,2009,0.0
12,22,2009,0.0
12,23,2009,0.0
12,24,2009,0.0
12,25,2009,0.0
12,26,2009,0.0
12,27,2009,0.0
12,28,2009,0.0
12,29,2009,0.0
12,30,2009,0.0
12,31,2009,0.0
01,01,2010,0.0
01,02,2010,0.0
01,03,2010,0.0
01,04,2010,0.0
01,05,2010,0.0
01,06,2010,0.0
01,07,2010,0.0
01,08,2010,0.0
01,09,2010,0.0
01,10,2010,0.0
01,11,2010,11.0
01,12,2010,0.0
01,13,2010,0.0
01,14,2010,0.0
01,15,2010,0.0
01,16,2010,0.0
01,17,2010,0.0
01,18,2010,0.0
01,19,2010,0.0
01,20,2010,0.0
01,21,2010,0.0
01,22,2010,0.0
01,23,2010,0.0
01,24,2010,0.0
01,25,2010,0.0
01,26,2010,0.0
01,27,2010,0.0
01,28,2010,0.0
01,29,2010,0.0
01,30,2010,0.0
01,31,2010,0.0
02,01,2010,0.0
02,02,2010,0.0
02,03,2010,0.0
02,04,2010,0.0
02,05,2010,0.0
02,06,2010,0.0
02,07,2010,0.0
02,08,2010,0.6
02,09,2010,0.6
02,10,2010,0.0
02,11,2010,0.0
02,12,2010,0.0
02,13,2010,0.0
02,14,2010,0.0
02,15,2010,0.0
02,16,2010,0.0
02,17,2010,0.0
02,18,2010,0.0
02,19,2010,0.0
02,20,2010,0.0
02,21,2010,0.0
02,22,2010,0.0
02,23,2010,0.0
02,24,2010,12.0
02,25,2010,0.0
02,26,2010,0.0
02,27,2010,0.0
02,28,2010,0.0
03,01,2010,0.0
03,02,2010,0.0
03,03,2010,0.0
03,04,2010,0.0
03,05,2010,0.0
03,06,2010,0.0
03,07,2010,0.0
03,08,2010,0.0
03,09,2010,0.0
03,10,2010,0.0
03,11,2010,0.0
03,12,2010,0.0
03,13,2010,0.0
03,14,2010,0.0
03,15,2010,0.0
03,16,2010,0.0
03,17,2010,0.0
03,18,2010,0.0
03,19,2010,0.0
03,20,2010,0.0
03,21,2010,0.0
03,22,2010,0.0
03,23,2010,0.0
03,24,2010,0.0
03,25,2010,0.0
03,26,2010,0.0
03,27,2010,0.0
03,28,2010,0.0
03,29,2010,0.0
03,30,2010,0.0
03,31,2010,0.0
04,01,2010,0.0
04,02,2010,0.0
04,03,2010,0.0
04,04,2010,0.0
04,05,2010,0.0
04,06,2010,0.0
04,07,2010,0.0
04,08,2010,0.0
04,09,2010,0.0
04,10,2010,0.0
04,11,2010,0.0
04,12,2010,0.0
04,13,2010,0.0
04,14,2010,0.0
04,15,2010,0.0
04,16,2010,12.0
04,17,2010,10.0
04,18,2010,0.0
04,19,2010,0.0
04,20,2010,0.0
04,21,2010,0.0
04,22,2010,0.0
04,23,2010,0.0
04,24,2010,0.0
04,25,2010,0.0
04,26,2010,0.0
04,27,2010,0.0
04,28,2010,0.0
04,29,2010,0.0
04,30,2010,0.0
05,01,2010,0.0
05,02,2010,0.0
05,03,2010,0.0
05,04,2010,0.0
05,05,2010,0.0
05,06,2010,0.0
05,07,2010,0.0
05,08,2010,0.0
05,09,2010,0.0
05,10,2010,0.0
05,11,2010,0.0
05,12,2010,0.0
05,13,2010,20.0
05,14,2010,0.0
05,15,2010,0.0
05,16,2010,0.0
05,17,2010,0.0
05,18,2010,0.0
05,19,2010,0.0
05,20,2010,0.0
05,21,2010,0.0
05,22,2010,0.0
05,23,2010,15.0
05,24,2010,2.0
05,25,2010,0.0
05,26,2010,0.0
05,27,2010,0.0
05,28,2010,0.0
05,29,2010,0.0
05,30,2010,0.0
05,31,2010,0.0
06,01,2010,0.0
06,02,2010,0.0
06,03,2010,0.0
06,04,2010,70.3
06,05,2010,0.0
06,06,2010,0.0
06,07,2010,0.0
06,08,2010,0.0
06,09,2010,50.0
06,10,2010,0.0
06,11,2010,0.0
06,12,2010,20.2
06,13,2010,5.0
06,14,2010,0.0
06,15,2010,0.0
06,16,2010,0.0
06,17,2010,0.0
06,18,2010,80.7
06,19,2010,0.0
06,20,2010,4.0
06,21,2010,0.0
06,22,2010,0.0
06,23,2010,0.0
06,24,2010,19.0
06,25,2010,10.0
06,26,2010,30.0
06,27,2010,30.3
06,28,2010,30.0
06,29,2010,15.0
06,30,2010,0.0
07,01,2010,0.0
07,02,2010,0.0
07,03,2010,0.0
07,04,2010,0.0
07,05,2010,15.0
07,06,2010,0.0
07,07,2010,0.0
07,08,2010,0.0
07,09,2010,0.0
07,10,2010,0.0
07,11,2010,0.0
07,12,2010,0.0
07,13,2010,10.0
07,14,2010,10.0
07,15,2010,0.0
07,16,2010,20.4
07,17,2010,20.0
07,18,2010,22.0
07,19,2010,30.0
07,20,2010,20.0
07,21,2010,30.0
07,22,2010,10.0
07,23,2010,0.0
07,24,2010,0.0
07,25,2010,0.0
07,26,2010,2.0
07,27,2010,90.5
07,28,2010,0.0
07,29,2010,0.0
07,30,2010,0.0
07,31,2010,0.0
08,01,2010,40.0
08,02,2010,0.0
08,03,2010,10.0
08,04,2010,8.0
08,05,2010,10.0
08,06,2010,0.0
08,07,2010,0.0
08,08,2010,15.0
08,09,2010,20.2
08,10,2010,0.0
08,11,2010,10.0
08,12,2010,0.0
08,13,2010,14.0
08,14,2010,0.0
08,15,2010,20.0
08,16,2010,0.0
08,17,2010,4.0
08,18,2010,10.0
08,19,2010,60.0
08,20,2010,60.2
08,21,2010,7.0
08,22,2010,2.0
08,23,2010,80.7
08,24,2010,0.0
08,25,2010,20.0
08,26,2010,22.0
08,27,2010,20.4
08,28,2010,40.0
08,29,2010,50.0
08,30,2010,2.0
08,31,2010,30.3
09,01,2010,20.0
09,02,2010,22.0
09,03,2010,0.0
09,04,2010,10.0
09,05,2010,0.0
09,06,2010,0.0
09,07,2010,0.0
09,08,2010,60.0
09,09,2010,20.0
09,10,2010,0.0
09,11,2010,2.0
09,12,2010,5.0
09,13,2010,0.0
09,14,2010,0.0
09,15,2010,0.0
09,16,2010,20.0
09,17,2010,0.0
09,18,2010,0.0
09,19,2010,60.0
09,20,2010,0.0
09,21,2010,2.0
09,22,2010,0.0
09,23,2010,0.0
09,24,2010,10.0
09,25,2010,60.0
09,26,2010,80.0
09,27,2010,80.0
09,28,2010,15.0
09,29,2010,0.0
09,30,2010,10.0
10,01,2010,0.0
10,02,2010,0.0
10,03,2010,0.0
10,04,2010,0.0
10,05,2010,0.0
10,06,2010,0.0
10,07,2010,0.0
10,08,2010,5.0
10,09,2010,0.0
10,10,2010,0.0
10,11,2010,0.0
10,12,2010,0.0
10,13,2010,0.0
10,14,2010,0.0
10,15,2010,0.0
10,16,2010,0.0
10,17,2010,0.0
10,18,2010,0.0
10,19,2010,0.0
10,20,2010,0.0
10,21,2010,0.0
10,22,2010,0.0
10,23,2010,0.0
10,24,2010,0.0
10,25,2010,20.0
10,26,2010,0.0
10,27,2010,22.0
10,28,2010,0.0
10,29,2010,0.0
10,30,2010,23.0
10,31,2010,0.0
11,01,2010,0.0
11,02,2010,0.0
11,03,2010,0.0
11,04,2010,0.0
11,05,2010,10.0
11,06,2010,0.0
11,07,2010,0.0
11,08,2010,5.0
11,09,2010,0.0
11,10,2010,0.0
11,11,2010,0.0
11,12,2010,0.0
11,13,2010,0.0
11,14,2010,0.0
11,15,2010,0.0
11,16,2010,0.0
11,17,2010,0.0
11,18,2010,0.0
11,19,2010,10.0
11,20,2010,0.0
11,21,2010,0.0
11,22,2010,0.0
11,23,2010,0.0
11,24,2010,0.0
11,25,2010,2.0
11,26,2010,1.0
11,27,2010,0.0
11,28,2010,10.0
11,29,2010,0.0
11,30,2010,0.0
12,01,2010,0.0
12,02,2010,0.0
12,03,2010,0.0
12,04,2010,0.0
12,05,2010,0.0
12,06,2010,0.0
12,07,2010,0.0
12,08,2010,10.0
12,09,2010,0.0
12,10,2010,0.0
12,11,2010,0.0
12,12,2010,10.0
12,13,2010,0.0
12,14,2010,0.0
12,15,2010,0.0
12,16,2010,0.0
12,17,2010,0.0
12,18,2010,0.0
12,19,2010,0.0
12,20,2010,0.0
12,21,2010,0.0
12,22,2010,0.0
12,23,2010,0.0
12,24,2010,0.0
12,25,2010,0.0
12,26,2010,5.0
12,27,2010,0.0
12,28,2010,0.0
12,29,2010,0.0
12,30,2010,0.0
12,31,2010,0.0
01,01,2011,0.0
01,02,2011,4.0
01,03,2011,0.0
01,04,2011,0.0
01,05,2011,0.0
01,06,2011,0.0
01,07,2011,0.0
01,08,2011,0.0
01,09,2011,0.0
01,10,2011,0.0
01,11,2011,30.0
01,12,2011,7.0
01,13,2011,0.0
01,14,2011,0.0
01,15,2011,0.0
01,16,2011,0.0
01,17,2011,0.0
01,18,2011,0.0
01,19,2011,0.0
01,20,2011,0.0
01,21,2011,0.0
01,22,2011,0.0
01,23,2011,0.0
01,24,2011,0.0
01,25,2011,0.0
01,26,2011,0.0
01,27,2011,0.0
01,28,2011,0.0
01,29,2011,0.0
01,30,2011,0.0
01,31,2011,0.0
02,01,2011,0.0
02,02,2011,0.0
02,03,2011,0.0
02,04,2011,0.0
02,05,2011,0.0
02,06,2011,0.0
02,07,2011,0.0
02,08,2011,0.0
02,09,2011,0.0
02,10,2011,0.0
02,11,2011,0.0
02,12,2011,0.0
02,13,2011,0.0
02,14,2011,0.0
02,15,2011,0.0
02,16,2011,0.0
02,17,2011,0.0
02,18,2011,0.0
02,19,2011,0.0
02,20,2011,0.0
02,21,2011,0.0
02,22,2011,0.0
02,23,2011,12.0
02,24,2011,0.0
02,25,2011,0.0
02,26,2011,0.0
02,27,2011,0.0
02,28,2011,0.0
03,01,2011,13.0
03,02,2011,0.0
03,03,2011,0.0
03,04,2011,0.0
03,05,2011,0.0
03,06,2011,0.0
03,07,2011,10.0
03,08,2011,0.0
03,09,2011,0.0
03,10,2011,25.0
03,11,2011,0.0
03,12,2011,0.0
03,13,2011,0.0
03,14,2011,0.0
03,15,2011,0.0
03,16,2011,0.0
03,17,2011,0.0
03,18,2011,0.0
03,19,2011,0.0
03,20,2011,0.0
03,21,2011,0.0
03,22,2011,0.0
03,23,2011,0.0
03,24,2011,0.0
03,25,2011,0.0
03,26,2011,0.0
03,27,2011,0.0
03,28,2011,0.0
03,29,2011,0.0
03,30,2011,0.0
03,31,2011,0.0
04,01,2011,0.0
04,02,2011,0.0
04,03,2011,0.0
04,04,2011,0.0
04,05,2011,0.0
04,06,2011,0.0
04,07,2011,0.0
04,08,2011,0.0
04,09,2011,0.0
04,10,2011,0.0
04,11,2011,0.0
04,12,2011,0.0
04,13,2011,0.0
04,14,2011,0.0
04,15,2011,0.0
04,16,2011,0.0
04,17,2011,0.0
04,18,2011,0.0
04,19,2011,0.0
04,20,2011,0.0
04,21,2011,0.0
04,22,2011,0.0
04,23,2011,0.0
04,24,2011,0.0
04,25,2011,0.0
04,26,2011,0.0
04,27,2011,0.0
04,28,2011,0.0
04,29,2011,0.0
04,30,2011,0.0
05,01,2011,5.0
05,02,2011,0.0
05,03,2011,31.0
05,04,2011,0.0
05,05,2011,0.0
05,06,2011,0.0
05,07,2011,0.0
05,08,2011,0.0
05,09,2011,0.0
05,10,2011,0.0
05,11,2011,0.0
05,12,2011,0.0
05,13,2011,0.0
05,14,2011,0.0
05,15,2011,0.0
05,16,2011,0.0
05,17,2011,0.0
05,18,2011,0.0
05,19,2011,0.0
05,20,2011,0.0
05,21,2011,0.0
05,22,2011,0.0
05,23,2011,0.0
05,24,2011,0.0
05,25,2011,0.0
05,26,2011,0.0
05,27,2011,0.0
05,28,2011,30.2
05,29,2011,20.0
05,30,2011,0.0
05,31,2011,0.0
06,01,2011,0.0
06,02,2011,0.0
06,03,2011,0.0
06,04,2011,0.0
06,05,2011,0.0
06,06,2011,0.0
06,07,2011,0.0
06,08,2011,0.0
06,09,2011,0.0
06,10,2011,0.0
06,11,2011,0.0
06,12,2011,0.0
06,13,2011,0.0
06,14,2011,0.0
06,15,2011,0.0
06,16,2011,0.0
06,17,2011,0.0
06,18,2011,0.0
06,19,2011,0.0
06,20,2011,0.0
06,21,2011,0.0
06,22,2011,0.0
06,23,2011,0.0
06,24,2011,0.0
06,25,2011,20.0
06,26,2011,0.0
06,27,2011,0.0
06,28,2011,0.0
06,29,2011,0.0
06,30,2011,0.0
07,01,2011,0.0
07,02,2011,0.0
07,03,2011,0.0
07,04,2011,20.0
07,05,2011,0.0
07,06,2011,4.0
07,07,2011,0.0
07,08,2011,0.0
07,09,2011,0.0
07,10,2011,17.0
07,11,2011,0.0
07,12,2011,0.0
07,13,2011,0.0
07,14,2011,4.0
07,15,2011,0.0
07,16,2011,0.0
07,17,2011,0.0
07,18,2011,0.0
07,19,2011,20.4
07,20,2011,30.0
07,21,2011,0.0
07,22,2011,0.0
07,23,2011,0.0
07,24,2011,20.0
07,25,2011,0.0
07,26,2011,0.0
07,27,2011,0.0
07,28,2011,30.3
07,29,2011,0.0
07,30,2011,0.0
07,31,2011,null
08,01,2011,0.0
08,02,2011,0.0
08,03,2011,20.0
08,04,2011,30.0
08,05,2011,0.0
08,06,2011,20.0
08,07,2011,0.0
08,08,2011,0.0
08,09,2011,40.0
08,10,2011,0.0
08,11,2011,0.0
08,12,2011,30.7
08,13,2011,20.0
08,14,2011,0.0
08,15,2011,0.0
08,16,2011,40.0
08,17,2011,30.0
08,18,2011,0.0
08,19,2011,0.0
08,20,2011,0.0
08,21,2011,20.0
08,22,2011,20.0
08,23,2011,20.0
08,24,2011,0.0
08,25,2011,2.0
08,26,2011,30.0
08,27,2011,0.0
08,28,2011,0.0
08,29,2011,10.0
08,30,2011,40.0
08,31,2011,null
09,01,2011,2.0
09,02,2011,0.0
09,03,2011,0.0
09,04,2011,0.0
09,05,2011,0.0
09,06,2011,4.0
09,07,2011,0.0
09,08,2011,4.0
09,09,2011,0.0
09,10,2011,0.0
09,11,2011,15.0
09,12,2011,9.0
09,13,2011,0.0
09,14,2011,0.0
09,15,2011,20.0
09,16,2011,25.0
09,17,2011,4.0
09,18,2011,20.0
09,19,2011,10.0
09,20,2011,20.0
09,21,2011,38.0
09,22,2011,0.0
09,23,2011,20.0
09,24,2011,25.0
09,25,2011,30.0
09,26,2011,0.0
09,27,2011,20.0
09,28,2011,12.0
09,29,2011,40.0
09,30,2011,0.0
10,01,2011,4.0
10,02,2011,0.0
10,03,2011,0.0
10,04,2011,5.0
10,05,2011,20.0
10,06,2011,5.0
10,07,2011,40.0
10,08,2011,20.0
10,09,2011,10.0
10,10,2011,15.0
10,11,2011,20.0
10,12,2011,30.0
10,13,2011,20.0
10,14,2011,24.0
10,15,2011,20.0
10,16,2011,15.0
10,17,2011,24.0
10,18,2011,0.0
10,19,2011,5.0
10,20,2011,0.0
10,21,2011,0.0
10,22,2011,0.0
10,23,2011,0.0
10,24,2011,0.0
10,25,2011,0.0
10,26,2011,0.0
10,27,2011,0.0
10,28,2011,0.0
10,29,2011,10.0
10,30,2011,0.0
10,31,2011,30.0
11,01,2011,0.0
11,02,2011,0.0
11,03,2011,3.0
11,04,2011,0.0
11,05,2011,0.0
11,06,2011,0.0
11,07,2011,0.0
11,08,2011,0.0
11,09,2011,0.0
11,10,2011,0.0
11,11,2011,0.0
11,12,2011,0.0
11,13,2011,0.0
11,14,2011,0.0
11,15,2011,0.0
11,16,2011,0.0
11,17,2011,0.0
11,18,2011,10.0
11,19,2011,0.0
11,20,2011,0.0
11,21,2011,0.0
11,22,2011,0.0
11,23,2011,0.0
11,24,2011,0.0
11,25,2011,0.0
11,26,2011,0.0
11,27,2011,10.0
11,28,2011,0.0
11,29,2011,0.0
11,30,2011,6.0
12,01,2011,null
12,02,2011,null
12,03,2011,null
12,04,2011,null
12,05,2011,null
12,06,2011,null
12,07,2011,null
12,08,2011,null
12,09,2011,null
12,10,2011,null
12,11,2011,null
12,12,2011,null
12,13,2011,null
12,14,2011,null
12,15,2011,null
12,16,2011,null
12,17,2011,null
12,18,2011,null
12,19,2011,null
12,20,2011,null
12,21,2011,null
12,22,2011,null
12,23,2011,null
12,24,2011,null
12,25,2011,null
12,26,2011,null
12,27,2011,null
12,28,2011,null
12,29,2011,null
12,30,2011,null
12,31,2011,null
01,01,2012,null
01,02,2012,null
01,03,2012,null
01,04,2012,null
01,05,2012,null
01,06,2012,null
01,07,2012,null
01,08,2012,null
01,09,2012,null
01,10,2012,null
01,11,2012,null
01,12,2012,null
01,13,2012,null
01,14,2012,null
01,15,2012,null
01,16,2012,null
01,17,2012,null
01,18,2012,null
01,19,2012,null
01,20,2012,null
01,21,2012,null
01,22,2012,null
01,23,2012,null
01,24,2012,null
01,25,2012,null
01,26,2012,null
01,27,2012,null
01,28,2012,null
01,29,2012,null
01,30,2012,null
01,31,2012,null
02,01,2012,null
02,02,2012,null
02,03,2012,null
02,04,2012,null
02,05,2012,null
02,06,2012,null
02,07,2012,null
02,08,2012,null
02,09,2012,null
02,10,2012,null
02,11,2012,null
02,12,2012,null
02,13,2012,null
02,14,2012,null
02,15,2012,null
02,16,2012,null
02,17,2012,null
02,18,2012,null
02,19,2012,null
02,20,2012,null
02,21,2012,null
02,22,2012,null
02,23,2012,null
02,24,2012,null
02,25,2012,null
02,26,2012,null
02,27,2012,null
02,28,2012,null
02,29,2012,null
03,01,2012,null
03,02,2012,null
03,03,2012,null
03,04,2012,null
03,05,2012,null
03,06,2012,null
03,07,2012,null
03,08,2012,null
03,09,2012,null
03,10,2012,null
03,11,2012,null
03,12,2012,null
03,13,2012,null
03,14,2012,null
03,15,2012,null
03,16,2012,null
03,17,2012,null
03,18,2012,null
03,19,2012,null
03,20,2012,null
03,21,2012,null
03,22,2012,null
03,23,2012,null
03,24,2012,null
03,25,2012,null
03,26,2012,null
03,27,2012,null
03,28,2012,null
03,29,2012,null
03,30,2012,null
03,31,2012,null
04,01,2012,0.0
04,02,2012,0.0
04,03,2012,0.0
04,04,2012,0.0
04,05,2012,0.0
04,06,2012,0.0
04,07,2012,0.0
04,08,2012,0.0
04,09,2012,0.0
04,10,2012,10.0
04,11,2012,0.0
04,12,2012,0.0
04,13,2012,0.0
04,14,2012,0.0
04,15,2012,0.0
04,16,2012,0.0
04,17,2012,0.0
04,18,2012,15.0
04,19,2012,0.0
04,20,2012,0.0
04,21,2012,0.0
04,22,2012,0.0
04,23,2012,0.0
04,24,2012,0.0
04,25,2012,0.0
04,26,2012,0.0
04,27,2012,20.0
04,28,2012,0.0
04,29,2012,0.0
04,30,2012,0.0
05,01,2012,0.0
05,02,2012,0.0
05,03,2012,0.0
05,04,2012,0.0
05,05,2012,0.0
05,06,2012,0.0
05,07,2012,20.5
05,08,2012,0.0
05,09,2012,0.0
05,10,2012,0.0
05,11,2012,0.0
05,12,2012,0.0
05,13,2012,0.0
05,14,2012,0.0
05,15,2012,20.9
05,16,2012,0.0
05,17,2012,0.0
05,18,2012,0.0
05,19,2012,0.0
05,20,2012,0.0
05,21,2012,0.0
05,22,2012,0.0
05,23,2012,0.0
05,24,2012,0.0
05,25,2012,20.5
05,26,2012,30.7
05,27,2012,20.5
05,28,2012,0.0
05,29,2012,0.0
05,30,2012,0.0
05,31,2012,7.0
06,01,2012,0.0
06,02,2012,0.0
06,03,2012,27.0
06,04,2012,0.0
06,05,2012,0.0
06,06,2012,15.0
06,07,2012,0.0
06,08,2012,0.0
06,09,2012,0.0
06,10,2012,30.0
06,11,2012,20.4
06,12,2012,0.0
06,13,2012,0.0
06,14,2012,40.0
06,15,2012,0.0
06,16,2012,30.3
06,17,2012,20.0
06,18,2012,0.0
06,19,2012,20.6
06,20,2012,0.0
06,21,2012,0.0
06,22,2012,0.0
06,23,2012,0.0
06,24,2012,0.0
06,25,2012,20.0
06,26,2012,0.0
06,27,2012,0.0
06,28,2012,60.4
06,29,2012,null
06,30,2012,null
07,01,2012,0.0
07,02,2012,0.0
07,03,2012,0.0
07,04,2012,20.0
07,05,2012,0.0
07,06,2012,0.0
07,07,2012,0.0
07,08,2012,7.0
07,09,2012,0.0
07,10,2012,9.2
07,11,2012,0.0
07,12,2012,0.0
07,13,2012,0.0
07,14,2012,0.0
07,15,2012,0.0
07,16,2012,5.0
07,17,2012,0.0
07,18,2012,6.0
07,19,2012,10.0
07,20,2012,15.0
07,21,2012,12.0
07,22,2012,14.0
07,23,2012,0.0
07,24,2012,0.0
07,25,2012,0.0
07,26,2012,0.0
07,27,2012,4.0
07,28,2012,0.0
07,29,2012,0.0
07,30,2012,0.0
07,31,2012,0.0
08,01,2012,0.0
08,02,2012,10.0
08,03,2012,0.0
08,04,2012,0.0
08,05,2012,20.0
08,06,2012,0.0
08,07,2012,20.0
08,08,2012,40.0
08,09,2012,20.0
08,10,2012,10.0
08,11,2012,0.0
08,12,2012,3.0
08,13,2012,0.0
08,14,2012,20.0
08,15,2012,0.0
08,16,2012,0.0
08,17,2012,0.0
08,18,2012,2.0
08,19,2012,20.0
08,20,2012,0.0
08,21,2012,10.0
08,22,2012,20.0
08,23,2012,0.0
08,24,2012,0.0
08,25,2012,0.0
08,26,2012,10.0
08,27,2012,0.0
08,28,2012,0.0
08,29,2012,0.0
08,30,2012,0.0
08,31,2012,null
09,01,2012,0.0
09,02,2012,0.0
09,03,2012,0.0
09,04,2012,0.0
09,05,2012,20.0
09,06,2012,0.0
09,07,2012,0.0
09,08,2012,0.0
09,09,2012,10.2
09,10,2012,0.0
09,11,2012,0.0
09,12,2012,0.0
09,13,2012,0.0
09,14,2012,0.0
09,15,2012,12.0
09,16,2012,0.0
09,17,2012,0.0
09,18,2012,10.0
09,19,2012,0.0
09,20,2012,20.0
09,21,2012,0.0
09,22,2012,4.0
09,23,2012,0.0
09,24,2012,0.0
09,25,2012,20.0
09,26,2012,0.0
09,27,2012,0.0
09,28,2012,0.0
09,29,2012,10.0
09,30,2012,0.0
10,01,2012,0.0
10,02,2012,0.0
10,03,2012,10.0
10,04,2012,0.0
10,05,2012,0.0
10,06,2012,0.0
10,07,2012,0.0
10,08,2012,0.0
10,09,2012,0.0
10,10,2012,0.0
10,11,2012,0.0
10,12,2012,0.0
10,13,2012,0.0
10,14,2012,0.0
10,15,2012,10.0
10,16,2012,0.0
10,17,2012,0.0
10,18,2012,0.0
10,19,2012,0.0
10,20,2012,0.0
10,21,2012,20.0
10,22,2012,0.0
10,23,2012,10.0
10,24,2012,0.0
10,25,2012,0.0
10,26,2012,10.0
10,27,2012,0.0
10,28,2012,0.0
10,29,2012,16.0
10,30,2012,0.0
10,31,2012,0.0
11,01,2012,0.0
11,02,2012,0.0
11,03,2012,0.0
11,04,2012,10.0
11,05,2012,0.0
11,06,2012,0.0
11,07,2012,0.0
11,08,2012,0.0
11,09,2012,0.0
11,10,2012,0.0
11,11,2012,0.0
11,12,2012,0.0
11,13,2012,0.0
11,14,2012,0.0
11,15,2012,0.0
11,16,2012,0.0
11,17,2012,0.0
11,18,2012,0.0
11,19,2012,0.0
11,20,2012,0.0
11,21,2012,0.0
11,22,2012,0.0
11,23,2012,0.0
11,24,2012,0.0
11,25,2012,0.0
11,26,2012,0.0
11,27,2012,0.0
11,28,2012,0.0
11,29,2012,0.0
11,30,2012,0.0
12,01,2012,0.0
12,02,2012,0.0
12,03,2012,0.0
12,04,2012,0.0
12,05,2012,0.0
12,06,2012,0.0
12,07,2012,0.0
12,08,2012,0.0
12,09,2012,0.0
12,10,2012,0.0
12,11,2012,0.0
12,12,2012,0.0
12,13,2012,0.0
12,14,2012,0.0
12,15,2012,0.0
12,16,2012,0.0
12,17,2012,0.0
12,18,2012,0.0
12,19,2012,0.0
12,20,2012,0.0
12,21,2012,0.0
12,22,2012,0.0
12,23,2012,10.0
12,24,2012,0.0
12,25,2012,0.0
12,26,2012,0.0
12,27,2012,0.0
12,28,2012,0.0
12,29,2012,0.0
12,30,2012,0.0
12,31,2012,0.0
01,01,2013,0.0
01,02,2013,0.0
01,03,2013,0.0
01,04,2013,0.0
01,05,2013,0.0
01,06,2013,0.0
01,07,2013,0.0
01,08,2013,0.0
01,09,2013,0.0
01,10,2013,0.0
01,11,2013,0.0
01,12,2013,0.0
01,13,2013,0.0
01,14,2013,0.0
01,15,2013,0.0
01,16,2013,0.0
01,17,2013,0.0
01,18,2013,0.0
01,19,2013,0.0
01,20,2013,0.0
01,21,2013,0.0
01,22,2013,0.0
01,23,2013,0.0
01,24,2013,0.0
01,25,2013,0.0
01,26,2013,0.0
01,27,2013,0.0
01,28,2013,0.0
01,29,2013,0.0
01,30,2013,0.0
01,31,2013,0.0
02,01,2013,0.0
02,02,2013,0.0
02,03,2013,0.0
02,04,2013,0.0
02,05,2013,0.0
02,06,2013,0.0
02,07,2013,10.0
02,08,2013,0.0
02,09,2013,0.0
02,10,2013,0.0
02,11,2013,0.0
02,12,2013,0.0
02,13,2013,0.0
02,14,2013,0.0
02,15,2013,0.0
02,16,2013,0.0
02,17,2013,0.0
02,18,2013,0.0
02,19,2013,0.0
02,20,2013,0.0
02,21,2013,0.0
02,22,2013,0.0
02,23,2013,0.0
02,24,2013,0.0
02,25,2013,0.0
02,26,2013,0.0
02,27,2013,0.0
02,28,2013,null
03,01,2013,0.0
03,02,2013,0.0
03,03,2013,0.0
03,04,2013,0.0
03,05,2013,0.0
03,06,2013,0.0
03,07,2013,0.0
03,08,2013,0.0
03,09,2013,0.0
03,10,2013,0.0
03,11,2013,0.0
03,12,2013,0.0
03,13,2013,0.0
03,14,2013,0.0
03,15,2013,0.0
03,16,2013,0.0
03,17,2013,0.0
03,18,2013,0.0
03,19,2013,0.0
03,20,2013,0.0
03,21,2013,0.0
03,22,2013,0.0
03,23,2013,0.0
03,24,2013,0.0
03,25,2013,0.0
03,26,2013,0.0
03,27,2013,0.0
03,28,2013,0.0
03,29,2013,0.0
03,30,2013,0.0
03,31,2013,null
