Id:,15061
Estación:,NEZAHUALCOYOTL-MEX
Posición:,19.4158333333N -99.0338888889W
Variable:,Temp Promedio (oC)
Fecha Inicial:,01/01/1998
Fecha Final:,01/01/2013
No Dato:,nan
Mes,Día,Anio,Datos
01,01,1998,5.5
01,02,1998,6.5
01,03,1998,5.0
01,04,1998,5.5
01,05,1998,5.0
01,06,1998,7.0
01,07,1998,5.5
01,08,1998,5.25
01,09,1998,4.0
01,10,1998,4.0
01,11,1998,4.75
01,12,1998,5.0
01,13,1998,1.0
01,14,1998,3.5
01,15,1998,3.0
01,16,1998,2.0
01,17,1998,3.5
01,18,1998,0.5
01,19,1998,null
01,20,1998,null
01,21,1998,null
01,22,1998,null
01,23,1998,null
01,24,1998,null
01,25,1998,null
01,26,1998,null
01,27,1998,null
01,28,1998,null
01,29,1998,null
01,30,1998,null
01,31,1998,null
02,01,1998,null
02,02,1998,null
02,03,1998,null
02,04,1998,null
02,05,1998,null
02,06,1998,null
02,07,1998,null
02,08,1998,null
02,09,1998,null
02,10,1998,null
02,11,1998,null
02,12,1998,null
02,13,1998,null
02,14,1998,null
02,15,1998,null
02,16,1998,null
02,17,1998,null
02,18,1998,null
02,19,1998,null
02,20,1998,null
02,21,1998,null
02,22,1998,null
02,23,1998,null
02,24,1998,null
02,25,1998,null
02,26,1998,null
02,27,1998,null
02,28,1998,null
03,01,1998,null
03,02,1998,null
03,03,1998,null
03,04,1998,null
03,05,1998,null
03,06,1998,null
03,07,1998,null
03,08,1998,null
03,09,1998,null
03,10,1998,null
03,11,1998,null
03,12,1998,null
03,13,1998,null
03,14,1998,null
03,15,1998,null
03,16,1998,null
03,17,1998,null
03,18,1998,null
03,19,1998,null
03,20,1998,null
03,21,1998,null
03,22,1998,null
03,23,1998,null
03,24,1998,null
03,25,1998,null
03,26,1998,null
03,27,1998,null
03,28,1998,null
03,29,1998,null
03,30,1998,null
03,31,1998,null
04,01,1998,null
04,02,1998,null
04,03,1998,null
04,04,1998,null
04,05,1998,null
04,06,1998,null
04,07,1998,null
04,08,1998,null
04,09,1998,null
04,10,1998,null
04,11,1998,null
04,12,1998,null
04,13,1998,null
04,14,1998,null
04,15,1998,null
04,16,1998,null
04,17,1998,null
04,18,1998,null
04,19,1998,null
04,20,1998,null
04,21,1998,null
04,22,1998,null
04,23,1998,null
04,24,1998,null
04,25,1998,null
04,26,1998,null
04,27,1998,null
04,28,1998,null
04,29,1998,null
04,30,1998,null
05,01,1998,null
05,02,1998,null
05,03,1998,null
05,04,1998,null
05,05,1998,null
05,06,1998,null
05,07,1998,null
05,08,1998,null
05,09,1998,null
05,10,1998,null
05,11,1998,null
05,12,1998,null
05,13,1998,null
05,14,1998,null
05,15,1998,null
05,16,1998,null
05,17,1998,null
05,18,1998,null
05,19,1998,null
05,20,1998,null
05,21,1998,null
05,22,1998,null
05,23,1998,null
05,24,1998,null
05,25,1998,null
05,26,1998,null
05,27,1998,null
05,28,1998,null
05,29,1998,null
05,30,1998,null
05,31,1998,null
06,01,1998,null
06,02,1998,null
06,03,1998,null
06,04,1998,null
06,05,1998,null
06,06,1998,null
06,07,1998,null
06,08,1998,null
06,09,1998,null
06,10,1998,null
06,11,1998,null
06,12,1998,null
06,13,1998,null
06,14,1998,null
06,15,1998,null
06,16,1998,null
06,17,1998,null
06,18,1998,null
06,19,1998,null
06,20,1998,null
06,21,1998,null
06,22,1998,null
06,23,1998,null
06,24,1998,null
06,25,1998,null
06,26,1998,null
06,27,1998,null
06,28,1998,null
06,29,1998,null
06,30,1998,null
07,01,1998,null
07,02,1998,null
07,03,1998,null
07,04,1998,null
07,05,1998,null
07,06,1998,null
07,07,1998,null
07,08,1998,null
07,09,1998,null
07,10,1998,null
07,11,1998,null
07,12,1998,null
07,13,1998,null
07,14,1998,null
07,15,1998,null
07,16,1998,null
07,17,1998,null
07,18,1998,null
07,19,1998,null
07,20,1998,null
07,21,1998,null
07,22,1998,null
07,23,1998,null
07,24,1998,null
07,25,1998,null
07,26,1998,null
07,27,1998,null
07,28,1998,null
07,29,1998,null
07,30,1998,null
07,31,1998,null
08,01,1998,null
08,02,1998,null
08,03,1998,null
08,04,1998,null
08,05,1998,null
08,06,1998,null
08,07,1998,null
08,08,1998,null
08,09,1998,null
08,10,1998,null
08,11,1998,null
08,12,1998,null
08,13,1998,null
08,14,1998,null
08,15,1998,null
08,16,1998,null
08,17,1998,null
08,18,1998,null
08,19,1998,null
08,20,1998,null
08,21,1998,null
08,22,1998,null
08,23,1998,null
08,24,1998,null
08,25,1998,null
08,26,1998,null
08,27,1998,null
08,28,1998,null
08,29,1998,null
08,30,1998,null
08,31,1998,null
09,01,1998,null
09,02,1998,null
09,03,1998,null
09,04,1998,null
09,05,1998,null
09,06,1998,null
09,07,1998,null
09,08,1998,null
09,09,1998,null
09,10,1998,null
09,11,1998,null
09,12,1998,null
09,13,1998,null
09,14,1998,null
09,15,1998,null
09,16,1998,null
09,17,1998,null
09,18,1998,null
09,19,1998,null
09,20,1998,null
09,21,1998,null
09,22,1998,null
09,23,1998,null
09,24,1998,null
09,25,1998,null
09,26,1998,null
09,27,1998,null
09,28,1998,null
09,29,1998,null
09,30,1998,null
10,01,1998,null
10,02,1998,null
10,03,1998,null
10,04,1998,null
10,05,1998,null
10,06,1998,null
10,07,1998,null
10,08,1998,null
10,09,1998,null
10,10,1998,null
10,11,1998,null
10,12,1998,null
10,13,1998,null
10,14,1998,null
10,15,1998,null
10,16,1998,null
10,17,1998,null
10,18,1998,null
10,19,1998,null
10,20,1998,null
10,21,1998,null
10,22,1998,null
10,23,1998,null
10,24,1998,null
10,25,1998,null
10,26,1998,null
10,27,1998,null
10,28,1998,null
10,29,1998,null
10,30,1998,null
10,31,1998,null
11,01,1998,null
11,02,1998,null
11,03,1998,null
11,04,1998,null
11,05,1998,null
11,06,1998,null
11,07,1998,null
11,08,1998,null
11,09,1998,null
11,10,1998,null
11,11,1998,null
11,12,1998,null
11,13,1998,null
11,14,1998,null
11,15,1998,null
11,16,1998,null
11,17,1998,null
11,18,1998,null
11,19,1998,null
11,20,1998,null
11,21,1998,null
11,22,1998,null
11,23,1998,null
11,24,1998,null
11,25,1998,null
11,26,1998,null
11,27,1998,null
11,28,1998,null
11,29,1998,null
11,30,1998,null
12,01,1998,null
12,02,1998,null
12,03,1998,null
12,04,1998,null
12,05,1998,null
12,06,1998,null
12,07,1998,null
12,08,1998,null
12,09,1998,null
12,10,1998,null
12,11,1998,null
12,12,1998,null
12,13,1998,null
12,14,1998,null
12,15,1998,null
12,16,1998,null
12,17,1998,null
12,18,1998,null
12,19,1998,null
12,20,1998,null
12,21,1998,null
12,22,1998,null
12,23,1998,null
12,24,1998,null
12,25,1998,null
12,26,1998,null
12,27,1998,null
12,28,1998,null
12,29,1998,null
12,30,1998,null
12,31,1998,null
01,01,1999,null
01,02,1999,null
01,03,1999,null
01,04,1999,null
01,05,1999,null
01,06,1999,null
01,07,1999,null
01,08,1999,null
01,09,1999,null
01,10,1999,null
01,11,1999,null
01,12,1999,null
01,13,1999,null
01,14,1999,null
01,15,1999,null
01,16,1999,null
01,17,1999,null
01,18,1999,null
01,19,1999,null
01,20,1999,null
01,21,1999,null
01,22,1999,null
01,23,1999,null
01,24,1999,null
01,25,1999,null
01,26,1999,null
01,27,1999,null
01,28,1999,null
01,29,1999,null
01,30,1999,null
01,31,1999,null
02,01,1999,null
02,02,1999,null
02,03,1999,null
02,04,1999,null
02,05,1999,null
02,06,1999,null
02,07,1999,null
02,08,1999,null
02,09,1999,null
02,10,1999,null
02,11,1999,null
02,12,1999,null
02,13,1999,null
02,14,1999,null
02,15,1999,null
02,16,1999,null
02,17,1999,null
02,18,1999,null
02,19,1999,null
02,20,1999,null
02,21,1999,null
02,22,1999,null
02,23,1999,null
02,24,1999,null
02,25,1999,null
02,26,1999,null
02,27,1999,null
02,28,1999,null
03,01,1999,null
03,02,1999,null
03,03,1999,null
03,04,1999,null
03,05,1999,null
03,06,1999,null
03,07,1999,null
03,08,1999,null
03,09,1999,null
03,10,1999,null
03,11,1999,null
03,12,1999,null
03,13,1999,null
03,14,1999,null
03,15,1999,null
03,16,1999,null
03,17,1999,null
03,18,1999,null
03,19,1999,null
03,20,1999,null
03,21,1999,null
03,22,1999,null
03,23,1999,null
03,24,1999,null
03,25,1999,null
03,26,1999,null
03,27,1999,null
03,28,1999,null
03,29,1999,null
03,30,1999,null
03,31,1999,null
04,01,1999,null
04,02,1999,null
04,03,1999,null
04,04,1999,null
04,05,1999,null
04,06,1999,null
04,07,1999,null
04,08,1999,null
04,09,1999,null
04,10,1999,null
04,11,1999,null
04,12,1999,null
04,13,1999,null
04,14,1999,null
04,15,1999,null
04,16,1999,null
04,17,1999,null
04,18,1999,null
04,19,1999,null
04,20,1999,null
04,21,1999,null
04,22,1999,null
04,23,1999,null
04,24,1999,null
04,25,1999,null
04,26,1999,null
04,27,1999,null
04,28,1999,null
04,29,1999,null
04,30,1999,null
05,01,1999,null
05,02,1999,null
05,03,1999,null
05,04,1999,null
05,05,1999,null
05,06,1999,null
05,07,1999,null
05,08,1999,null
05,09,1999,null
05,10,1999,null
05,11,1999,null
05,12,1999,null
05,13,1999,null
05,14,1999,null
05,15,1999,null
05,16,1999,null
05,17,1999,null
05,18,1999,null
05,19,1999,null
05,20,1999,null
05,21,1999,null
05,22,1999,null
05,23,1999,null
05,24,1999,null
05,25,1999,null
05,26,1999,null
05,27,1999,null
05,28,1999,null
05,29,1999,null
05,30,1999,null
05,31,1999,null
06,01,1999,null
06,02,1999,null
06,03,1999,null
06,04,1999,null
06,05,1999,null
06,06,1999,null
06,07,1999,null
06,08,1999,null
06,09,1999,null
06,10,1999,null
06,11,1999,null
06,12,1999,null
06,13,1999,null
06,14,1999,null
06,15,1999,null
06,16,1999,null
06,17,1999,null
06,18,1999,null
06,19,1999,null
06,20,1999,null
06,21,1999,null
06,22,1999,null
06,23,1999,null
06,24,1999,null
06,25,1999,null
06,26,1999,null
06,27,1999,null
06,28,1999,null
06,29,1999,null
06,30,1999,null
07,01,1999,null
07,02,1999,null
07,03,1999,null
07,04,1999,null
07,05,1999,null
07,06,1999,null
07,07,1999,null
07,08,1999,null
07,09,1999,null
07,10,1999,null
07,11,1999,null
07,12,1999,null
07,13,1999,null
07,14,1999,null
07,15,1999,null
07,16,1999,null
07,17,1999,null
07,18,1999,null
07,19,1999,null
07,20,1999,null
07,21,1999,null
07,22,1999,null
07,23,1999,null
07,24,1999,null
07,25,1999,null
07,26,1999,null
07,27,1999,null
07,28,1999,null
07,29,1999,null
07,30,1999,null
07,31,1999,null
08,01,1999,null
08,02,1999,null
08,03,1999,null
08,04,1999,null
08,05,1999,null
08,06,1999,null
08,07,1999,null
08,08,1999,null
08,09,1999,null
08,10,1999,null
08,11,1999,null
08,12,1999,null
08,13,1999,null
08,14,1999,null
08,15,1999,null
08,16,1999,null
08,17,1999,null
08,18,1999,null
08,19,1999,null
08,20,1999,null
08,21,1999,null
08,22,1999,null
08,23,1999,null
08,24,1999,null
08,25,1999,null
08,26,1999,null
08,27,1999,null
08,28,1999,null
08,29,1999,null
08,30,1999,null
08,31,1999,null
09,01,1999,null
09,02,1999,null
09,03,1999,null
09,04,1999,null
09,05,1999,null
09,06,1999,null
09,07,1999,null
09,08,1999,null
09,09,1999,null
09,10,1999,null
09,11,1999,null
09,12,1999,null
09,13,1999,null
09,14,1999,null
09,15,1999,null
09,16,1999,null
09,17,1999,null
09,18,1999,null
09,19,1999,null
09,20,1999,null
09,21,1999,null
09,22,1999,null
09,23,1999,null
09,24,1999,null
09,25,1999,null
09,26,1999,null
09,27,1999,null
09,28,1999,null
09,29,1999,null
09,30,1999,null
10,01,1999,null
10,02,1999,null
10,03,1999,null
10,04,1999,null
10,05,1999,null
10,06,1999,null
10,07,1999,null
10,08,1999,null
10,09,1999,null
10,10,1999,null
10,11,1999,null
10,12,1999,null
10,13,1999,null
10,14,1999,null
10,15,1999,null
10,16,1999,null
10,17,1999,null
10,18,1999,null
10,19,1999,null
10,20,1999,null
10,21,1999,null
10,22,1999,null
10,23,1999,null
10,24,1999,null
10,25,1999,null
10,26,1999,null
10,27,1999,null
10,28,1999,null
10,29,1999,null
10,30,1999,null
10,31,1999,null
11,01,1999,null
11,02,1999,null
11,03,1999,null
11,04,1999,null
11,05,1999,null
11,06,1999,null
11,07,1999,null
11,08,1999,null
11,09,1999,null
11,10,1999,null
11,11,1999,null
11,12,1999,null
11,13,1999,null
11,14,1999,null
11,15,1999,null
11,16,1999,null
11,17,1999,null
11,18,1999,null
11,19,1999,null
11,20,1999,null
11,21,1999,null
11,22,1999,null
11,23,1999,null
11,24,1999,null
11,25,1999,null
11,26,1999,null
11,27,1999,null
11,28,1999,null
11,29,1999,null
11,30,1999,null
12,01,1999,null
12,02,1999,null
12,03,1999,null
12,04,1999,null
12,05,1999,null
12,06,1999,null
12,07,1999,null
12,08,1999,null
12,09,1999,null
12,10,1999,null
12,11,1999,null
12,12,1999,null
12,13,1999,null
12,14,1999,null
12,15,1999,null
12,16,1999,null
12,17,1999,null
12,18,1999,null
12,19,1999,null
12,20,1999,null
12,21,1999,null
12,22,1999,null
12,23,1999,null
12,24,1999,null
12,25,1999,null
12,26,1999,null
12,27,1999,null
12,28,1999,null
12,29,1999,null
12,30,1999,null
12,31,1999,null
01,01,2000,null
01,02,2000,null
01,03,2000,null
01,04,2000,null
01,05,2000,null
01,06,2000,null
01,07,2000,null
01,08,2000,null
01,09,2000,null
01,10,2000,null
01,11,2000,null
01,12,2000,null
01,13,2000,null
01,14,2000,null
01,15,2000,null
01,16,2000,null
01,17,2000,null
01,18,2000,null
01,19,2000,null
01,20,2000,null
01,21,2000,null
01,22,2000,null
01,23,2000,null
01,24,2000,null
01,25,2000,null
01,26,2000,null
01,27,2000,null
01,28,2000,null
01,29,2000,null
01,30,2000,null
01,31,2000,null
02,01,2000,null
02,02,2000,null
02,03,2000,null
02,04,2000,null
02,05,2000,null
02,06,2000,null
02,07,2000,null
02,08,2000,null
02,09,2000,null
02,10,2000,null
02,11,2000,null
02,12,2000,null
02,13,2000,null
02,14,2000,null
02,15,2000,null
02,16,2000,null
02,17,2000,null
02,18,2000,null
02,19,2000,null
02,20,2000,null
02,21,2000,null
02,22,2000,null
02,23,2000,null
02,24,2000,null
02,25,2000,null
02,26,2000,null
02,27,2000,null
02,28,2000,null
02,29,2000,null
03,01,2000,null
03,02,2000,null
03,03,2000,null
03,04,2000,null
03,05,2000,null
03,06,2000,null
03,07,2000,null
03,08,2000,null
03,09,2000,null
03,10,2000,null
03,11,2000,null
03,12,2000,null
03,13,2000,null
03,14,2000,null
03,15,2000,null
03,16,2000,null
03,17,2000,null
03,18,2000,null
03,19,2000,null
03,20,2000,null
03,21,2000,null
03,22,2000,null
03,23,2000,null
03,24,2000,null
03,25,2000,null
03,26,2000,null
03,27,2000,null
03,28,2000,null
03,29,2000,null
03,30,2000,null
03,31,2000,null
04,01,2000,null
04,02,2000,null
04,03,2000,null
04,04,2000,null
04,05,2000,null
04,06,2000,null
04,07,2000,null
04,08,2000,null
04,09,2000,null
04,10,2000,null
04,11,2000,null
04,12,2000,null
04,13,2000,null
04,14,2000,null
04,15,2000,null
04,16,2000,null
04,17,2000,null
04,18,2000,null
04,19,2000,null
04,20,2000,null
04,21,2000,null
04,22,2000,null
04,23,2000,null
04,24,2000,null
04,25,2000,null
04,26,2000,null
04,27,2000,null
04,28,2000,null
04,29,2000,null
04,30,2000,null
05,01,2000,null
05,02,2000,null
05,03,2000,null
05,04,2000,null
05,05,2000,null
05,06,2000,null
05,07,2000,null
05,08,2000,null
05,09,2000,null
05,10,2000,null
05,11,2000,null
05,12,2000,null
05,13,2000,null
05,14,2000,null
05,15,2000,null
05,16,2000,null
05,17,2000,null
05,18,2000,null
05,19,2000,null
05,20,2000,null
05,21,2000,null
05,22,2000,null
05,23,2000,null
05,24,2000,null
05,25,2000,null
05,26,2000,null
05,27,2000,null
05,28,2000,null
05,29,2000,null
05,30,2000,null
05,31,2000,null
06,01,2000,null
06,02,2000,null
06,03,2000,null
06,04,2000,null
06,05,2000,null
06,06,2000,null
06,07,2000,null
06,08,2000,null
06,09,2000,null
06,10,2000,null
06,11,2000,null
06,12,2000,null
06,13,2000,null
06,14,2000,null
06,15,2000,null
06,16,2000,null
06,17,2000,null
06,18,2000,null
06,19,2000,null
06,20,2000,null
06,21,2000,null
06,22,2000,null
06,23,2000,null
06,24,2000,null
06,25,2000,null
06,26,2000,null
06,27,2000,null
06,28,2000,null
06,29,2000,null
06,30,2000,null
07,01,2000,null
07,02,2000,null
07,03,2000,null
07,04,2000,null
07,05,2000,null
07,06,2000,null
07,07,2000,null
07,08,2000,null
07,09,2000,null
07,10,2000,null
07,11,2000,null
07,12,2000,null
07,13,2000,null
07,14,2000,null
07,15,2000,null
07,16,2000,null
07,17,2000,null
07,18,2000,null
07,19,2000,null
07,20,2000,null
07,21,2000,null
07,22,2000,null
07,23,2000,null
07,24,2000,null
07,25,2000,null
07,26,2000,null
07,27,2000,null
07,28,2000,null
07,29,2000,null
07,30,2000,null
07,31,2000,null
08,01,2000,null
08,02,2000,null
08,03,2000,null
08,04,2000,null
08,05,2000,null
08,06,2000,null
08,07,2000,null
08,08,2000,null
08,09,2000,null
08,10,2000,null
08,11,2000,null
08,12,2000,null
08,13,2000,null
08,14,2000,null
08,15,2000,null
08,16,2000,null
08,17,2000,null
08,18,2000,null
08,19,2000,null
08,20,2000,null
08,21,2000,null
08,22,2000,null
08,23,2000,null
08,24,2000,null
08,25,2000,null
08,26,2000,null
08,27,2000,null
08,28,2000,null
08,29,2000,null
08,30,2000,null
08,31,2000,null
09,01,2000,null
09,02,2000,null
09,03,2000,null
09,04,2000,null
09,05,2000,null
09,06,2000,null
09,07,2000,null
09,08,2000,null
09,09,2000,null
09,10,2000,null
09,11,2000,null
09,12,2000,null
09,13,2000,null
09,14,2000,null
09,15,2000,null
09,16,2000,null
09,17,2000,null
09,18,2000,null
09,19,2000,null
09,20,2000,null
09,21,2000,null
09,22,2000,null
09,23,2000,null
09,24,2000,null
09,25,2000,null
09,26,2000,null
09,27,2000,null
09,28,2000,null
09,29,2000,null
09,30,2000,null
10,01,2000,null
10,02,2000,null
10,03,2000,null
10,04,2000,null
10,05,2000,null
10,06,2000,null
10,07,2000,null
10,08,2000,null
10,09,2000,null
10,10,2000,null
10,11,2000,null
10,12,2000,null
10,13,2000,null
10,14,2000,null
10,15,2000,null
10,16,2000,null
10,17,2000,null
10,18,2000,null
10,19,2000,null
10,20,2000,null
10,21,2000,null
10,22,2000,null
10,23,2000,null
10,24,2000,null
10,25,2000,null
10,26,2000,null
10,27,2000,null
10,28,2000,null
10,29,2000,null
10,30,2000,null
10,31,2000,null
11,01,2000,null
11,02,2000,null
11,03,2000,null
11,04,2000,null
11,05,2000,null
11,06,2000,null
11,07,2000,null
11,08,2000,null
11,09,2000,null
11,10,2000,null
11,11,2000,null
11,12,2000,null
11,13,2000,null
11,14,2000,null
11,15,2000,null
11,16,2000,null
11,17,2000,null
11,18,2000,null
11,19,2000,null
11,20,2000,null
11,21,2000,null
11,22,2000,null
11,23,2000,null
11,24,2000,null
11,25,2000,null
11,26,2000,null
11,27,2000,null
11,28,2000,null
11,29,2000,null
11,30,2000,null
12,01,2000,null
12,02,2000,null
12,03,2000,null
12,04,2000,null
12,05,2000,null
12,06,2000,null
12,07,2000,null
12,08,2000,null
12,09,2000,null
12,10,2000,null
12,11,2000,null
12,12,2000,null
12,13,2000,null
12,14,2000,null
12,15,2000,null
12,16,2000,null
12,17,2000,null
12,18,2000,null
12,19,2000,null
12,20,2000,null
12,21,2000,null
12,22,2000,null
12,23,2000,null
12,24,2000,null
12,25,2000,null
12,26,2000,null
12,27,2000,null
12,28,2000,null
12,29,2000,null
12,30,2000,null
12,31,2000,null
01,01,2001,null
01,02,2001,null
01,03,2001,null
01,04,2001,null
01,05,2001,null
01,06,2001,null
01,07,2001,null
01,08,2001,null
01,09,2001,null
01,10,2001,null
01,11,2001,null
01,12,2001,null
01,13,2001,null
01,14,2001,null
01,15,2001,null
01,16,2001,null
01,17,2001,null
01,18,2001,null
01,19,2001,null
01,20,2001,null
01,21,2001,null
01,22,2001,null
01,23,2001,null
01,24,2001,null
01,25,2001,null
01,26,2001,null
01,27,2001,null
01,28,2001,null
01,29,2001,null
01,30,2001,null
01,31,2001,null
02,01,2001,null
02,02,2001,null
02,03,2001,null
02,04,2001,null
02,05,2001,null
02,06,2001,null
02,07,2001,null
02,08,2001,null
02,09,2001,null
02,10,2001,null
02,11,2001,null
02,12,2001,null
02,13,2001,null
02,14,2001,null
02,15,2001,null
02,16,2001,null
02,17,2001,null
02,18,2001,null
02,19,2001,null
02,20,2001,null
02,21,2001,null
02,22,2001,null
02,23,2001,null
02,24,2001,null
02,25,2001,null
02,26,2001,null
02,27,2001,null
02,28,2001,null
03,01,2001,null
03,02,2001,null
03,03,2001,null
03,04,2001,null
03,05,2001,null
03,06,2001,null
03,07,2001,null
03,08,2001,null
03,09,2001,null
03,10,2001,null
03,11,2001,null
03,12,2001,null
03,13,2001,null
03,14,2001,null
03,15,2001,null
03,16,2001,null
03,17,2001,null
03,18,2001,null
03,19,2001,null
03,20,2001,null
03,21,2001,null
03,22,2001,null
03,23,2001,null
03,24,2001,null
03,25,2001,null
03,26,2001,null
03,27,2001,null
03,28,2001,null
03,29,2001,null
03,30,2001,null
03,31,2001,null
04,01,2001,null
04,02,2001,null
04,03,2001,null
04,04,2001,null
04,05,2001,null
04,06,2001,null
04,07,2001,null
04,08,2001,null
04,09,2001,null
04,10,2001,null
04,11,2001,null
04,12,2001,null
04,13,2001,null
04,14,2001,null
04,15,2001,null
04,16,2001,null
04,17,2001,null
04,18,2001,null
04,19,2001,null
04,20,2001,null
04,21,2001,null
04,22,2001,null
04,23,2001,null
04,24,2001,null
04,25,2001,null
04,26,2001,null
04,27,2001,null
04,28,2001,null
04,29,2001,null
04,30,2001,null
05,01,2001,null
05,02,2001,null
05,03,2001,null
05,04,2001,null
05,05,2001,null
05,06,2001,null
05,07,2001,null
05,08,2001,null
05,09,2001,null
05,10,2001,null
05,11,2001,null
05,12,2001,null
05,13,2001,null
05,14,2001,null
05,15,2001,null
05,16,2001,null
05,17,2001,null
05,18,2001,null
05,19,2001,null
05,20,2001,null
05,21,2001,null
05,22,2001,null
05,23,2001,null
05,24,2001,null
05,25,2001,null
05,26,2001,null
05,27,2001,null
05,28,2001,null
05,29,2001,null
05,30,2001,null
05,31,2001,null
06,01,2001,null
06,02,2001,null
06,03,2001,null
06,04,2001,null
06,05,2001,null
06,06,2001,null
06,07,2001,null
06,08,2001,null
06,09,2001,null
06,10,2001,null
06,11,2001,null
06,12,2001,null
06,13,2001,null
06,14,2001,null
06,15,2001,null
06,16,2001,null
06,17,2001,null
06,18,2001,null
06,19,2001,null
06,20,2001,null
06,21,2001,null
06,22,2001,null
06,23,2001,null
06,24,2001,null
06,25,2001,null
06,26,2001,null
06,27,2001,null
06,28,2001,null
06,29,2001,null
06,30,2001,null
07,01,2001,null
07,02,2001,null
07,03,2001,null
07,04,2001,null
07,05,2001,null
07,06,2001,null
07,07,2001,null
07,08,2001,null
07,09,2001,null
07,10,2001,null
07,11,2001,null
07,12,2001,null
07,13,2001,null
07,14,2001,null
07,15,2001,null
07,16,2001,null
07,17,2001,null
07,18,2001,null
07,19,2001,null
07,20,2001,null
07,21,2001,null
07,22,2001,null
07,23,2001,null
07,24,2001,null
07,25,2001,null
07,26,2001,null
07,27,2001,null
07,28,2001,null
07,29,2001,null
07,30,2001,null
07,31,2001,null
08,01,2001,null
08,02,2001,null
08,03,2001,null
08,04,2001,null
08,05,2001,null
08,06,2001,null
08,07,2001,null
08,08,2001,null
08,09,2001,null
08,10,2001,null
08,11,2001,null
08,12,2001,null
08,13,2001,null
08,14,2001,null
08,15,2001,null
08,16,2001,null
08,17,2001,null
08,18,2001,null
08,19,2001,null
08,20,2001,null
08,21,2001,null
08,22,2001,null
08,23,2001,null
08,24,2001,null
08,25,2001,null
08,26,2001,null
08,27,2001,null
08,28,2001,null
08,29,2001,null
08,30,2001,null
08,31,2001,null
09,01,2001,null
09,02,2001,null
09,03,2001,null
09,04,2001,null
09,05,2001,null
09,06,2001,null
09,07,2001,null
09,08,2001,null
09,09,2001,null
09,10,2001,null
09,11,2001,null
09,12,2001,null
09,13,2001,null
09,14,2001,null
09,15,2001,null
09,16,2001,null
09,17,2001,null
09,18,2001,null
09,19,2001,null
09,20,2001,null
09,21,2001,null
09,22,2001,null
09,23,2001,null
09,24,2001,null
09,25,2001,null
09,26,2001,null
09,27,2001,null
09,28,2001,null
09,29,2001,null
09,30,2001,null
10,01,2001,null
10,02,2001,null
10,03,2001,null
10,04,2001,null
10,05,2001,null
10,06,2001,null
10,07,2001,null
10,08,2001,null
10,09,2001,null
10,10,2001,null
10,11,2001,null
10,12,2001,null
10,13,2001,null
10,14,2001,null
10,15,2001,null
10,16,2001,null
10,17,2001,null
10,18,2001,null
10,19,2001,null
10,20,2001,null
10,21,2001,null
10,22,2001,null
10,23,2001,null
10,24,2001,null
10,25,2001,null
10,26,2001,null
10,27,2001,null
10,28,2001,null
10,29,2001,null
10,30,2001,null
10,31,2001,null
11,01,2001,null
11,02,2001,null
11,03,2001,null
11,04,2001,null
11,05,2001,null
11,06,2001,null
11,07,2001,null
11,08,2001,null
11,09,2001,null
11,10,2001,null
11,11,2001,null
11,12,2001,null
11,13,2001,null
11,14,2001,null
11,15,2001,null
11,16,2001,null
11,17,2001,null
11,18,2001,null
11,19,2001,null
11,20,2001,null
11,21,2001,null
11,22,2001,null
11,23,2001,null
11,24,2001,null
11,25,2001,null
11,26,2001,null
11,27,2001,null
11,28,2001,null
11,29,2001,null
11,30,2001,null
12,01,2001,null
12,02,2001,null
12,03,2001,null
12,04,2001,null
12,05,2001,null
12,06,2001,null
12,07,2001,null
12,08,2001,null
12,09,2001,null
12,10,2001,null
12,11,2001,null
12,12,2001,null
12,13,2001,null
12,14,2001,null
12,15,2001,null
12,16,2001,null
12,17,2001,null
12,18,2001,null
12,19,2001,null
12,20,2001,null
12,21,2001,null
12,22,2001,null
12,23,2001,null
12,24,2001,null
12,25,2001,null
12,26,2001,null
12,27,2001,null
12,28,2001,null
12,29,2001,null
12,30,2001,null
12,31,2001,null
01,01,2002,null
01,02,2002,null
01,03,2002,null
01,04,2002,null
01,05,2002,null
01,06,2002,null
01,07,2002,null
01,08,2002,null
01,09,2002,null
01,10,2002,null
01,11,2002,null
01,12,2002,null
01,13,2002,null
01,14,2002,null
01,15,2002,null
01,16,2002,null
01,17,2002,null
01,18,2002,null
01,19,2002,null
01,20,2002,null
01,21,2002,null
01,22,2002,null
01,23,2002,null
01,24,2002,null
01,25,2002,null
01,26,2002,null
01,27,2002,null
01,28,2002,null
01,29,2002,null
01,30,2002,null
01,31,2002,null
02,01,2002,null
02,02,2002,null
02,03,2002,null
02,04,2002,null
02,05,2002,null
02,06,2002,null
02,07,2002,null
02,08,2002,null
02,09,2002,null
02,10,2002,null
02,11,2002,null
02,12,2002,null
02,13,2002,null
02,14,2002,null
02,15,2002,null
02,16,2002,null
02,17,2002,null
02,18,2002,null
02,19,2002,null
02,20,2002,null
02,21,2002,null
02,22,2002,null
02,23,2002,null
02,24,2002,null
02,25,2002,null
02,26,2002,null
02,27,2002,null
02,28,2002,null
03,01,2002,null
03,02,2002,null
03,03,2002,null
03,04,2002,null
03,05,2002,null
03,06,2002,null
03,07,2002,null
03,08,2002,null
03,09,2002,null
03,10,2002,null
03,11,2002,null
03,12,2002,null
03,13,2002,null
03,14,2002,null
03,15,2002,null
03,16,2002,null
03,17,2002,null
03,18,2002,null
03,19,2002,null
03,20,2002,null
03,21,2002,null
03,22,2002,null
03,23,2002,null
03,24,2002,null
03,25,2002,null
03,26,2002,null
03,27,2002,null
03,28,2002,null
03,29,2002,null
03,30,2002,null
03,31,2002,null
04,01,2002,null
04,02,2002,null
04,03,2002,null
04,04,2002,null
04,05,2002,null
04,06,2002,null
04,07,2002,null
04,08,2002,null
04,09,2002,null
04,10,2002,null
04,11,2002,null
04,12,2002,null
04,13,2002,null
04,14,2002,null
04,15,2002,null
04,16,2002,null
04,17,2002,null
04,18,2002,null
04,19,2002,null
04,20,2002,null
04,21,2002,null
04,22,2002,null
04,23,2002,null
04,24,2002,null
04,25,2002,null
04,26,2002,null
04,27,2002,null
04,28,2002,null
04,29,2002,null
04,30,2002,null
05,01,2002,null
05,02,2002,null
05,03,2002,null
05,04,2002,null
05,05,2002,null
05,06,2002,null
05,07,2002,null
05,08,2002,null
05,09,2002,null
05,10,2002,null
05,11,2002,null
05,12,2002,null
05,13,2002,null
05,14,2002,null
05,15,2002,null
05,16,2002,null
05,17,2002,null
05,18,2002,null
05,19,2002,null
05,20,2002,null
05,21,2002,null
05,22,2002,null
05,23,2002,null
05,24,2002,null
05,25,2002,null
05,26,2002,null
05,27,2002,null
05,28,2002,null
05,29,2002,null
05,30,2002,null
05,31,2002,null
06,01,2002,null
06,02,2002,null
06,03,2002,null
06,04,2002,null
06,05,2002,null
06,06,2002,null
06,07,2002,null
06,08,2002,null
06,09,2002,null
06,10,2002,null
06,11,2002,null
06,12,2002,null
06,13,2002,null
06,14,2002,null
06,15,2002,null
06,16,2002,null
06,17,2002,null
06,18,2002,null
06,19,2002,null
06,20,2002,null
06,21,2002,null
06,22,2002,null
06,23,2002,null
06,24,2002,null
06,25,2002,null
06,26,2002,null
06,27,2002,null
06,28,2002,null
06,29,2002,null
06,30,2002,null
07,01,2002,null
07,02,2002,null
07,03,2002,null
07,04,2002,null
07,05,2002,null
07,06,2002,null
07,07,2002,null
07,08,2002,null
07,09,2002,null
07,10,2002,null
07,11,2002,null
07,12,2002,null
07,13,2002,null
07,14,2002,null
07,15,2002,null
07,16,2002,null
07,17,2002,null
07,18,2002,null
07,19,2002,null
07,20,2002,null
07,21,2002,null
07,22,2002,null
07,23,2002,null
07,24,2002,null
07,25,2002,null
07,26,2002,null
07,27,2002,null
07,28,2002,null
07,29,2002,null
07,30,2002,null
07,31,2002,null
08,01,2002,null
08,02,2002,null
08,03,2002,null
08,04,2002,null
08,05,2002,null
08,06,2002,null
08,07,2002,null
08,08,2002,null
08,09,2002,null
08,10,2002,null
08,11,2002,null
08,12,2002,null
08,13,2002,null
08,14,2002,null
08,15,2002,null
08,16,2002,null
08,17,2002,null
08,18,2002,null
08,19,2002,null
08,20,2002,null
08,21,2002,null
08,22,2002,null
08,23,2002,null
08,24,2002,null
08,25,2002,null
08,26,2002,null
08,27,2002,null
08,28,2002,null
08,29,2002,null
08,30,2002,null
08,31,2002,null
09,01,2002,null
09,02,2002,null
09,03,2002,null
09,04,2002,null
09,05,2002,null
09,06,2002,null
09,07,2002,null
09,08,2002,null
09,09,2002,null
09,10,2002,null
09,11,2002,null
09,12,2002,null
09,13,2002,null
09,14,2002,null
09,15,2002,null
09,16,2002,null
09,17,2002,null
09,18,2002,null
09,19,2002,null
09,20,2002,null
09,21,2002,null
09,22,2002,null
09,23,2002,null
09,24,2002,null
09,25,2002,null
09,26,2002,null
09,27,2002,null
09,28,2002,null
09,29,2002,null
09,30,2002,null
10,01,2002,null
10,02,2002,null
10,03,2002,null
10,04,2002,null
10,05,2002,null
10,06,2002,null
10,07,2002,null
10,08,2002,null
10,09,2002,null
10,10,2002,null
10,11,2002,null
10,12,2002,null
10,13,2002,null
10,14,2002,null
10,15,2002,null
10,16,2002,null
10,17,2002,null
10,18,2002,null
10,19,2002,null
10,20,2002,null
10,21,2002,null
10,22,2002,null
10,23,2002,null
10,24,2002,null
10,25,2002,null
10,26,2002,null
10,27,2002,null
10,28,2002,null
10,29,2002,null
10,30,2002,null
10,31,2002,null
11,01,2002,null
11,02,2002,null
11,03,2002,null
11,04,2002,null
11,05,2002,null
11,06,2002,null
11,07,2002,null
11,08,2002,null
11,09,2002,null
11,10,2002,null
11,11,2002,null
11,12,2002,null
11,13,2002,null
11,14,2002,null
11,15,2002,null
11,16,2002,null
11,17,2002,null
11,18,2002,null
11,19,2002,null
11,20,2002,null
11,21,2002,null
11,22,2002,null
11,23,2002,null
11,24,2002,null
11,25,2002,null
11,26,2002,null
11,27,2002,null
11,28,2002,null
11,29,2002,null
11,30,2002,null
12,01,2002,null
12,02,2002,null
12,03,2002,null
12,04,2002,null
12,05,2002,null
12,06,2002,null
12,07,2002,null
12,08,2002,null
12,09,2002,null
12,10,2002,null
12,11,2002,null
12,12,2002,null
12,13,2002,null
12,14,2002,null
12,15,2002,null
12,16,2002,null
12,17,2002,null
12,18,2002,null
12,19,2002,null
12,20,2002,null
12,21,2002,null
12,22,2002,null
12,23,2002,null
12,24,2002,null
12,25,2002,null
12,26,2002,null
12,27,2002,null
12,28,2002,null
12,29,2002,null
12,30,2002,null
12,31,2002,null
01,01,2003,null
01,02,2003,null
01,03,2003,null
01,04,2003,null
01,05,2003,null
01,06,2003,null
01,07,2003,null
01,08,2003,null
01,09,2003,null
01,10,2003,null
01,11,2003,null
01,12,2003,null
01,13,2003,null
01,14,2003,null
01,15,2003,null
01,16,2003,null
01,17,2003,null
01,18,2003,null
01,19,2003,null
01,20,2003,null
01,21,2003,null
01,22,2003,null
01,23,2003,null
01,24,2003,null
01,25,2003,null
01,26,2003,null
01,27,2003,null
01,28,2003,null
01,29,2003,null
01,30,2003,null
01,31,2003,null
02,01,2003,null
02,02,2003,null
02,03,2003,null
02,04,2003,null
02,05,2003,null
02,06,2003,null
02,07,2003,null
02,08,2003,null
02,09,2003,null
02,10,2003,null
02,11,2003,null
02,12,2003,null
02,13,2003,null
02,14,2003,null
02,15,2003,null
02,16,2003,null
02,17,2003,null
02,18,2003,null
02,19,2003,null
02,20,2003,null
02,21,2003,null
02,22,2003,null
02,23,2003,null
02,24,2003,null
02,25,2003,null
02,26,2003,null
02,27,2003,null
02,28,2003,null
03,01,2003,null
03,02,2003,null
03,03,2003,null
03,04,2003,null
03,05,2003,null
03,06,2003,null
03,07,2003,null
03,08,2003,null
03,09,2003,null
03,10,2003,null
03,11,2003,null
03,12,2003,null
03,13,2003,null
03,14,2003,null
03,15,2003,null
03,16,2003,null
03,17,2003,null
03,18,2003,null
03,19,2003,null
03,20,2003,null
03,21,2003,null
03,22,2003,null
03,23,2003,null
03,24,2003,null
03,25,2003,null
03,26,2003,null
03,27,2003,null
03,28,2003,null
03,29,2003,null
03,30,2003,null
03,31,2003,null
04,01,2003,null
04,02,2003,null
04,03,2003,null
04,04,2003,null
04,05,2003,null
04,06,2003,null
04,07,2003,null
04,08,2003,null
04,09,2003,null
04,10,2003,null
04,11,2003,null
04,12,2003,null
04,13,2003,null
04,14,2003,null
04,15,2003,null
04,16,2003,null
04,17,2003,null
04,18,2003,null
04,19,2003,null
04,20,2003,null
04,21,2003,null
04,22,2003,null
04,23,2003,null
04,24,2003,null
04,25,2003,null
04,26,2003,null
04,27,2003,null
04,28,2003,null
04,29,2003,null
04,30,2003,null
05,01,2003,null
05,02,2003,null
05,03,2003,null
05,04,2003,null
05,05,2003,null
05,06,2003,null
05,07,2003,null
05,08,2003,null
05,09,2003,null
05,10,2003,null
05,11,2003,null
05,12,2003,null
05,13,2003,null
05,14,2003,null
05,15,2003,null
05,16,2003,null
05,17,2003,null
05,18,2003,null
05,19,2003,null
05,20,2003,null
05,21,2003,null
05,22,2003,null
05,23,2003,null
05,24,2003,null
05,25,2003,null
05,26,2003,null
05,27,2003,null
05,28,2003,null
05,29,2003,null
05,30,2003,null
05,31,2003,null
06,01,2003,null
06,02,2003,null
06,03,2003,null
06,04,2003,null
06,05,2003,null
06,06,2003,null
06,07,2003,null
06,08,2003,null
06,09,2003,null
06,10,2003,null
06,11,2003,null
06,12,2003,null
06,13,2003,null
06,14,2003,null
06,15,2003,null
06,16,2003,null
06,17,2003,null
06,18,2003,null
06,19,2003,null
06,20,2003,null
06,21,2003,null
06,22,2003,null
06,23,2003,null
06,24,2003,null
06,25,2003,null
06,26,2003,null
06,27,2003,null
06,28,2003,null
06,29,2003,null
06,30,2003,null
07,01,2003,null
07,02,2003,null
07,03,2003,null
07,04,2003,null
07,05,2003,null
07,06,2003,null
07,07,2003,null
07,08,2003,null
07,09,2003,null
07,10,2003,null
07,11,2003,null
07,12,2003,null
07,13,2003,null
07,14,2003,null
07,15,2003,null
07,16,2003,null
07,17,2003,null
07,18,2003,null
07,19,2003,null
07,20,2003,null
07,21,2003,null
07,22,2003,null
07,23,2003,null
07,24,2003,null
07,25,2003,null
07,26,2003,null
07,27,2003,null
07,28,2003,null
07,29,2003,null
07,30,2003,null
07,31,2003,null
08,01,2003,null
08,02,2003,null
08,03,2003,null
08,04,2003,null
08,05,2003,null
08,06,2003,null
08,07,2003,null
08,08,2003,null
08,09,2003,null
08,10,2003,null
08,11,2003,null
08,12,2003,null
08,13,2003,null
08,14,2003,null
08,15,2003,null
08,16,2003,null
08,17,2003,null
08,18,2003,null
08,19,2003,null
08,20,2003,null
08,21,2003,null
08,22,2003,null
08,23,2003,null
08,24,2003,null
08,25,2003,null
08,26,2003,null
08,27,2003,null
08,28,2003,null
08,29,2003,null
08,30,2003,null
08,31,2003,null
09,01,2003,null
09,02,2003,null
09,03,2003,null
09,04,2003,null
09,05,2003,null
09,06,2003,null
09,07,2003,null
09,08,2003,null
09,09,2003,null
09,10,2003,null
09,11,2003,null
09,12,2003,null
09,13,2003,null
09,14,2003,null
09,15,2003,null
09,16,2003,null
09,17,2003,null
09,18,2003,null
09,19,2003,null
09,20,2003,null
09,21,2003,null
09,22,2003,null
09,23,2003,null
09,24,2003,null
09,25,2003,null
09,26,2003,null
09,27,2003,null
09,28,2003,null
09,29,2003,null
09,30,2003,null
10,01,2003,null
10,02,2003,null
10,03,2003,null
10,04,2003,null
10,05,2003,null
10,06,2003,null
10,07,2003,null
10,08,2003,null
10,09,2003,null
10,10,2003,null
10,11,2003,null
10,12,2003,null
10,13,2003,null
10,14,2003,null
10,15,2003,null
10,16,2003,null
10,17,2003,null
10,18,2003,null
10,19,2003,null
10,20,2003,null
10,21,2003,null
10,22,2003,null
10,23,2003,null
10,24,2003,null
10,25,2003,null
10,26,2003,null
10,27,2003,null
10,28,2003,null
10,29,2003,null
10,30,2003,null
10,31,2003,null
11,01,2003,null
11,02,2003,null
11,03,2003,null
11,04,2003,null
11,05,2003,null
11,06,2003,null
11,07,2003,null
11,08,2003,null
11,09,2003,null
11,10,2003,null
11,11,2003,null
11,12,2003,null
11,13,2003,null
11,14,2003,null
11,15,2003,null
11,16,2003,null
11,17,2003,null
11,18,2003,null
11,19,2003,null
11,20,2003,null
11,21,2003,null
11,22,2003,null
11,23,2003,null
11,24,2003,null
11,25,2003,null
11,26,2003,null
11,27,2003,null
11,28,2003,null
11,29,2003,null
11,30,2003,null
12,01,2003,null
12,02,2003,null
12,03,2003,null
12,04,2003,null
12,05,2003,null
12,06,2003,null
12,07,2003,null
12,08,2003,null
12,09,2003,null
12,10,2003,null
12,11,2003,null
12,12,2003,null
12,13,2003,null
12,14,2003,null
12,15,2003,null
12,16,2003,null
12,17,2003,null
12,18,2003,null
12,19,2003,null
12,20,2003,null
12,21,2003,null
12,22,2003,null
12,23,2003,null
12,24,2003,null
12,25,2003,null
12,26,2003,null
12,27,2003,null
12,28,2003,null
12,29,2003,null
12,30,2003,null
12,31,2003,null
01,01,2004,null
01,02,2004,null
01,03,2004,null
01,04,2004,null
01,05,2004,null
01,06,2004,null
01,07,2004,null
01,08,2004,null
01,09,2004,null
01,10,2004,null
01,11,2004,null
01,12,2004,null
01,13,2004,null
01,14,2004,null
01,15,2004,null
01,16,2004,null
01,17,2004,null
01,18,2004,null
01,19,2004,null
01,20,2004,null
01,21,2004,null
01,22,2004,null
01,23,2004,null
01,24,2004,null
01,25,2004,null
01,26,2004,null
01,27,2004,null
01,28,2004,null
01,29,2004,null
01,30,2004,null
01,31,2004,null
02,01,2004,null
02,02,2004,null
02,03,2004,null
02,04,2004,null
02,05,2004,null
02,06,2004,null
02,07,2004,null
02,08,2004,null
02,09,2004,null
02,10,2004,null
02,11,2004,null
02,12,2004,null
02,13,2004,null
02,14,2004,null
02,15,2004,null
02,16,2004,null
02,17,2004,null
02,18,2004,null
02,19,2004,null
02,20,2004,null
02,21,2004,null
02,22,2004,null
02,23,2004,null
02,24,2004,null
02,25,2004,null
02,26,2004,null
02,27,2004,null
02,28,2004,null
02,29,2004,null
03,01,2004,null
03,02,2004,null
03,03,2004,null
03,04,2004,null
03,05,2004,null
03,06,2004,null
03,07,2004,null
03,08,2004,null
03,09,2004,null
03,10,2004,null
03,11,2004,null
03,12,2004,null
03,13,2004,null
03,14,2004,null
03,15,2004,null
03,16,2004,null
03,17,2004,null
03,18,2004,null
03,19,2004,null
03,20,2004,null
03,21,2004,null
03,22,2004,null
03,23,2004,null
03,24,2004,null
03,25,2004,null
03,26,2004,null
03,27,2004,null
03,28,2004,null
03,29,2004,null
03,30,2004,null
03,31,2004,null
04,01,2004,null
04,02,2004,null
04,03,2004,null
04,04,2004,null
04,05,2004,null
04,06,2004,null
04,07,2004,null
04,08,2004,null
04,09,2004,null
04,10,2004,null
04,11,2004,null
04,12,2004,null
04,13,2004,null
04,14,2004,null
04,15,2004,null
04,16,2004,null
04,17,2004,null
04,18,2004,null
04,19,2004,null
04,20,2004,null
04,21,2004,null
04,22,2004,null
04,23,2004,null
04,24,2004,null
04,25,2004,null
04,26,2004,null
04,27,2004,null
04,28,2004,null
04,29,2004,null
04,30,2004,null
05,01,2004,null
05,02,2004,null
05,03,2004,null
05,04,2004,null
05,05,2004,null
05,06,2004,null
05,07,2004,null
05,08,2004,null
05,09,2004,null
05,10,2004,null
05,11,2004,null
05,12,2004,null
05,13,2004,null
05,14,2004,null
05,15,2004,null
05,16,2004,null
05,17,2004,null
05,18,2004,null
05,19,2004,null
05,20,2004,null
05,21,2004,null
05,22,2004,null
05,23,2004,null
05,24,2004,null
05,25,2004,null
05,26,2004,null
05,27,2004,null
05,28,2004,null
05,29,2004,null
05,30,2004,null
05,31,2004,null
06,01,2004,null
06,02,2004,null
06,03,2004,null
06,04,2004,null
06,05,2004,null
06,06,2004,null
06,07,2004,null
06,08,2004,null
06,09,2004,null
06,10,2004,null
06,11,2004,null
06,12,2004,null
06,13,2004,null
06,14,2004,null
06,15,2004,null
06,16,2004,null
06,17,2004,null
06,18,2004,null
06,19,2004,null
06,20,2004,null
06,21,2004,null
06,22,2004,null
06,23,2004,null
06,24,2004,null
06,25,2004,null
06,26,2004,null
06,27,2004,null
06,28,2004,null
06,29,2004,null
06,30,2004,null
07,01,2004,null
07,02,2004,null
07,03,2004,null
07,04,2004,null
07,05,2004,null
07,06,2004,null
07,07,2004,null
07,08,2004,null
07,09,2004,null
07,10,2004,null
07,11,2004,null
07,12,2004,null
07,13,2004,null
07,14,2004,null
07,15,2004,null
07,16,2004,null
07,17,2004,null
07,18,2004,null
07,19,2004,null
07,20,2004,null
07,21,2004,null
07,22,2004,null
07,23,2004,null
07,24,2004,null
07,25,2004,null
07,26,2004,null
07,27,2004,null
07,28,2004,null
07,29,2004,null
07,30,2004,null
07,31,2004,null
08,01,2004,null
08,02,2004,null
08,03,2004,null
08,04,2004,null
08,05,2004,null
08,06,2004,null
08,07,2004,null
08,08,2004,null
08,09,2004,null
08,10,2004,null
08,11,2004,null
08,12,2004,null
08,13,2004,null
08,14,2004,null
08,15,2004,null
08,16,2004,null
08,17,2004,null
08,18,2004,null
08,19,2004,null
08,20,2004,null
08,21,2004,null
08,22,2004,null
08,23,2004,null
08,24,2004,null
08,25,2004,null
08,26,2004,null
08,27,2004,null
08,28,2004,null
08,29,2004,null
08,30,2004,null
08,31,2004,null
09,01,2004,null
09,02,2004,null
09,03,2004,null
09,04,2004,null
09,05,2004,null
09,06,2004,null
09,07,2004,null
09,08,2004,null
09,09,2004,null
09,10,2004,null
09,11,2004,null
09,12,2004,null
09,13,2004,null
09,14,2004,null
09,15,2004,null
09,16,2004,null
09,17,2004,null
09,18,2004,null
09,19,2004,null
09,20,2004,null
09,21,2004,null
09,22,2004,null
09,23,2004,null
09,24,2004,null
09,25,2004,null
09,26,2004,null
09,27,2004,null
09,28,2004,null
09,29,2004,null
09,30,2004,null
10,01,2004,null
10,02,2004,null
10,03,2004,null
10,04,2004,null
10,05,2004,null
10,06,2004,null
10,07,2004,null
10,08,2004,null
10,09,2004,null
10,10,2004,null
10,11,2004,null
10,12,2004,null
10,13,2004,null
10,14,2004,null
10,15,2004,null
10,16,2004,null
10,17,2004,null
10,18,2004,null
10,19,2004,null
10,20,2004,null
10,21,2004,null
10,22,2004,null
10,23,2004,null
10,24,2004,null
10,25,2004,null
10,26,2004,null
10,27,2004,null
10,28,2004,null
10,29,2004,null
10,30,2004,null
10,31,2004,null
11,01,2004,null
11,02,2004,null
11,03,2004,null
11,04,2004,null
11,05,2004,null
11,06,2004,null
11,07,2004,null
11,08,2004,null
11,09,2004,null
11,10,2004,null
11,11,2004,null
11,12,2004,null
11,13,2004,null
11,14,2004,null
11,15,2004,null
11,16,2004,null
11,17,2004,null
11,18,2004,null
11,19,2004,null
11,20,2004,null
11,21,2004,null
11,22,2004,null
11,23,2004,null
11,24,2004,null
11,25,2004,null
11,26,2004,null
11,27,2004,null
11,28,2004,null
11,29,2004,null
11,30,2004,null
12,01,2004,null
12,02,2004,null
12,03,2004,null
12,04,2004,null
12,05,2004,null
12,06,2004,null
12,07,2004,null
12,08,2004,null
12,09,2004,null
12,10,2004,null
12,11,2004,null
12,12,2004,null
12,13,2004,null
12,14,2004,null
12,15,2004,null
12,16,2004,null
12,17,2004,null
12,18,2004,null
12,19,2004,null
12,20,2004,null
12,21,2004,null
12,22,2004,null
12,23,2004,null
12,24,2004,null
12,25,2004,null
12,26,2004,null
12,27,2004,null
12,28,2004,null
12,29,2004,null
12,30,2004,null
12,31,2004,null
01,01,2005,null
01,02,2005,null
01,03,2005,null
01,04,2005,null
01,05,2005,null
01,06,2005,null
01,07,2005,null
01,08,2005,null
01,09,2005,null
01,10,2005,null
01,11,2005,null
01,12,2005,null
01,13,2005,null
01,14,2005,null
01,15,2005,null
01,16,2005,null
01,17,2005,null
01,18,2005,null
01,19,2005,null
01,20,2005,null
01,21,2005,null
01,22,2005,null
01,23,2005,null
01,24,2005,null
01,25,2005,null
01,26,2005,null
01,27,2005,null
01,28,2005,null
01,29,2005,null
01,30,2005,null
01,31,2005,null
02,01,2005,null
02,02,2005,null
02,03,2005,null
02,04,2005,null
02,05,2005,null
02,06,2005,null
02,07,2005,null
02,08,2005,null
02,09,2005,null
02,10,2005,null
02,11,2005,null
02,12,2005,null
02,13,2005,null
02,14,2005,null
02,15,2005,null
02,16,2005,null
02,17,2005,null
02,18,2005,null
02,19,2005,null
02,20,2005,null
02,21,2005,null
02,22,2005,null
02,23,2005,null
02,24,2005,null
02,25,2005,null
02,26,2005,null
02,27,2005,null
02,28,2005,null
03,01,2005,null
03,02,2005,null
03,03,2005,null
03,04,2005,null
03,05,2005,null
03,06,2005,null
03,07,2005,null
03,08,2005,null
03,09,2005,null
03,10,2005,null
03,11,2005,null
03,12,2005,null
03,13,2005,null
03,14,2005,null
03,15,2005,null
03,16,2005,null
03,17,2005,null
03,18,2005,null
03,19,2005,null
03,20,2005,null
03,21,2005,null
03,22,2005,null
03,23,2005,null
03,24,2005,null
03,25,2005,null
03,26,2005,null
03,27,2005,null
03,28,2005,null
03,29,2005,null
03,30,2005,null
03,31,2005,null
04,01,2005,null
04,02,2005,null
04,03,2005,null
04,04,2005,null
04,05,2005,null
04,06,2005,null
04,07,2005,null
04,08,2005,null
04,09,2005,null
04,10,2005,null
04,11,2005,null
04,12,2005,null
04,13,2005,null
04,14,2005,null
04,15,2005,null
04,16,2005,null
04,17,2005,null
04,18,2005,null
04,19,2005,null
04,20,2005,null
04,21,2005,null
04,22,2005,null
04,23,2005,null
04,24,2005,null
04,25,2005,null
04,26,2005,null
04,27,2005,null
04,28,2005,null
04,29,2005,null
04,30,2005,null
05,01,2005,null
05,02,2005,null
05,03,2005,null
05,04,2005,null
05,05,2005,null
05,06,2005,null
05,07,2005,null
05,08,2005,null
05,09,2005,null
05,10,2005,null
05,11,2005,null
05,12,2005,null
05,13,2005,null
05,14,2005,null
05,15,2005,null
05,16,2005,null
05,17,2005,null
05,18,2005,null
05,19,2005,null
05,20,2005,null
05,21,2005,null
05,22,2005,null
05,23,2005,null
05,24,2005,null
05,25,2005,null
05,26,2005,null
05,27,2005,null
05,28,2005,null
05,29,2005,null
05,30,2005,null
05,31,2005,null
06,01,2005,null
06,02,2005,null
06,03,2005,null
06,04,2005,null
06,05,2005,null
06,06,2005,null
06,07,2005,null
06,08,2005,null
06,09,2005,null
06,10,2005,null
06,11,2005,null
06,12,2005,null
06,13,2005,null
06,14,2005,null
06,15,2005,null
06,16,2005,null
06,17,2005,null
06,18,2005,null
06,19,2005,null
06,20,2005,null
06,21,2005,null
06,22,2005,null
06,23,2005,null
06,24,2005,null
06,25,2005,null
06,26,2005,null
06,27,2005,null
06,28,2005,null
06,29,2005,null
06,30,2005,null
07,01,2005,null
07,02,2005,null
07,03,2005,null
07,04,2005,null
07,05,2005,null
07,06,2005,null
07,07,2005,null
07,08,2005,null
07,09,2005,null
07,10,2005,null
07,11,2005,null
07,12,2005,null
07,13,2005,null
07,14,2005,null
07,15,2005,null
07,16,2005,null
07,17,2005,null
07,18,2005,null
07,19,2005,null
07,20,2005,null
07,21,2005,null
07,22,2005,null
07,23,2005,null
07,24,2005,null
07,25,2005,null
07,26,2005,null
07,27,2005,null
07,28,2005,null
07,29,2005,null
07,30,2005,null
07,31,2005,null
08,01,2005,null
08,02,2005,null
08,03,2005,null
08,04,2005,null
08,05,2005,null
08,06,2005,null
08,07,2005,null
08,08,2005,null
08,09,2005,null
08,10,2005,null
08,11,2005,null
08,12,2005,null
08,13,2005,null
08,14,2005,null
08,15,2005,null
08,16,2005,null
08,17,2005,null
08,18,2005,null
08,19,2005,null
08,20,2005,null
08,21,2005,null
08,22,2005,null
08,23,2005,null
08,24,2005,null
08,25,2005,null
08,26,2005,null
08,27,2005,null
08,28,2005,null
08,29,2005,null
08,30,2005,null
08,31,2005,null
09,01,2005,null
09,02,2005,null
09,03,2005,null
09,04,2005,null
09,05,2005,null
09,06,2005,null
09,07,2005,null
09,08,2005,null
09,09,2005,null
09,10,2005,null
09,11,2005,null
09,12,2005,null
09,13,2005,null
09,14,2005,null
09,15,2005,null
09,16,2005,null
09,17,2005,null
09,18,2005,null
09,19,2005,null
09,20,2005,null
09,21,2005,null
09,22,2005,null
09,23,2005,null
09,24,2005,null
09,25,2005,null
09,26,2005,null
09,27,2005,null
09,28,2005,null
09,29,2005,null
09,30,2005,null
10,01,2005,null
10,02,2005,null
10,03,2005,null
10,04,2005,null
10,05,2005,null
10,06,2005,null
10,07,2005,null
10,08,2005,null
10,09,2005,null
10,10,2005,null
10,11,2005,null
10,12,2005,null
10,13,2005,null
10,14,2005,null
10,15,2005,null
10,16,2005,null
10,17,2005,null
10,18,2005,null
10,19,2005,null
10,20,2005,null
10,21,2005,null
10,22,2005,null
10,23,2005,null
10,24,2005,null
10,25,2005,null
10,26,2005,null
10,27,2005,null
10,28,2005,null
10,29,2005,null
10,30,2005,null
10,31,2005,null
11,01,2005,null
11,02,2005,null
11,03,2005,null
11,04,2005,null
11,05,2005,null
11,06,2005,null
11,07,2005,null
11,08,2005,null
11,09,2005,null
11,10,2005,null
11,11,2005,null
11,12,2005,null
11,13,2005,null
11,14,2005,null
11,15,2005,null
11,16,2005,null
11,17,2005,null
11,18,2005,null
11,19,2005,null
11,20,2005,null
11,21,2005,null
11,22,2005,null
11,23,2005,null
11,24,2005,null
11,25,2005,null
11,26,2005,null
11,27,2005,null
11,28,2005,null
11,29,2005,null
11,30,2005,null
12,01,2005,null
12,02,2005,null
12,03,2005,null
12,04,2005,null
12,05,2005,null
12,06,2005,null
12,07,2005,null
12,08,2005,null
12,09,2005,null
12,10,2005,null
12,11,2005,null
12,12,2005,null
12,13,2005,null
12,14,2005,null
12,15,2005,null
12,16,2005,null
12,17,2005,null
12,18,2005,null
12,19,2005,null
12,20,2005,null
12,21,2005,null
12,22,2005,null
12,23,2005,null
12,24,2005,null
12,25,2005,null
12,26,2005,null
12,27,2005,null
12,28,2005,null
12,29,2005,null
12,30,2005,null
12,31,2005,null
01,01,2006,null
01,02,2006,null
01,03,2006,null
01,04,2006,null
01,05,2006,null
01,06,2006,null
01,07,2006,null
01,08,2006,null
01,09,2006,null
01,10,2006,null
01,11,2006,null
01,12,2006,null
01,13,2006,null
01,14,2006,null
01,15,2006,null
01,16,2006,null
01,17,2006,null
01,18,2006,null
01,19,2006,null
01,20,2006,null
01,21,2006,null
01,22,2006,null
01,23,2006,null
01,24,2006,null
01,25,2006,null
01,26,2006,null
01,27,2006,null
01,28,2006,null
01,29,2006,null
01,30,2006,null
01,31,2006,null
02,01,2006,null
02,02,2006,null
02,03,2006,null
02,04,2006,null
02,05,2006,null
02,06,2006,null
02,07,2006,null
02,08,2006,null
02,09,2006,null
02,10,2006,null
02,11,2006,null
02,12,2006,null
02,13,2006,null
02,14,2006,null
02,15,2006,null
02,16,2006,null
02,17,2006,null
02,18,2006,null
02,19,2006,null
02,20,2006,null
02,21,2006,null
02,22,2006,null
02,23,2006,null
02,24,2006,null
02,25,2006,null
02,26,2006,null
02,27,2006,null
02,28,2006,null
03,01,2006,null
03,02,2006,null
03,03,2006,null
03,04,2006,null
03,05,2006,null
03,06,2006,null
03,07,2006,null
03,08,2006,null
03,09,2006,null
03,10,2006,null
03,11,2006,null
03,12,2006,null
03,13,2006,null
03,14,2006,null
03,15,2006,null
03,16,2006,null
03,17,2006,null
03,18,2006,null
03,19,2006,null
03,20,2006,null
03,21,2006,null
03,22,2006,null
03,23,2006,null
03,24,2006,null
03,25,2006,null
03,26,2006,null
03,27,2006,null
03,28,2006,null
03,29,2006,null
03,30,2006,null
03,31,2006,null
04,01,2006,null
04,02,2006,null
04,03,2006,null
04,04,2006,null
04,05,2006,null
04,06,2006,null
04,07,2006,null
04,08,2006,null
04,09,2006,null
04,10,2006,null
04,11,2006,null
04,12,2006,null
04,13,2006,null
04,14,2006,null
04,15,2006,null
04,16,2006,null
04,17,2006,null
04,18,2006,null
04,19,2006,null
04,20,2006,null
04,21,2006,null
04,22,2006,null
04,23,2006,null
04,24,2006,null
04,25,2006,null
04,26,2006,null
04,27,2006,null
04,28,2006,null
04,29,2006,null
04,30,2006,null
05,01,2006,null
05,02,2006,null
05,03,2006,null
05,04,2006,null
05,05,2006,null
05,06,2006,null
05,07,2006,null
05,08,2006,null
05,09,2006,null
05,10,2006,null
05,11,2006,null
05,12,2006,null
05,13,2006,null
05,14,2006,null
05,15,2006,null
05,16,2006,null
05,17,2006,null
05,18,2006,null
05,19,2006,null
05,20,2006,null
05,21,2006,null
05,22,2006,null
05,23,2006,null
05,24,2006,null
05,25,2006,null
05,26,2006,null
05,27,2006,null
05,28,2006,null
05,29,2006,null
05,30,2006,null
05,31,2006,null
06,01,2006,null
06,02,2006,null
06,03,2006,null
06,04,2006,null
06,05,2006,null
06,06,2006,null
06,07,2006,null
06,08,2006,null
06,09,2006,null
06,10,2006,null
06,11,2006,null
06,12,2006,null
06,13,2006,null
06,14,2006,null
06,15,2006,null
06,16,2006,null
06,17,2006,null
06,18,2006,null
06,19,2006,null
06,20,2006,null
06,21,2006,null
06,22,2006,null
06,23,2006,null
06,24,2006,null
06,25,2006,null
06,26,2006,null
06,27,2006,null
06,28,2006,null
06,29,2006,null
06,30,2006,null
07,01,2006,null
07,02,2006,null
07,03,2006,null
07,04,2006,null
07,05,2006,null
07,06,2006,null
07,07,2006,null
07,08,2006,null
07,09,2006,null
07,10,2006,null
07,11,2006,null
07,12,2006,null
07,13,2006,null
07,14,2006,null
07,15,2006,null
07,16,2006,null
07,17,2006,null
07,18,2006,null
07,19,2006,null
07,20,2006,null
07,21,2006,null
07,22,2006,null
07,23,2006,null
07,24,2006,null
07,25,2006,null
07,26,2006,null
07,27,2006,null
07,28,2006,null
07,29,2006,null
07,30,2006,null
07,31,2006,null
08,01,2006,null
08,02,2006,null
08,03,2006,null
08,04,2006,null
08,05,2006,null
08,06,2006,null
08,07,2006,null
08,08,2006,null
08,09,2006,null
08,10,2006,null
08,11,2006,null
08,12,2006,null
08,13,2006,null
08,14,2006,null
08,15,2006,null
08,16,2006,null
08,17,2006,null
08,18,2006,null
08,19,2006,null
08,20,2006,null
08,21,2006,null
08,22,2006,null
08,23,2006,null
08,24,2006,null
08,25,2006,null
08,26,2006,null
08,27,2006,null
08,28,2006,null
08,29,2006,null
08,30,2006,null
08,31,2006,null
09,01,2006,null
09,02,2006,null
09,03,2006,null
09,04,2006,null
09,05,2006,null
09,06,2006,null
09,07,2006,null
09,08,2006,null
09,09,2006,null
09,10,2006,null
09,11,2006,null
09,12,2006,null
09,13,2006,null
09,14,2006,null
09,15,2006,null
09,16,2006,null
09,17,2006,null
09,18,2006,null
09,19,2006,null
09,20,2006,null
09,21,2006,null
09,22,2006,null
09,23,2006,null
09,24,2006,null
09,25,2006,null
09,26,2006,null
09,27,2006,null
09,28,2006,null
09,29,2006,null
09,30,2006,null
10,01,2006,null
10,02,2006,null
10,03,2006,null
10,04,2006,null
10,05,2006,null
10,06,2006,null
10,07,2006,null
10,08,2006,null
10,09,2006,null
10,10,2006,null
10,11,2006,null
10,12,2006,null
10,13,2006,null
10,14,2006,null
10,15,2006,null
10,16,2006,null
10,17,2006,null
10,18,2006,null
10,19,2006,null
10,20,2006,null
10,21,2006,null
10,22,2006,null
10,23,2006,null
10,24,2006,null
10,25,2006,null
10,26,2006,null
10,27,2006,null
10,28,2006,null
10,29,2006,null
10,30,2006,null
10,31,2006,null
11,01,2006,null
11,02,2006,null
11,03,2006,null
11,04,2006,null
11,05,2006,null
11,06,2006,null
11,07,2006,null
11,08,2006,null
11,09,2006,null
11,10,2006,null
11,11,2006,null
11,12,2006,null
11,13,2006,null
11,14,2006,null
11,15,2006,null
11,16,2006,null
11,17,2006,null
11,18,2006,null
11,19,2006,null
11,20,2006,null
11,21,2006,null
11,22,2006,null
11,23,2006,null
11,24,2006,null
11,25,2006,null
11,26,2006,null
11,27,2006,null
11,28,2006,null
11,29,2006,null
11,30,2006,null
12,01,2006,null
12,02,2006,null
12,03,2006,null
12,04,2006,null
12,05,2006,null
12,06,2006,null
12,07,2006,null
12,08,2006,null
12,09,2006,null
12,10,2006,null
12,11,2006,null
12,12,2006,null
12,13,2006,null
12,14,2006,null
12,15,2006,null
12,16,2006,null
12,17,2006,null
12,18,2006,null
12,19,2006,null
12,20,2006,null
12,21,2006,null
12,22,2006,null
12,23,2006,null
12,24,2006,null
12,25,2006,null
12,26,2006,null
12,27,2006,null
12,28,2006,null
12,29,2006,null
12,30,2006,null
12,31,2006,null
01,01,2007,null
01,02,2007,null
01,03,2007,null
01,04,2007,null
01,05,2007,null
01,06,2007,null
01,07,2007,null
01,08,2007,null
01,09,2007,null
01,10,2007,null
01,11,2007,null
01,12,2007,null
01,13,2007,null
01,14,2007,null
01,15,2007,null
01,16,2007,null
01,17,2007,null
01,18,2007,null
01,19,2007,null
01,20,2007,null
01,21,2007,null
01,22,2007,null
01,23,2007,null
01,24,2007,null
01,25,2007,null
01,26,2007,null
01,27,2007,null
01,28,2007,null
01,29,2007,null
01,30,2007,null
01,31,2007,null
02,01,2007,null
02,02,2007,null
02,03,2007,null
02,04,2007,null
02,05,2007,null
02,06,2007,null
02,07,2007,null
02,08,2007,null
02,09,2007,null
02,10,2007,null
02,11,2007,null
02,12,2007,null
02,13,2007,null
02,14,2007,null
02,15,2007,null
02,16,2007,null
02,17,2007,null
02,18,2007,null
02,19,2007,null
02,20,2007,null
02,21,2007,null
02,22,2007,null
02,23,2007,null
02,24,2007,null
02,25,2007,null
02,26,2007,null
02,27,2007,null
02,28,2007,null
03,01,2007,null
03,02,2007,null
03,03,2007,null
03,04,2007,null
03,05,2007,null
03,06,2007,null
03,07,2007,null
03,08,2007,null
03,09,2007,null
03,10,2007,null
03,11,2007,null
03,12,2007,null
03,13,2007,null
03,14,2007,null
03,15,2007,null
03,16,2007,null
03,17,2007,null
03,18,2007,null
03,19,2007,null
03,20,2007,null
03,21,2007,null
03,22,2007,null
03,23,2007,null
03,24,2007,null
03,25,2007,null
03,26,2007,null
03,27,2007,null
03,28,2007,null
03,29,2007,null
03,30,2007,null
03,31,2007,null
04,01,2007,null
04,02,2007,null
04,03,2007,null
04,04,2007,null
04,05,2007,null
04,06,2007,null
04,07,2007,null
04,08,2007,null
04,09,2007,null
04,10,2007,null
04,11,2007,null
04,12,2007,null
04,13,2007,null
04,14,2007,null
04,15,2007,null
04,16,2007,null
04,17,2007,null
04,18,2007,null
04,19,2007,null
04,20,2007,null
04,21,2007,null
04,22,2007,null
04,23,2007,null
04,24,2007,null
04,25,2007,null
04,26,2007,null
04,27,2007,null
04,28,2007,null
04,29,2007,null
04,30,2007,null
05,01,2007,null
05,02,2007,null
05,03,2007,null
05,04,2007,null
05,05,2007,null
05,06,2007,null
05,07,2007,null
05,08,2007,null
05,09,2007,null
05,10,2007,null
05,11,2007,null
05,12,2007,null
05,13,2007,null
05,14,2007,null
05,15,2007,null
05,16,2007,null
05,17,2007,null
05,18,2007,null
05,19,2007,null
05,20,2007,null
05,21,2007,null
05,22,2007,null
05,23,2007,null
05,24,2007,null
05,25,2007,null
05,26,2007,null
05,27,2007,null
05,28,2007,null
05,29,2007,null
05,30,2007,null
05,31,2007,null
06,01,2007,null
06,02,2007,null
06,03,2007,null
06,04,2007,null
06,05,2007,null
06,06,2007,null
06,07,2007,null
06,08,2007,null
06,09,2007,null
06,10,2007,null
06,11,2007,null
06,12,2007,null
06,13,2007,null
06,14,2007,null
06,15,2007,null
06,16,2007,null
06,17,2007,null
06,18,2007,null
06,19,2007,null
06,20,2007,null
06,21,2007,null
06,22,2007,null
06,23,2007,null
06,24,2007,null
06,25,2007,null
06,26,2007,null
06,27,2007,null
06,28,2007,null
06,29,2007,null
06,30,2007,null
07,01,2007,null
07,02,2007,null
07,03,2007,null
07,04,2007,null
07,05,2007,null
07,06,2007,null
07,07,2007,null
07,08,2007,null
07,09,2007,null
07,10,2007,null
07,11,2007,null
07,12,2007,null
07,13,2007,null
07,14,2007,null
07,15,2007,null
07,16,2007,null
07,17,2007,null
07,18,2007,null
07,19,2007,null
07,20,2007,null
07,21,2007,null
07,22,2007,null
07,23,2007,null
07,24,2007,null
07,25,2007,null
07,26,2007,null
07,27,2007,null
07,28,2007,null
07,29,2007,null
07,30,2007,null
07,31,2007,null
08,01,2007,13.0
08,02,2007,15.5
08,03,2007,15.5
08,04,2007,16.75
08,05,2007,15.75
08,06,2007,14.5
08,07,2007,14.75
08,08,2007,16.75
08,09,2007,17.5
08,10,2007,17.25
08,11,2007,18.0
08,12,2007,17.25
08,13,2007,20.5
08,14,2007,19.5
08,15,2007,18.0
08,16,2007,19.0
08,17,2007,17.0
08,18,2007,16.0
08,19,2007,17.0
08,20,2007,17.25
08,21,2007,14.75
08,22,2007,15.0
08,23,2007,15.75
08,24,2007,15.75
08,25,2007,17.75
08,26,2007,21.25
08,27,2007,19.0
08,28,2007,13.25
08,29,2007,14.5
08,30,2007,14.0
08,31,2007,14.0
09,01,2007,null
09,02,2007,null
09,03,2007,null
09,04,2007,null
09,05,2007,null
09,06,2007,null
09,07,2007,null
09,08,2007,null
09,09,2007,null
09,10,2007,null
09,11,2007,null
09,12,2007,null
09,13,2007,null
09,14,2007,null
09,15,2007,null
09,16,2007,null
09,17,2007,null
09,18,2007,null
09,19,2007,null
09,20,2007,null
09,21,2007,null
09,22,2007,null
09,23,2007,null
09,24,2007,null
09,25,2007,null
09,26,2007,null
09,27,2007,null
09,28,2007,null
09,29,2007,null
09,30,2007,null
10,01,2007,null
10,02,2007,null
10,03,2007,null
10,04,2007,null
10,05,2007,null
10,06,2007,null
10,07,2007,null
10,08,2007,null
10,09,2007,null
10,10,2007,null
10,11,2007,null
10,12,2007,null
10,13,2007,null
10,14,2007,null
10,15,2007,null
10,16,2007,null
10,17,2007,null
10,18,2007,null
10,19,2007,null
10,20,2007,null
10,21,2007,null
10,22,2007,null
10,23,2007,null
10,24,2007,null
10,25,2007,null
10,26,2007,null
10,27,2007,null
10,28,2007,null
10,29,2007,null
10,30,2007,null
10,31,2007,null
11,01,2007,null
11,02,2007,null
11,03,2007,null
11,04,2007,null
11,05,2007,null
11,06,2007,null
11,07,2007,null
11,08,2007,null
11,09,2007,null
11,10,2007,null
11,11,2007,null
11,12,2007,null
11,13,2007,null
11,14,2007,null
11,15,2007,null
11,16,2007,null
11,17,2007,null
11,18,2007,null
11,19,2007,null
11,20,2007,null
11,21,2007,null
11,22,2007,null
11,23,2007,null
11,24,2007,null
11,25,2007,null
11,26,2007,null
11,27,2007,null
11,28,2007,null
11,29,2007,null
11,30,2007,null
12,01,2007,null
12,02,2007,null
12,03,2007,null
12,04,2007,null
12,05,2007,null
12,06,2007,null
12,07,2007,null
12,08,2007,null
12,09,2007,null
12,10,2007,null
12,11,2007,null
12,12,2007,null
12,13,2007,null
12,14,2007,null
12,15,2007,null
12,16,2007,null
12,17,2007,null
12,18,2007,null
12,19,2007,null
12,20,2007,null
12,21,2007,null
12,22,2007,null
12,23,2007,null
12,24,2007,null
12,25,2007,null
12,26,2007,null
12,27,2007,null
12,28,2007,null
12,29,2007,null
12,30,2007,null
12,31,2007,null
01,01,2008,0.0
01,02,2008,0.0
01,03,2008,0.0
01,04,2008,0.0
01,05,2008,0.0
01,06,2008,0.0
01,07,2008,0.0
01,08,2008,0.0
01,09,2008,0.0
01,10,2008,0.0
01,11,2008,0.0
01,12,2008,0.0
01,13,2008,0.0
01,14,2008,0.0
01,15,2008,0.0
01,16,2008,0.0
01,17,2008,0.0
01,18,2008,0.0
01,19,2008,0.0
01,20,2008,0.0
01,21,2008,0.0
01,22,2008,0.0
01,23,2008,0.0
01,24,2008,0.0
01,25,2008,0.0
01,26,2008,0.0
01,27,2008,0.0
01,28,2008,0.0
01,29,2008,0.0
01,30,2008,0.0
01,31,2008,0.0
02,01,2008,0.0
02,02,2008,0.0
02,03,2008,0.0
02,04,2008,0.0
02,05,2008,0.0
02,06,2008,0.0
02,07,2008,0.0
02,08,2008,0.0
02,09,2008,0.0
02,10,2008,0.0
02,11,2008,0.0
02,12,2008,0.0
02,13,2008,0.0
02,14,2008,0.0
02,15,2008,0.0
02,16,2008,0.0
02,17,2008,0.0
02,18,2008,0.0
02,19,2008,0.0
02,20,2008,0.0
02,21,2008,0.0
02,22,2008,0.0
02,23,2008,0.0
02,24,2008,0.0
02,25,2008,0.0
02,26,2008,0.0
02,27,2008,0.0
02,28,2008,0.0
02,29,2008,0.0
03,01,2008,0.0
03,02,2008,0.0
03,03,2008,0.0
03,04,2008,0.0
03,05,2008,0.0
03,06,2008,0.0
03,07,2008,0.0
03,08,2008,0.0
03,09,2008,0.0
03,10,2008,0.0
03,11,2008,0.0
03,12,2008,0.0
03,13,2008,0.0
03,14,2008,0.0
03,15,2008,0.0
03,16,2008,0.0
03,17,2008,0.0
03,18,2008,0.0
03,19,2008,0.0
03,20,2008,0.0
03,21,2008,0.0
03,22,2008,0.0
03,23,2008,0.0
03,24,2008,0.0
03,25,2008,0.0
03,26,2008,0.0
03,27,2008,0.0
03,28,2008,0.0
03,29,2008,0.0
03,30,2008,0.0
03,31,2008,0.0
04,01,2008,0.0
04,02,2008,0.0
04,03,2008,0.0
04,04,2008,0.0
04,05,2008,0.0
04,06,2008,0.0
04,07,2008,0.0
04,08,2008,0.0
04,09,2008,0.0
04,10,2008,0.0
04,11,2008,0.0
04,12,2008,0.0
04,13,2008,0.0
04,14,2008,0.0
04,15,2008,0.0
04,16,2008,0.0
04,17,2008,0.0
04,18,2008,0.0
04,19,2008,0.0
04,20,2008,0.0
04,21,2008,0.0
04,22,2008,0.0
04,23,2008,0.0
04,24,2008,0.0
04,25,2008,0.0
04,26,2008,0.0
04,27,2008,0.0
04,28,2008,0.0
04,29,2008,0.0
04,30,2008,0.0
05,01,2008,0.0
05,02,2008,0.0
05,03,2008,0.0
05,04,2008,0.0
05,05,2008,0.0
05,06,2008,0.0
05,07,2008,0.0
05,08,2008,0.0
05,09,2008,0.0
05,10,2008,0.0
05,11,2008,0.0
05,12,2008,0.0
05,13,2008,0.0
05,14,2008,0.0
05,15,2008,0.0
05,16,2008,0.0
05,17,2008,0.0
05,18,2008,0.0
05,19,2008,0.0
05,20,2008,0.0
05,21,2008,0.0
05,22,2008,0.0
05,23,2008,0.0
05,24,2008,0.0
05,25,2008,0.0
05,26,2008,0.0
05,27,2008,0.0
05,28,2008,0.0
05,29,2008,0.0
05,30,2008,0.0
05,31,2008,0.0
06,01,2008,0.0
06,02,2008,0.0
06,03,2008,0.0
06,04,2008,0.0
06,05,2008,0.0
06,06,2008,0.0
06,07,2008,0.0
06,08,2008,0.0
06,09,2008,0.0
06,10,2008,0.0
06,11,2008,0.0
06,12,2008,0.0
06,13,2008,0.0
06,14,2008,0.0
06,15,2008,0.0
06,16,2008,0.0
06,17,2008,11.75
06,18,2008,15.75
06,19,2008,15.5
06,20,2008,16.0
06,21,2008,15.0
06,22,2008,16.0
06,23,2008,15.0
06,24,2008,15.25
06,25,2008,16.0
06,26,2008,17.5
06,27,2008,17.25
06,28,2008,17.25
06,29,2008,16.0
06,30,2008,14.25
07,01,2008,17.25
07,02,2008,16.5
07,03,2008,16.25
07,04,2008,15.5
07,05,2008,16.5
07,06,2008,16.5
07,07,2008,17.25
07,08,2008,17.0
07,09,2008,15.0
07,10,2008,15.25
07,11,2008,17.0
07,12,2008,19.0
07,13,2008,16.5
07,14,2008,16.5
07,15,2008,17.75
07,16,2008,16.5
07,17,2008,19.25
07,18,2008,19.25
07,19,2008,20.75
07,20,2008,21.25
07,21,2008,20.75
07,22,2008,19.0
07,23,2008,21.75
07,24,2008,20.75
07,25,2008,18.5
07,26,2008,17.75
07,27,2008,15.5
07,28,2008,15.5
07,29,2008,15.25
07,30,2008,15.0
07,31,2008,15.5
08,01,2008,11.5
08,02,2008,11.5
08,03,2008,11.5
08,04,2008,11.5
08,05,2008,11.5
08,06,2008,11.5
08,07,2008,11.5
08,08,2008,11.0
08,09,2008,11.5
08,10,2008,11.5
08,11,2008,11.5
08,12,2008,9.0
08,13,2008,11.0
08,14,2008,11.0
08,15,2008,12.0
08,16,2008,12.0
08,17,2008,12.0
08,18,2008,12.0
08,19,2008,12.0
08,20,2008,12.0
08,21,2008,12.0
08,22,2008,12.0
08,23,2008,12.0
08,24,2008,12.0
08,25,2008,12.0
08,26,2008,12.0
08,27,2008,11.5
08,28,2008,12.0
08,29,2008,11.5
08,30,2008,11.5
08,31,2008,12.0
09,01,2008,17.5
09,02,2008,21.0
09,03,2008,21.25
09,04,2008,20.75
09,05,2008,13.0
09,06,2008,15.75
09,07,2008,19.25
09,08,2008,19.5
09,09,2008,20.25
09,10,2008,21.0
09,11,2008,19.25
09,12,2008,16.75
09,13,2008,15.5
09,14,2008,15.75
09,15,2008,18.75
09,16,2008,18.0
09,17,2008,16.25
09,18,2008,15.75
09,19,2008,20.0
09,20,2008,19.0
09,21,2008,16.5
09,22,2008,15.25
09,23,2008,16.0
09,24,2008,13.25
09,25,2008,14.5
09,26,2008,12.75
09,27,2008,17.25
09,28,2008,19.25
09,29,2008,16.5
09,30,2008,16.25
10,01,2008,14.75
10,02,2008,15.75
10,03,2008,16.75
10,04,2008,19.5
10,05,2008,18.75
10,06,2008,16.0
10,07,2008,13.5
10,08,2008,13.0
10,09,2008,18.5
10,10,2008,20.5
10,11,2008,18.5
10,12,2008,20.5
10,13,2008,17.25
10,14,2008,19.0
10,15,2008,18.0
10,16,2008,18.5
10,17,2008,16.5
10,18,2008,16.75
10,19,2008,17.25
10,20,2008,17.25
10,21,2008,17.75
10,22,2008,20.25
10,23,2008,17.0
10,24,2008,16.5
10,25,2008,20.25
10,26,2008,20.25
10,27,2008,15.5
10,28,2008,14.25
10,29,2008,17.0
10,30,2008,18.25
10,31,2008,19.0
11,01,2008,15.5
11,02,2008,17.25
11,03,2008,17.0
11,04,2008,18.25
11,05,2008,18.75
11,06,2008,18.75
11,07,2008,18.75
11,08,2008,19.25
11,09,2008,18.5
11,10,2008,19.25
11,11,2008,21.5
11,12,2008,19.75
11,13,2008,20.0
11,14,2008,21.25
11,15,2008,17.75
11,16,2008,14.25
11,17,2008,19.0
11,18,2008,14.75
11,19,2008,15.0
11,20,2008,15.75
11,21,2008,14.0
11,22,2008,16.25
11,23,2008,17.25
11,24,2008,17.5
11,25,2008,16.5
11,26,2008,18.0
11,27,2008,19.75
11,28,2008,19.5
11,29,2008,19.75
11,30,2008,19.5
12,01,2008,18.0
12,02,2008,17.75
12,03,2008,17.75
12,04,2008,17.75
12,05,2008,17.5
12,06,2008,18.0
12,07,2008,18.5
12,08,2008,18.0
12,09,2008,19.5
12,10,2008,18.25
12,11,2008,16.25
12,12,2008,17.5
12,13,2008,16.75
12,14,2008,19.25
12,15,2008,19.5
12,16,2008,18.75
12,17,2008,19.25
12,18,2008,20.0
12,19,2008,20.5
12,20,2008,18.75
12,21,2008,19.0
12,22,2008,17.0
12,23,2008,18.25
12,24,2008,17.5
12,25,2008,18.25
12,26,2008,19.25
12,27,2008,18.25
12,28,2008,19.0
12,29,2008,16.0
12,30,2008,18.25
12,31,2008,17.75
01,01,2009,18.0
01,02,2009,18.5
01,03,2009,19.0
01,04,2009,19.0
01,05,2009,19.25
01,06,2009,19.0
01,07,2009,20.5
01,08,2009,19.25
01,09,2009,20.25
01,10,2009,19.5
01,11,2009,18.25
01,12,2009,16.25
01,13,2009,12.25
01,14,2009,12.25
01,15,2009,14.25
01,16,2009,10.0
01,17,2009,16.75
01,18,2009,17.0
01,19,2009,16.75
01,20,2009,17.5
01,21,2009,14.75
01,22,2009,16.75
01,23,2009,17.0
01,24,2009,17.75
01,25,2009,18.0
01,26,2009,20.5
01,27,2009,19.5
01,28,2009,20.0
01,29,2009,20.25
01,30,2009,15.5
01,31,2009,15.5
02,01,2009,16.75
02,02,2009,15.75
02,03,2009,15.25
02,04,2009,13.75
02,05,2009,12.5
02,06,2009,11.0
02,07,2009,13.0
02,08,2009,16.5
02,09,2009,17.0
02,10,2009,18.25
02,11,2009,18.5
02,12,2009,15.75
02,13,2009,16.75
02,14,2009,18.25
02,15,2009,20.25
02,16,2009,20.0
02,17,2009,19.5
02,18,2009,21.0
02,19,2009,21.5
02,20,2009,19.0
02,21,2009,18.0
02,22,2009,16.75
02,23,2009,15.0
02,24,2009,14.5
02,25,2009,16.25
02,26,2009,16.75
02,27,2009,18.0
02,28,2009,19.0
03,01,2009,16.25
03,02,2009,14.25
03,03,2009,19.25
03,04,2009,17.5
03,05,2009,18.5
03,06,2009,18.75
03,07,2009,19.5
03,08,2009,21.0
03,09,2009,20.0
03,10,2009,22.5
03,11,2009,21.0
03,12,2009,19.0
03,13,2009,18.0
03,14,2009,19.25
03,15,2009,18.0
03,16,2009,18.0
03,17,2009,20.5
03,18,2009,18.75
03,19,2009,17.75
03,20,2009,16.75
03,21,2009,16.5
03,22,2009,17.5
03,23,2009,18.25
03,24,2009,20.25
03,25,2009,21.0
03,26,2009,20.5
03,27,2009,21.25
03,28,2009,21.0
03,29,2009,20.0
03,30,2009,22.25
03,31,2009,22.0
04,01,2009,22.05
04,02,2009,22.5
04,03,2009,22.5
04,04,2009,23.25
04,05,2009,24.25
04,06,2009,21.75
04,07,2009,17.25
04,08,2009,18.75
04,09,2009,22.25
04,10,2009,23.75
04,11,2009,23.0
04,12,2009,22.0
04,13,2009,23.0
04,14,2009,22.25
04,15,2009,22.5
04,16,2009,22.75
04,17,2009,22.5
04,18,2009,22.25
04,19,2009,20.75
04,20,2009,20.0
04,21,2009,19.5
04,22,2009,18.75
04,23,2009,19.0
04,24,2009,19.5
04,25,2009,20.25
04,26,2009,21.75
04,27,2009,18.0
04,28,2009,19.25
04,29,2009,18.5
04,30,2009,21.5
05,01,2009,21.75
05,02,2009,22.0
05,03,2009,16.5
05,04,2009,20.25
05,05,2009,22.75
05,06,2009,22.5
05,07,2009,21.25
05,08,2009,21.75
05,09,2009,20.25
05,10,2009,20.0
05,11,2009,18.5
05,12,2009,18.75
05,13,2009,20.25
05,14,2009,21.75
05,15,2009,22.0
05,16,2009,21.75
05,17,2009,18.25
05,18,2009,17.0
05,19,2009,17.0
05,20,2009,18.25
05,21,2009,21.5
05,22,2009,18.75
05,23,2009,18.75
05,24,2009,19.75
05,25,2009,21.0
05,26,2009,22.75
05,27,2009,23.25
05,28,2009,24.0
05,29,2009,22.25
05,30,2009,21.5
05,31,2009,22.5
06,01,2009,18.5
06,02,2009,20.5
06,03,2009,21.0
06,04,2009,21.0
06,05,2009,20.25
06,06,2009,20.5
06,07,2009,22.0
06,08,2009,22.5
06,09,2009,23.25
06,10,2009,22.75
06,11,2009,24.0
06,12,2009,23.5
06,13,2009,23.0
06,14,2009,22.5
06,15,2009,20.75
06,16,2009,21.25
06,17,2009,20.5
06,18,2009,20.25
06,19,2009,21.75
06,20,2009,21.5
06,21,2009,20.75
06,22,2009,21.25
06,23,2009,19.25
06,24,2009,21.25
06,25,2009,21.75
06,26,2009,21.75
06,27,2009,21.0
06,28,2009,21.0
06,29,2009,20.25
06,30,2009,20.0
07,01,2009,null
07,02,2009,null
07,03,2009,null
07,04,2009,null
07,05,2009,null
07,06,2009,null
07,07,2009,null
07,08,2009,null
07,09,2009,null
07,10,2009,null
07,11,2009,null
07,12,2009,null
07,13,2009,null
07,14,2009,null
07,15,2009,null
07,16,2009,null
07,17,2009,null
07,18,2009,null
07,19,2009,null
07,20,2009,null
07,21,2009,null
07,22,2009,null
07,23,2009,null
07,24,2009,null
07,25,2009,null
07,26,2009,null
07,27,2009,null
07,28,2009,null
07,29,2009,null
07,30,2009,null
07,31,2009,null
08,01,2009,22.25
08,02,2009,23.25
08,03,2009,22.5
08,04,2009,20.75
08,05,2009,22.25
08,06,2009,22.75
08,07,2009,22.5
08,08,2009,21.25
08,09,2009,21.75
08,10,2009,22.25
08,11,2009,23.0
08,12,2009,23.25
08,13,2009,21.25
08,14,2009,22.0
08,15,2009,23.5
08,16,2009,23.0
08,17,2009,23.25
08,18,2009,22.5
08,19,2009,19.5
08,20,2009,19.0
08,21,2009,21.5
08,22,2009,23.75
08,23,2009,22.75
08,24,2009,22.75
08,25,2009,21.75
08,26,2009,21.0
08,27,2009,20.5
08,28,2009,21.5
08,29,2009,20.75
08,30,2009,20.25
08,31,2009,19.5
09,01,2009,21.75
09,02,2009,22.0
09,03,2009,22.0
09,04,2009,21.25
09,05,2009,20.0
09,06,2009,20.25
09,07,2009,20.0
09,08,2009,20.5
09,09,2009,20.0
09,10,2009,20.5
09,11,2009,20.25
09,12,2009,20.75
09,13,2009,22.0
09,14,2009,22.75
09,15,2009,19.75
09,16,2009,19.25
09,17,2009,20.5
09,18,2009,19.25
09,19,2009,21.25
09,20,2009,20.5
09,21,2009,20.0
09,22,2009,21.5
09,23,2009,21.75
09,24,2009,20.5
09,25,2009,22.0
09,26,2009,19.0
09,27,2009,20.25
09,28,2009,22.5
09,29,2009,20.25
09,30,2009,21.0
10,01,2009,23.25
10,02,2009,23.5
10,03,2009,24.0
10,04,2009,24.25
10,05,2009,24.5
10,06,2009,24.0
10,07,2009,23.5
10,08,2009,24.5
10,09,2009,24.0
10,10,2009,24.5
10,11,2009,24.0
10,12,2009,24.25
10,13,2009,23.0
10,14,2009,24.5
10,15,2009,23.25
10,16,2009,24.0
10,17,2009,25.0
10,18,2009,22.5
10,19,2009,22.25
10,20,2009,21.5
10,21,2009,22.0
10,22,2009,23.25
10,23,2009,24.0
10,24,2009,23.5
10,25,2009,23.5
10,26,2009,19.5
10,27,2009,22.5
10,28,2009,22.5
10,29,2009,23.5
10,30,2009,22.0
10,31,2009,23.25
11,01,2009,21.25
11,02,2009,17.0
11,03,2009,17.25
11,04,2009,17.25
11,05,2009,18.0
11,06,2009,17.5
11,07,2009,17.75
11,08,2009,16.75
11,09,2009,16.75
11,10,2009,14.0
11,11,2009,17.5
11,12,2009,17.0
11,13,2009,19.5
11,14,2009,20.25
11,15,2009,18.0
11,16,2009,17.0
11,17,2009,17.0
11,18,2009,18.5
11,19,2009,19.0
11,20,2009,19.75
11,21,2009,20.0
11,22,2009,21.0
11,23,2009,21.25
11,24,2009,20.25
11,25,2009,22.0
11,26,2009,20.0
11,27,2009,18.5
11,28,2009,18.5
11,29,2009,19.0
11,30,2009,20.25
12,01,2009,null
12,02,2009,null
12,03,2009,null
12,04,2009,null
12,05,2009,null
12,06,2009,null
12,07,2009,null
12,08,2009,null
12,09,2009,null
12,10,2009,null
12,11,2009,null
12,12,2009,null
12,13,2009,null
12,14,2009,null
12,15,2009,null
12,16,2009,null
12,17,2009,null
12,18,2009,null
12,19,2009,null
12,20,2009,null
12,21,2009,null
12,22,2009,null
12,23,2009,null
12,24,2009,null
12,25,2009,null
12,26,2009,null
12,27,2009,null
12,28,2009,null
12,29,2009,null
12,30,2009,null
12,31,2009,null
01,01,2010,19.25
01,02,2010,18.75
01,03,2010,14.5
01,04,2010,14.5
01,05,2010,14.5
01,06,2010,15.75
01,07,2010,17.0
01,08,2010,16.25
01,09,2010,10.0
01,10,2010,8.5
01,11,2010,12.0
01,12,2010,12.25
01,13,2010,13.75
01,14,2010,14.5
01,15,2010,15.76
01,16,2010,18.75
01,17,2010,18.0
01,18,2010,20.0
01,19,2010,20.0
01,20,2010,21.5
01,21,2010,20.75
01,22,2010,20.0
01,23,2010,20.25
01,24,2010,20.5
01,25,2010,19.25
01,26,2010,18.25
01,27,2010,18.0
01,28,2010,17.25
01,29,2010,14.75
01,30,2010,null
01,31,2010,13.5
02,01,2010,11.75
02,02,2010,14.75
02,03,2010,13.75
02,04,2010,13.0
02,05,2010,16.75
02,06,2010,16.5
02,07,2010,18.25
02,08,2010,20.0
02,09,2010,19.0
02,10,2010,18.75
02,11,2010,18.5
02,12,2010,18.75
02,13,2010,19.0
02,14,2010,19.75
02,15,2010,19.0
02,16,2010,15.75
02,17,2010,13.5
02,18,2010,12.25
02,19,2010,15.75
02,20,2010,17.0
02,21,2010,18.25
02,22,2010,20.75
02,23,2010,22.25
02,24,2010,19.25
02,25,2010,18.75
02,26,2010,19.5
02,27,2010,17.0
02,28,2010,17.75
03,01,2010,18.5
03,02,2010,19.5
03,03,2010,21.0
03,04,2010,22.0
03,05,2010,22.75
03,06,2010,19.5
03,07,2010,22.75
03,08,2010,21.25
03,09,2010,22.25
03,10,2010,22.5
03,11,2010,22.75
03,12,2010,22.75
03,13,2010,19.25
03,14,2010,20.25
03,15,2010,19.25
03,16,2010,22.5
03,17,2010,19.5
03,18,2010,20.75
03,19,2010,21.0
03,20,2010,21.5
03,21,2010,19.5
03,22,2010,19.75
03,23,2010,20.75
03,24,2010,19.75
03,25,2010,20.75
03,26,2010,19.25
03,27,2010,20.25
03,28,2010,21.0
03,29,2010,17.5
03,30,2010,20.0
03,31,2010,20.5
04,01,2010,20.5
04,02,2010,18.75
04,03,2010,21.25
04,04,2010,21.75
04,05,2010,22.5
04,06,2010,21.75
04,07,2010,21.5
04,08,2010,20.0
04,09,2010,20.75
04,10,2010,21.25
04,11,2010,21.75
04,12,2010,22.5
04,13,2010,20.5
04,14,2010,18.25
04,15,2010,19.0
04,16,2010,19.0
04,17,2010,17.25
04,18,2010,15.5
04,19,2010,19.5
04,20,2010,19.5
04,21,2010,21.25
04,22,2010,20.5
04,23,2010,20.0
04,24,2010,21.0
04,25,2010,21.0
04,26,2010,22.25
04,27,2010,22.25
04,28,2010,22.75
04,29,2010,22.5
04,30,2010,22.0
05,01,2010,23.0
05,02,2010,22.75
05,03,2010,21.5
05,04,2010,22.75
05,05,2010,22.5
05,06,2010,23.5
05,07,2010,21.75
05,08,2010,22.25
05,09,2010,23.5
05,10,2010,23.5
05,11,2010,23.5
05,12,2010,24.25
05,13,2010,22.75
05,14,2010,21.75
05,15,2010,22.0
05,16,2010,21.0
05,17,2010,19.0
05,18,2010,20.75
05,19,2010,22.25
05,20,2010,20.75
05,21,2010,23.25
05,22,2010,25.25
05,23,2010,25.25
05,24,2010,25.0
05,25,2010,24.25
05,26,2010,24.0
05,27,2010,21.25
05,28,2010,21.0
05,29,2010,24.0
05,30,2010,24.5
05,31,2010,24.0
06,01,2010,24.5
06,02,2010,24.75
06,03,2010,24.25
06,04,2010,23.5
06,05,2010,23.75
06,06,2010,24.75
06,07,2010,24.75
06,08,2010,24.0
06,09,2010,24.25
06,10,2010,25.0
06,11,2010,25.0
06,12,2010,25.5
06,13,2010,22.5
06,14,2010,22.25
06,15,2010,22.5
06,16,2010,22.75
06,17,2010,22.0
06,18,2010,22.5
06,19,2010,21.0
06,20,2010,22.25
06,21,2010,22.0
06,22,2010,22.5
06,23,2010,22.75
06,24,2010,22.25
06,25,2010,23.0
06,26,2010,22.5
06,27,2010,22.0
06,28,2010,23.0
06,29,2010,22.75
06,30,2010,22.0
07,01,2010,20.5
07,02,2010,22.0
07,03,2010,21.25
07,04,2010,20.5
07,05,2010,20.0
07,06,2010,21.0
07,07,2010,20.25
07,08,2010,19.25
07,09,2010,17.5
07,10,2010,18.75
07,11,2010,19.75
07,12,2010,20.75
07,13,2010,21.25
07,14,2010,20.0
07,15,2010,20.0
07,16,2010,20.25
07,17,2010,20.5
07,18,2010,20.25
07,19,2010,21.75
07,20,2010,22.5
07,21,2010,19.75
07,22,2010,17.5
07,23,2010,17.5
07,24,2010,16.25
07,25,2010,18.25
07,26,2010,16.5
07,27,2010,16.25
07,28,2010,18.25
07,29,2010,16.0
07,30,2010,17.0
07,31,2010,16.75
08,01,2010,19.0
08,02,2010,20.75
08,03,2010,20.25
08,04,2010,19.5
08,05,2010,20.5
08,06,2010,19.0
08,07,2010,18.5
08,08,2010,20.0
08,09,2010,20.0
08,10,2010,21.5
08,11,2010,21.5
08,12,2010,22.0
08,13,2010,20.5
08,14,2010,20.5
08,15,2010,21.0
08,16,2010,21.0
08,17,2010,17.0
08,18,2010,18.5
08,19,2010,18.5
08,20,2010,20.0
08,21,2010,20.5
08,22,2010,21.0
08,23,2010,20.5
08,24,2010,15.5
08,25,2010,16.5
08,26,2010,23.0
08,27,2010,23.0
08,28,2010,22.5
08,29,2010,21.5
08,30,2010,21.5
08,31,2010,18.0
09,01,2010,19.0
09,02,2010,21.75
09,03,2010,21.0
09,04,2010,20.5
09,05,2010,20.0
09,06,2010,19.5
09,07,2010,19.0
09,08,2010,18.0
09,09,2010,18.0
09,10,2010,18.25
09,11,2010,21.0
09,12,2010,21.0
09,13,2010,21.0
09,14,2010,20.5
09,15,2010,20.5
09,16,2010,20.5
09,17,2010,16.0
09,18,2010,18.5
09,19,2010,21.5
09,20,2010,19.5
09,21,2010,18.5
09,22,2010,19.0
09,23,2010,19.0
09,24,2010,20.0
09,25,2010,21.0
09,26,2010,19.5
09,27,2010,20.5
09,28,2010,19.5
09,29,2010,19.0
09,30,2010,19.0
10,01,2010,19.0
10,02,2010,19.0
10,03,2010,19.0
10,04,2010,19.0
10,05,2010,19.0
10,06,2010,18.5
10,07,2010,19.0
10,08,2010,19.0
10,09,2010,19.5
10,10,2010,19.0
10,11,2010,18.5
10,12,2010,18.5
10,13,2010,19.0
10,14,2010,20.5
10,15,2010,18.5
10,16,2010,19.0
10,17,2010,18.5
10,18,2010,19.0
10,19,2010,19.0
10,20,2010,19.0
10,21,2010,19.0
10,22,2010,19.0
10,23,2010,18.0
10,24,2010,18.5
10,25,2010,18.5
10,26,2010,19.0
10,27,2010,19.0
10,28,2010,19.0
10,29,2010,17.5
10,30,2010,18.5
10,31,2010,18.5
11,01,2010,19.0
11,02,2010,19.0
11,03,2010,19.25
11,04,2010,19.5
11,05,2010,19.25
11,06,2010,19.5
11,07,2010,20.5
11,08,2010,21.75
11,09,2010,21.5
11,10,2010,18.5
11,11,2010,18.75
11,12,2010,18.0
11,13,2010,19.75
11,14,2010,19.25
11,15,2010,19.5
11,16,2010,21.0
11,17,2010,21.5
11,18,2010,20.75
11,19,2010,21.0
11,20,2010,22.5
11,21,2010,22.0
11,22,2010,21.5
11,23,2010,17.25
11,24,2010,16.5
11,25,2010,15.75
11,26,2010,16.25
11,27,2010,16.0
11,28,2010,15.0
11,29,2010,16.0
11,30,2010,14.75
12,01,2010,13.75
12,02,2010,13.0
12,03,2010,12.25
12,04,2010,11.5
12,05,2010,12.0
12,06,2010,10.0
12,07,2010,11.0
12,08,2010,11.0
12,09,2010,11.5
12,10,2010,11.0
12,11,2010,11.0
12,12,2010,12.25
12,13,2010,12.0
12,14,2010,11.75
12,15,2010,12.5
12,16,2010,12.75
12,17,2010,12.5
12,18,2010,12.25
12,19,2010,13.25
12,20,2010,13.0
12,21,2010,12.5
12,22,2010,13.25
12,23,2010,11.75
12,24,2010,15.25
12,25,2010,11.5
12,26,2010,11.75
12,27,2010,12.0
12,28,2010,10.5
12,29,2010,10.5
12,30,2010,12.75
12,31,2010,13.5
01,01,2011,13.75
01,02,2011,14.0
01,03,2011,13.25
01,04,2011,14.75
01,05,2011,15.25
01,06,2011,14.25
01,07,2011,14.75
01,08,2011,14.5
01,09,2011,15.75
01,10,2011,15.5
01,11,2011,13.75
01,12,2011,12.5
01,13,2011,10.75
01,14,2011,13.25
01,15,2011,13.0
01,16,2011,13.25
01,17,2011,13.5
01,18,2011,13.75
01,19,2011,14.25
01,20,2011,13.25
01,21,2011,14.0
01,22,2011,14.0
01,23,2011,15.5
01,24,2011,14.0
01,25,2011,13.75
01,26,2011,13.5
01,27,2011,14.05
01,28,2011,13.75
01,29,2011,14.0
01,30,2011,14.25
01,31,2011,15.0
02,01,2011,16.25
02,02,2011,14.0
02,03,2011,14.75
02,04,2011,16.0
02,05,2011,16.25
02,06,2011,16.5
02,07,2011,14.5
02,08,2011,15.5
02,09,2011,17.0
02,10,2011,15.25
02,11,2011,15.75
02,12,2011,15.5
02,13,2011,14.25
02,14,2011,13.75
02,15,2011,14.25
02,16,2011,15.25
02,17,2011,15.5
02,18,2011,15.75
02,19,2011,15.25
02,20,2011,15.5
02,21,2011,15.75
02,22,2011,16.75
02,23,2011,17.0
02,24,2011,16.75
02,25,2011,17.25
02,26,2011,17.5
02,27,2011,18.25
02,28,2011,17.75
03,01,2011,16.5
03,02,2011,17.5
03,03,2011,18.0
03,04,2011,16.5
03,05,2011,19.0
03,06,2011,18.0
03,07,2011,18.0
03,08,2011,18.5
03,09,2011,17.5
03,10,2011,12.5
03,11,2011,15.0
03,12,2011,17.5
03,13,2011,18.25
03,14,2011,18.0
03,15,2011,15.0
03,16,2011,17.0
03,17,2011,16.5
03,18,2011,16.0
03,19,2011,18.0
03,20,2011,16.0
03,21,2011,16.5
03,22,2011,18.0
03,23,2011,18.0
03,24,2011,18.5
03,25,2011,20.0
03,26,2011,19.0
03,27,2011,21.0
03,28,2011,21.5
03,29,2011,21.0
03,30,2011,22.0
03,31,2011,19.5
04,01,2011,21.5
04,02,2011,20.5
04,03,2011,20.0
04,04,2011,19.5
04,05,2011,20.5
04,06,2011,21.0
04,07,2011,22.5
04,08,2011,21.5
04,09,2011,22.5
04,10,2011,23.5
04,11,2011,22.5
04,12,2011,20.0
04,13,2011,21.5
04,14,2011,21.5
04,15,2011,22.5
04,16,2011,19.5
04,17,2011,18.0
04,18,2011,18.5
04,19,2011,20.5
04,20,2011,20.0
04,21,2011,20.0
04,22,2011,20.5
04,23,2011,21.5
04,24,2011,22.5
04,25,2011,22.0
04,26,2011,22.5
04,27,2011,22.5
04,28,2011,21.0
04,29,2011,20.5
04,30,2011,22.0
05,01,2011,null
05,02,2011,null
05,03,2011,18.5
05,04,2011,15.0
05,05,2011,18.5
05,06,2011,19.5
05,07,2011,21.0
05,08,2011,20.5
05,09,2011,21.0
05,10,2011,19.5
05,11,2011,17.0
05,12,2011,17.5
05,13,2011,20.0
05,14,2011,21.5
05,15,2011,23.0
05,16,2011,22.5
05,17,2011,23.0
05,18,2011,23.0
05,19,2011,24.0
05,20,2011,24.0
05,21,2011,24.0
05,22,2011,23.0
05,23,2011,23.5
05,24,2011,24.0
05,25,2011,24.0
05,26,2011,25.0
05,27,2011,24.5
05,28,2011,24.5
05,29,2011,24.5
05,30,2011,22.5
05,31,2011,23.5
06,01,2011,15.5
06,02,2011,18.5
06,03,2011,19.0
06,04,2011,16.5
06,05,2011,18.5
06,06,2011,20.5
06,07,2011,19.5
06,08,2011,20.5
06,09,2011,21.5
06,10,2011,20.5
06,11,2011,20.0
06,12,2011,21.0
06,13,2011,20.0
06,14,2011,21.5
06,15,2011,21.5
06,16,2011,21.5
06,17,2011,21.5
06,18,2011,22.5
06,19,2011,22.5
06,20,2011,22.0
06,21,2011,19.0
06,22,2011,21.0
06,23,2011,19.5
06,24,2011,20.5
06,25,2011,20.0
06,26,2011,19.5
06,27,2011,19.5
06,28,2011,19.0
06,29,2011,17.5
06,30,2011,18.0
07,01,2011,18.0
07,02,2011,18.0
07,03,2011,19.0
07,04,2011,17.5
07,05,2011,17.0
07,06,2011,20.0
07,07,2011,21.0
07,08,2011,19.5
07,09,2011,19.5
07,10,2011,20.0
07,11,2011,21.0
07,12,2011,20.0
07,13,2011,19.5
07,14,2011,18.0
07,15,2011,20.0
07,16,2011,17.5
07,17,2011,19.0
07,18,2011,19.0
07,19,2011,19.0
07,20,2011,20.0
07,21,2011,20.5
07,22,2011,19.0
07,23,2011,19.0
07,24,2011,19.0
07,25,2011,20.5
07,26,2011,20.5
07,27,2011,18.5
07,28,2011,19.0
07,29,2011,19.5
07,30,2011,19.0
07,31,2011,19.0
08,01,2011,18.0
08,02,2011,20.0
08,03,2011,19.0
08,04,2011,19.0
08,05,2011,21.0
08,06,2011,20.0
08,07,2011,20.0
08,08,2011,20.5
08,09,2011,21.0
08,10,2011,21.0
08,11,2011,22.0
08,12,2011,20.0
08,13,2011,19.5
08,14,2011,19.5
08,15,2011,19.5
08,16,2011,19.0
08,17,2011,20.5
08,18,2011,20.5
08,19,2011,20.0
08,20,2011,20.0
08,21,2011,18.5
08,22,2011,19.0
08,23,2011,20.0
08,24,2011,20.0
08,25,2011,20.0
08,26,2011,18.5
08,27,2011,20.0
08,28,2011,20.0
08,29,2011,19.0
08,30,2011,19.0
08,31,2011,18.5
09,01,2011,19.0
09,02,2011,20.5
09,03,2011,20.0
09,04,2011,18.5
09,05,2011,18.5
09,06,2011,17.5
09,07,2011,16.5
09,08,2011,16.0
09,09,2011,14.0
09,10,2011,15.0
09,11,2011,13.5
09,12,2011,18.5
09,13,2011,19.5
09,14,2011,19.5
09,15,2011,19.5
09,16,2011,19.5
09,17,2011,20.5
09,18,2011,19.5
09,19,2011,18.0
09,20,2011,19.0
09,21,2011,20.0
09,22,2011,18.5
09,23,2011,16.5
09,24,2011,19.5
09,25,2011,18.5
09,26,2011,19.5
09,27,2011,20.5
09,28,2011,19.0
09,29,2011,19.5
09,30,2011,17.5
10,01,2011,16.25
10,02,2011,16.5
10,03,2011,17.0
10,04,2011,18.5
10,05,2011,20.0
10,06,2011,19.5
10,07,2011,19.5
10,08,2011,18.0
10,09,2011,18.0
10,10,2011,18.0
10,11,2011,18.0
10,12,2011,17.5
10,13,2011,16.5
10,14,2011,15.5
10,15,2011,16.5
10,16,2011,16.0
10,17,2011,17.0
10,18,2011,16.0
10,19,2011,16.0
10,20,2011,16.5
10,21,2011,16.0
10,22,2011,14.0
10,23,2011,14.0
10,24,2011,13.5
10,25,2011,13.5
10,26,2011,14.5
10,27,2011,15.5
10,28,2011,16.5
10,29,2011,15.0
10,30,2011,15.5
10,31,2011,13.5
11,01,2011,14.5
11,02,2011,15.5
11,03,2011,16.5
11,04,2011,16.5
11,05,2011,17.0
11,06,2011,18.0
11,07,2011,19.0
11,08,2011,19.5
11,09,2011,18.0
11,10,2011,17.5
11,11,2011,18.0
11,12,2011,16.5
11,13,2011,16.5
11,14,2011,17.0
11,15,2011,18.0
11,16,2011,17.5
11,17,2011,16.0
11,18,2011,16.0
11,19,2011,18.0
11,20,2011,17.5
11,21,2011,17.5
11,22,2011,18.0
11,23,2011,17.5
11,24,2011,17.0
11,25,2011,16.0
11,26,2011,14.5
11,27,2011,13.5
11,28,2011,8.5
11,29,2011,10.0
11,30,2011,13.0
12,01,2011,13.0
12,02,2011,5.5
12,03,2011,15.5
12,04,2011,14.0
12,05,2011,16.5
12,06,2011,15.5
12,07,2011,15.5
12,08,2011,14.5
12,09,2011,15.0
12,10,2011,13.5
12,11,2011,13.0
12,12,2011,14.0
12,13,2011,15.5
12,14,2011,15.5
12,15,2011,15.5
12,16,2011,15.5
12,17,2011,16.5
12,18,2011,14.0
12,19,2011,13.0
12,20,2011,14.5
12,21,2011,15.0
12,22,2011,13.5
12,23,2011,14.5
12,24,2011,15.0
12,25,2011,15.5
12,26,2011,15.5
12,27,2011,15.0
12,28,2011,15.5
12,29,2011,15.5
12,30,2011,16.0
12,31,2011,14.5
01,01,2012,13.5
01,02,2012,11.0
01,03,2012,11.5
01,04,2012,12.5
01,05,2012,12.5
01,06,2012,13.0
01,07,2012,13.0
01,08,2012,15.0
01,09,2012,20.5
01,10,2012,16.5
01,11,2012,16.5
01,12,2012,14.5
01,13,2012,14.0
01,14,2012,15.0
01,15,2012,14.0
01,16,2012,14.0
01,17,2012,15.0
01,18,2012,15.0
01,19,2012,15.0
01,20,2012,15.0
01,21,2012,16.0
01,22,2012,16.5
01,23,2012,16.5
01,24,2012,16.5
01,25,2012,16.5
01,26,2012,15.0
01,27,2012,14.0
01,28,2012,14.5
01,29,2012,10.5
01,30,2012,14.5
01,31,2012,16.0
02,01,2012,14.5
02,02,2012,15.0
02,03,2012,14.5
02,04,2012,16.5
02,05,2012,15.5
02,06,2012,13.5
02,07,2012,12.5
02,08,2012,14.0
02,09,2012,14.0
02,10,2012,15.0
02,11,2012,17.0
02,12,2012,15.5
02,13,2012,16.5
02,14,2012,16.5
02,15,2012,17.0
02,16,2012,17.0
02,17,2012,17.5
02,18,2012,17.5
02,19,2012,16.5
02,20,2012,18.0
02,21,2012,18.0
02,22,2012,18.0
02,23,2012,18.5
02,24,2012,18.5
02,25,2012,15.5
02,26,2012,15.5
02,27,2012,17.0
02,28,2012,18.0
02,29,2012,16.0
03,01,2012,18.5
03,02,2012,20.5
03,03,2012,20.5
03,04,2012,17.0
03,05,2012,16.0
03,06,2012,16.5
03,07,2012,18.0
03,08,2012,18.5
03,09,2012,19.5
03,10,2012,18.0
03,11,2012,17.5
03,12,2012,18.0
03,13,2012,17.0
03,14,2012,17.5
03,15,2012,18.0
03,16,2012,17.0
03,17,2012,19.0
03,18,2012,18.5
03,19,2012,19.5
03,20,2012,19.5
03,21,2012,17.5
03,22,2012,19.0
03,23,2012,18.0
03,24,2012,18.5
03,25,2012,17.5
03,26,2012,17.5
03,27,2012,19.0
03,28,2012,19.0
03,29,2012,18.5
03,30,2012,17.5
03,31,2012,19.0
04,01,2012,18.5
04,02,2012,19.0
04,03,2012,19.5
04,04,2012,19.0
04,05,2012,19.5
04,06,2012,19.0
04,07,2012,18.5
04,08,2012,19.0
04,09,2012,18.0
04,10,2012,18.0
04,11,2012,19.5
04,12,2012,21.0
04,13,2012,21.0
04,14,2012,19.0
04,15,2012,19.0
04,16,2012,19.5
04,17,2012,18.0
04,18,2012,17.0
04,19,2012,17.5
04,20,2012,19.5
04,21,2012,19.5
04,22,2012,18.0
04,23,2012,15.5
04,24,2012,16.0
04,25,2012,18.0
04,26,2012,17.0
04,27,2012,19.0
04,28,2012,20.0
04,29,2012,22.0
04,30,2012,19.0
05,01,2012,22.0
05,02,2012,22.5
05,03,2012,22.5
05,04,2012,22.5
05,05,2012,21.5
05,06,2012,20.5
05,07,2012,20.5
05,08,2012,21.5
05,09,2012,20.0
05,10,2012,19.0
05,11,2012,21.5
05,12,2012,20.5
05,13,2012,18.0
05,14,2012,19.0
05,15,2012,19.5
05,16,2012,20.5
05,17,2012,18.5
05,18,2012,19.5
05,19,2012,20.0
05,20,2012,19.0
05,21,2012,17.5
05,22,2012,19.0
05,23,2012,20.0
05,24,2012,22.0
05,25,2012,23.0
05,26,2012,20.5
05,27,2012,21.5
05,28,2012,21.0
05,29,2012,20.0
05,30,2012,20.0
05,31,2012,21.0
06,01,2012,22.5
06,02,2012,20.5
06,03,2012,20.0
06,04,2012,19.0
06,05,2012,20.0
06,06,2012,20.5
06,07,2012,22.5
06,08,2012,21.0
06,09,2012,21.5
06,10,2012,21.5
06,11,2012,21.5
06,12,2012,22.5
06,13,2012,20.5
06,14,2012,19.0
06,15,2012,20.5
06,16,2012,19.5
06,17,2012,20.75
06,18,2012,20.5
06,19,2012,18.0
06,20,2012,16.0
06,21,2012,17.0
06,22,2012,19.0
06,23,2012,19.5
06,24,2012,20.5
06,25,2012,19.5
06,26,2012,19.5
06,27,2012,20.0
06,28,2012,21.5
06,29,2012,20.5
06,30,2012,23.0
07,01,2012,19.0
07,02,2012,19.5
07,03,2012,18.5
07,04,2012,18.0
07,05,2012,18.0
07,06,2012,19.0
07,07,2012,18.5
07,08,2012,20.0
07,09,2012,20.0
07,10,2012,19.0
07,11,2012,20.0
07,12,2012,19.5
07,13,2012,19.5
07,14,2012,16.5
07,15,2012,18.0
07,16,2012,18.5
07,17,2012,18.5
07,18,2012,17.5
07,19,2012,19.0
07,20,2012,18.0
07,21,2012,19.0
07,22,2012,18.5
07,23,2012,18.0
07,24,2012,19.0
07,25,2012,19.5
07,26,2012,20.0
07,27,2012,20.5
07,28,2012,19.5
07,29,2012,17.0
07,30,2012,19.5
07,31,2012,19.0
08,01,2012,20.0
08,02,2012,19.5
08,03,2012,20.0
08,04,2012,20.0
08,05,2012,20.0
08,06,2012,20.5
08,07,2012,20.0
08,08,2012,18.0
08,09,2012,20.5
08,10,2012,21.0
08,11,2012,22.0
08,12,2012,21.5
08,13,2012,18.5
08,14,2012,19.0
08,15,2012,20.0
08,16,2012,19.5
08,17,2012,17.5
08,18,2012,17.5
08,19,2012,18.5
08,20,2012,19.0
08,21,2012,17.5
08,22,2012,17.0
08,23,2012,19.0
08,24,2012,18.5
08,25,2012,19.5
08,26,2012,19.5
08,27,2012,19.0
08,28,2012,20.0
08,29,2012,20.0
08,30,2012,19.5
08,31,2012,20.0
09,01,2012,18.5
09,02,2012,20.5
09,03,2012,20.5
09,04,2012,19.0
09,05,2012,19.0
09,06,2012,16.0
09,07,2012,19.5
09,08,2012,18.5
09,09,2012,18.5
09,10,2012,19.0
09,11,2012,18.5
09,12,2012,18.5
09,13,2012,18.5
09,14,2012,19.5
09,15,2012,18.5
09,16,2012,19.5
09,17,2012,18.5
09,18,2012,19.5
09,19,2012,17.0
09,20,2012,17.5
09,21,2012,17.0
09,22,2012,18.0
09,23,2012,17.5
09,24,2012,17.5
09,25,2012,19.0
09,26,2012,19.0
09,27,2012,17.0
09,28,2012,20.0
09,29,2012,20.5
09,30,2012,20.5
10,01,2012,17.5
10,02,2012,17.0
10,03,2012,16.5
10,04,2012,16.5
10,05,2012,19.0
10,06,2012,16.5
10,07,2012,17.0
10,08,2012,17.0
10,09,2012,19.0
10,10,2012,18.0
10,11,2012,18.5
10,12,2012,18.5
10,13,2012,19.5
10,14,2012,18.5
10,15,2012,17.0
10,16,2012,17.0
10,17,2012,17.5
10,18,2012,18.0
10,19,2012,19.5
10,20,2012,18.5
10,21,2012,18.0
10,22,2012,18.5
10,23,2012,18.5
10,24,2012,18.5
10,25,2012,18.0
10,26,2012,17.0
10,27,2012,16.5
10,28,2012,18.5
10,29,2012,17.0
10,30,2012,17.0
10,31,2012,16.0
11,01,2012,16.5
11,02,2012,14.5
11,03,2012,16.0
11,04,2012,16.0
11,05,2012,18.5
11,06,2012,18.5
11,07,2012,15.0
11,08,2012,14.5
11,09,2012,15.5
11,10,2012,16.5
11,11,2012,17.0
11,12,2012,16.5
11,13,2012,18.0
11,14,2012,14.5
11,15,2012,15.5
11,16,2012,14.0
11,17,2012,14.0
11,18,2012,15.5
11,19,2012,15.5
11,20,2012,14.5
11,21,2012,14.5
11,22,2012,14.5
11,23,2012,16.0
11,24,2012,14.5
11,25,2012,13.5
11,26,2012,15.0
11,27,2012,14.5
11,28,2012,14.0
11,29,2012,14.5
11,30,2012,15.5
12,01,2012,15.0
12,02,2012,15.0
12,03,2012,15.0
12,04,2012,15.0
12,05,2012,13.0
12,06,2012,13.5
12,07,2012,14.5
12,08,2012,15.0
12,09,2012,14.0
12,10,2012,14.5
12,11,2012,16.0
12,12,2012,17.0
12,13,2012,15.0
12,14,2012,16.0
12,15,2012,16.5
12,16,2012,15.5
12,17,2012,16.0
12,18,2012,16.0
12,19,2012,16.5
12,20,2012,15.0
12,21,2012,14.0
12,22,2012,15.0
12,23,2012,14.0
12,24,2012,13.0
12,25,2012,16.0
12,26,2012,16.0
12,27,2012,15.5
12,28,2012,15.5
12,29,2012,16.0
12,30,2012,14.5
12,31,2012,14.0
