Id:,19189
Estación:,EL PASTOR-NL
Posición:,25.1516666667N -99.9319444444W
Variable:,Temp Promedio (oC)
Fecha Inicial:,07/01/1997
Fecha Final:,01/01/2012
No Dato:,nan
Mes,Día,Anio,Datos
07,01,1997,25.0
07,02,1997,27.5
07,03,1997,25.0
07,04,1997,23.0
07,05,1997,27.5
07,06,1997,23.0
07,07,1997,24.5
07,08,1997,25.0
07,09,1997,24.5
07,10,1997,24.5
07,11,1997,25.5
07,12,1997,26.0
07,13,1997,28.5
07,14,1997,29.0
07,15,1997,26.0
07,16,1997,25.0
07,17,1997,26.0
07,18,1997,27.5
07,19,1997,26.5
07,20,1997,27.5
07,21,1997,27.0
07,22,1997,28.5
07,23,1997,28.5
07,24,1997,26.0
07,25,1997,26.0
07,26,1997,26.0
07,27,1997,25.0
07,28,1997,25.5
07,29,1997,25.5
07,30,1997,24.5
07,31,1997,24.5
08,01,1997,25.0
08,02,1997,25.0
08,03,1997,24.0
08,04,1997,24.5
08,05,1997,25.5
08,06,1997,24.5
08,07,1997,25.0
08,08,1997,26.0
08,09,1997,25.5
08,10,1997,25.0
08,11,1997,25.5
08,12,1997,26.5
08,13,1997,28.0
08,14,1997,26.0
08,15,1997,24.5
08,16,1997,24.0
08,17,1997,25.5
08,18,1997,25.0
08,19,1997,25.0
08,20,1997,26.0
08,21,1997,25.0
08,22,1997,25.5
08,23,1997,25.0
08,24,1997,26.0
08,25,1997,26.0
08,26,1997,25.5
08,27,1997,23.5
08,28,1997,25.0
08,29,1997,25.0
08,30,1997,24.5
08,31,1997,25.0
09,01,1997,25.5
09,02,1997,23.5
09,03,1997,23.0
09,04,1997,24.0
09,05,1997,23.0
09,06,1997,22.5
09,07,1997,22.5
09,08,1997,22.5
09,09,1997,23.5
09,10,1997,23.5
09,11,1997,26.5
09,12,1997,25.0
09,13,1997,24.0
09,14,1997,25.0
09,15,1997,25.5
09,16,1997,25.0
09,17,1997,24.5
09,18,1997,24.0
09,19,1997,24.5
09,20,1997,24.5
09,21,1997,24.5
09,22,1997,24.0
09,23,1997,22.5
09,24,1997,23.5
09,25,1997,24.0
09,26,1997,24.0
09,27,1997,23.0
09,28,1997,23.0
09,29,1997,23.5
09,30,1997,21.5
10,01,1997,20.0
10,02,1997,19.0
10,03,1997,18.5
10,04,1997,18.5
10,05,1997,20.0
10,06,1997,18.0
10,07,1997,19.0
10,08,1997,16.0
10,09,1997,17.5
10,10,1997,18.0
10,11,1997,20.0
10,12,1997,14.0
10,13,1997,18.5
10,14,1997,16.5
10,15,1997,18.0
10,16,1997,16.5
10,17,1997,17.5
10,18,1997,21.5
10,19,1997,21.0
10,20,1997,18.0
10,21,1997,18.0
10,22,1997,18.0
10,23,1997,21.5
10,24,1997,20.5
10,25,1997,21.0
10,26,1997,20.5
10,27,1997,19.5
10,28,1997,20.5
10,29,1997,19.0
10,30,1997,20.0
10,31,1997,19.0
11,01,1997,null
11,02,1997,null
11,03,1997,null
11,04,1997,null
11,05,1997,null
11,06,1997,null
11,07,1997,null
11,08,1997,null
11,09,1997,null
11,10,1997,null
11,11,1997,null
11,12,1997,null
11,13,1997,null
11,14,1997,null
11,15,1997,null
11,16,1997,null
11,17,1997,null
11,18,1997,null
11,19,1997,null
11,20,1997,null
11,21,1997,null
11,22,1997,null
11,23,1997,null
11,24,1997,null
11,25,1997,null
11,26,1997,null
11,27,1997,null
11,28,1997,null
11,29,1997,null
11,30,1997,null
12,01,1997,19.0
12,02,1997,19.5
12,03,1997,19.5
12,04,1997,19.0
12,05,1997,19.0
12,06,1997,17.5
12,07,1997,17.5
12,08,1997,16.5
12,09,1997,18.0
12,10,1997,16.0
12,11,1997,14.0
12,12,1997,13.0
12,13,1997,13.5
12,14,1997,15.0
12,15,1997,16.0
12,16,1997,17.5
12,17,1997,18.0
12,18,1997,16.5
12,19,1997,15.0
12,20,1997,16.5
12,21,1997,17.0
12,22,1997,18.5
12,23,1997,17.5
12,24,1997,18.0
12,25,1997,17.0
12,26,1997,17.0
12,27,1997,17.0
12,28,1997,16.5
12,29,1997,16.0
12,30,1997,16.5
12,31,1997,17.0
01,01,1998,15.0
01,02,1998,14.5
01,03,1998,15.0
01,04,1998,16.0
01,05,1998,18.0
01,06,1998,16.0
01,07,1998,14.5
01,08,1998,16.5
01,09,1998,16.0
01,10,1998,15.5
01,11,1998,16.0
01,12,1998,18.0
01,13,1998,17.0
01,14,1998,17.5
01,15,1998,18.0
01,16,1998,17.0
01,17,1998,18.0
01,18,1998,19.0
01,19,1998,19.0
01,20,1998,22.0
01,21,1998,22.0
01,22,1998,20.5
01,23,1998,19.0
01,24,1998,19.0
01,25,1998,20.0
01,26,1998,18.5
01,27,1998,19.5
01,28,1998,20.5
01,29,1998,19.0
01,30,1998,19.5
01,31,1998,20.0
02,01,1998,20.0
02,02,1998,20.0
02,03,1998,20.5
02,04,1998,21.0
02,05,1998,20.5
02,06,1998,17.0
02,07,1998,22.5
02,08,1998,23.5
02,09,1998,23.0
02,10,1998,21.0
02,11,1998,22.0
02,12,1998,22.5
02,13,1998,20.5
02,14,1998,20.5
02,15,1998,21.5
02,16,1998,22.0
02,17,1998,21.5
02,18,1998,20.5
02,19,1998,21.5
02,20,1998,20.5
02,21,1998,21.0
02,22,1998,20.5
02,23,1998,22.0
02,24,1998,23.0
02,25,1998,20.5
02,26,1998,23.0
02,27,1998,24.0
02,28,1998,23.0
03,01,1998,19.5
03,02,1998,19.0
03,03,1998,19.0
03,04,1998,21.5
03,05,1998,20.0
03,06,1998,21.0
03,07,1998,19.5
03,08,1998,20.5
03,09,1998,21.5
03,10,1998,20.5
03,11,1998,21.5
03,12,1998,21.5
03,13,1998,21.0
03,14,1998,22.0
03,15,1998,22.5
03,16,1998,22.0
03,17,1998,23.5
03,18,1998,23.0
03,19,1998,23.5
03,20,1998,23.5
03,21,1998,22.0
03,22,1998,23.5
03,23,1998,23.5
03,24,1998,23.5
03,25,1998,22.5
03,26,1998,23.0
03,27,1998,23.5
03,28,1998,22.5
03,29,1998,22.5
03,30,1998,25.0
03,31,1998,24.5
04,01,1998,28.0
04,02,1998,28.0
04,03,1998,27.5
04,04,1998,27.0
04,05,1998,28.0
04,06,1998,28.5
04,07,1998,29.0
04,08,1998,28.0
04,09,1998,27.5
04,10,1998,28.0
04,11,1998,28.5
04,12,1998,25.5
04,13,1998,25.5
04,14,1998,27.5
04,15,1998,28.0
04,16,1998,28.5
04,17,1998,28.5
04,18,1998,28.5
04,19,1998,28.0
04,20,1998,29.5
04,21,1998,27.5
04,22,1998,28.5
04,23,1998,28.0
04,24,1998,28.0
04,25,1998,28.0
04,26,1998,28.5
04,27,1998,28.0
04,28,1998,28.0
04,29,1998,28.0
04,30,1998,28.0
05,01,1998,27.5
05,02,1998,27.5
05,03,1998,29.0
05,04,1998,29.0
05,05,1998,30.5
05,06,1998,31.0
05,07,1998,30.0
05,08,1998,30.0
05,09,1998,30.0
05,10,1998,30.0
05,11,1998,28.0
05,12,1998,29.0
05,13,1998,26.5
05,14,1998,27.5
05,15,1998,28.0
05,16,1998,28.5
05,17,1998,29.0
05,18,1998,29.5
05,19,1998,30.0
05,20,1998,29.0
05,21,1998,28.5
05,22,1998,28.0
05,23,1998,26.0
05,24,1998,27.5
05,25,1998,28.5
05,26,1998,27.5
05,27,1998,28.5
05,28,1998,26.0
05,29,1998,28.0
05,30,1998,26.0
05,31,1998,28.0
06,01,1998,29.5
06,02,1998,30.0
06,03,1998,28.0
06,04,1998,29.5
06,05,1998,30.0
06,06,1998,29.5
06,07,1998,29.0
06,08,1998,29.5
06,09,1998,28.0
06,10,1998,29.0
06,11,1998,28.0
06,12,1998,28.5
06,13,1998,28.0
06,14,1998,30.5
06,15,1998,28.5
06,16,1998,29.5
06,17,1998,29.5
06,18,1998,28.5
06,19,1998,29.0
06,20,1998,28.5
06,21,1998,29.0
06,22,1998,29.0
06,23,1998,29.5
06,24,1998,29.0
06,25,1998,29.5
06,26,1998,29.0
06,27,1998,29.0
06,28,1998,28.0
06,29,1998,28.5
06,30,1998,28.0
07,01,1998,29.0
07,02,1998,27.5
07,03,1998,29.5
07,04,1998,30.0
07,05,1998,30.0
07,06,1998,29.5
07,07,1998,29.5
07,08,1998,30.0
07,09,1998,29.5
07,10,1998,30.0
07,11,1998,30.0
07,12,1998,29.5
07,13,1998,29.0
07,14,1998,29.0
07,15,1998,29.0
07,16,1998,27.5
07,17,1998,29.0
07,18,1998,29.0
07,19,1998,28.0
07,20,1998,30.0
07,21,1998,30.0
07,22,1998,29.0
07,23,1998,29.5
07,24,1998,25.0
07,25,1998,30.5
07,26,1998,29.5
07,27,1998,30.5
07,28,1998,30.0
07,29,1998,30.0
07,30,1998,30.0
07,31,1998,30.0
08,01,1998,28.5
08,02,1998,28.5
08,03,1998,28.0
08,04,1998,28.5
08,05,1998,28.0
08,06,1998,28.0
08,07,1998,28.5
08,08,1998,28.5
08,09,1998,27.5
08,10,1998,28.5
08,11,1998,28.0
08,12,1998,28.0
08,13,1998,28.0
08,14,1998,28.0
08,15,1998,27.5
08,16,1998,28.0
08,17,1998,29.0
08,18,1998,28.0
08,19,1998,27.5
08,20,1998,27.5
08,21,1998,26.5
08,22,1998,28.0
08,23,1998,28.5
08,24,1998,28.0
08,25,1998,27.5
08,26,1998,28.5
08,27,1998,28.5
08,28,1998,27.5
08,29,1998,27.5
08,30,1998,28.0
08,31,1998,28.5
09,01,1998,28.0
09,02,1998,28.0
09,03,1998,28.5
09,04,1998,28.5
09,05,1998,29.0
09,06,1998,28.5
09,07,1998,29.0
09,08,1998,29.5
09,09,1998,29.0
09,10,1998,29.5
09,11,1998,28.0
09,12,1998,28.0
09,13,1998,29.0
09,14,1998,30.0
09,15,1998,28.5
09,16,1998,29.5
09,17,1998,29.0
09,18,1998,30.0
09,19,1998,29.0
09,20,1998,29.5
09,21,1998,29.0
09,22,1998,28.5
09,23,1998,27.5
09,24,1998,28.0
09,25,1998,28.5
09,26,1998,29.0
09,27,1998,29.5
09,28,1998,29.0
09,29,1998,28.5
09,30,1998,29.0
10,01,1998,25.0
10,02,1998,23.5
10,03,1998,23.5
10,04,1998,25.0
10,05,1998,26.0
10,06,1998,26.0
10,07,1998,26.0
10,08,1998,25.5
10,09,1998,25.0
10,10,1998,25.0
10,11,1998,24.5
10,12,1998,25.0
10,13,1998,25.5
10,14,1998,24.5
10,15,1998,23.0
10,16,1998,23.0
10,17,1998,20.0
10,18,1998,22.5
10,19,1998,25.5
10,20,1998,24.0
10,21,1998,20.0
10,22,1998,21.5
10,23,1998,20.5
10,24,1998,24.0
10,25,1998,23.5
10,26,1998,22.0
10,27,1998,22.0
10,28,1998,21.0
10,29,1998,23.0
10,30,1998,23.0
10,31,1998,22.5
11,01,1998,20.0
11,02,1998,21.5
11,03,1998,20.0
11,04,1998,18.5
11,05,1998,18.0
11,06,1998,13.5
11,07,1998,17.0
11,08,1998,20.5
11,09,1998,21.5
11,10,1998,20.5
11,11,1998,20.0
11,12,1998,22.0
11,13,1998,20.5
11,14,1998,20.0
11,15,1998,20.0
11,16,1998,22.5
11,17,1998,21.0
11,18,1998,20.0
11,19,1998,20.0
11,20,1998,21.0
11,21,1998,22.0
11,22,1998,23.0
11,23,1998,21.5
11,24,1998,19.5
11,25,1998,20.0
11,26,1998,21.5
11,27,1998,20.0
11,28,1998,20.5
11,29,1998,21.0
11,30,1998,21.5
12,01,1998,20.0
12,02,1998,19.5
12,03,1998,21.0
12,04,1998,20.5
12,05,1998,20.0
12,06,1998,20.5
12,07,1998,20.0
12,08,1998,18.0
12,09,1998,17.0
12,10,1998,17.0
12,11,1998,17.5
12,12,1998,17.0
12,13,1998,17.5
12,14,1998,18.0
12,15,1998,18.0
12,16,1998,18.0
12,17,1998,18.0
12,18,1998,17.0
12,19,1998,15.5
12,20,1998,13.0
12,21,1998,9.5
12,22,1998,12.5
12,23,1998,14.0
12,24,1998,9.5
12,25,1998,15.0
12,26,1998,16.0
12,27,1998,17.5
12,28,1998,19.0
12,29,1998,19.0
12,30,1998,16.0
12,31,1998,16.5
01,01,1999,15.5
01,02,1999,14.5
01,03,1999,13.5
01,04,1999,15.5
01,05,1999,15.0
01,06,1999,17.0
01,07,1999,17.5
01,08,1999,18.0
01,09,1999,17.5
01,10,1999,17.5
01,11,1999,18.5
01,12,1999,17.5
01,13,1999,19.5
01,14,1999,20.5
01,15,1999,19.0
01,16,1999,19.0
01,17,1999,19.5
01,18,1999,19.0
01,19,1999,19.5
01,20,1999,20.0
01,21,1999,21.0
01,22,1999,21.5
01,23,1999,23.0
01,24,1999,22.5
01,25,1999,21.0
01,26,1999,21.0
01,27,1999,21.0
01,28,1999,22.5
01,29,1999,22.0
01,30,1999,22.5
01,31,1999,22.0
02,01,1999,22.5
02,02,1999,22.0
02,03,1999,21.0
02,04,1999,22.0
02,05,1999,22.5
02,06,1999,22.5
02,07,1999,23.0
02,08,1999,23.5
02,09,1999,23.0
02,10,1999,23.5
02,11,1999,23.0
02,12,1999,24.0
02,13,1999,24.0
02,14,1999,23.0
02,15,1999,22.5
02,16,1999,23.0
02,17,1999,24.0
02,18,1999,22.5
02,19,1999,23.0
02,20,1999,23.0
02,21,1999,22.5
02,22,1999,23.5
02,23,1999,22.5
02,24,1999,24.0
02,25,1999,23.5
02,26,1999,22.5
02,27,1999,21.5
02,28,1999,22.5
03,01,1999,22.0
03,02,1999,22.5
03,03,1999,23.0
03,04,1999,24.0
03,05,1999,24.0
03,06,1999,24.5
03,07,1999,25.0
03,08,1999,24.5
03,09,1999,23.5
03,10,1999,23.0
03,11,1999,24.0
03,12,1999,25.0
03,13,1999,24.0
03,14,1999,23.0
03,15,1999,23.0
03,16,1999,24.0
03,17,1999,24.5
03,18,1999,25.0
03,19,1999,24.0
03,20,1999,23.0
03,21,1999,23.5
03,22,1999,25.0
03,23,1999,25.0
03,24,1999,24.5
03,25,1999,24.5
03,26,1999,25.0
03,27,1999,25.5
03,28,1999,24.5
03,29,1999,24.5
03,30,1999,25.5
03,31,1999,25.5
04,01,1999,26.5
04,02,1999,25.5
04,03,1999,29.5
04,04,1999,29.0
04,05,1999,24.0
04,06,1999,25.5
04,07,1999,25.5
04,08,1999,26.0
04,09,1999,29.0
04,10,1999,28.5
04,11,1999,28.0
04,12,1999,29.0
04,13,1999,28.0
04,14,1999,24.5
04,15,1999,24.5
04,16,1999,25.0
04,17,1999,25.0
04,18,1999,26.5
04,19,1999,28.0
04,20,1999,28.0
04,21,1999,25.5
04,22,1999,25.5
04,23,1999,25.5
04,24,1999,25.5
04,25,1999,29.5
04,26,1999,29.5
04,27,1999,28.5
04,28,1999,28.0
04,29,1999,29.0
04,30,1999,null
05,01,1999,28.5
05,02,1999,28.0
05,03,1999,29.0
05,04,1999,30.0
05,05,1999,29.0
05,06,1999,29.5
05,07,1999,29.5
05,08,1999,29.0
05,09,1999,28.5
05,10,1999,28.5
05,11,1999,28.5
05,12,1999,27.5
05,13,1999,26.5
05,14,1999,27.5
05,15,1999,27.5
05,16,1999,28.0
05,17,1999,28.5
05,18,1999,29.5
05,19,1999,26.5
05,20,1999,27.5
05,21,1999,28.5
05,22,1999,28.5
05,23,1999,30.0
05,24,1999,27.5
05,25,1999,27.5
05,26,1999,26.5
05,27,1999,27.5
05,28,1999,28.5
05,29,1999,29.0
05,30,1999,28.5
05,31,1999,27.5
06,01,1999,27.0
06,02,1999,27.5
06,03,1999,27.0
06,04,1999,28.5
06,05,1999,28.5
06,06,1999,26.5
06,07,1999,29.0
06,08,1999,27.0
06,09,1999,28.0
06,10,1999,27.0
06,11,1999,28.0
06,12,1999,29.0
06,13,1999,28.0
06,14,1999,28.5
06,15,1999,28.0
06,16,1999,29.0
06,17,1999,28.5
06,18,1999,28.5
06,19,1999,27.0
06,20,1999,25.0
06,21,1999,24.0
06,22,1999,23.5
06,23,1999,25.0
06,24,1999,26.0
06,25,1999,27.5
06,26,1999,27.0
06,27,1999,26.0
06,28,1999,26.0
06,29,1999,26.5
06,30,1999,null
07,01,1999,25.5
07,02,1999,24.5
07,03,1999,25.0
07,04,1999,25.5
07,05,1999,26.0
07,06,1999,25.5
07,07,1999,25.5
07,08,1999,26.0
07,09,1999,26.0
07,10,1999,25.0
07,11,1999,26.0
07,12,1999,25.5
07,13,1999,26.5
07,14,1999,25.5
07,15,1999,26.5
07,16,1999,26.0
07,17,1999,26.5
07,18,1999,25.5
07,19,1999,27.5
07,20,1999,26.5
07,21,1999,26.5
07,22,1999,26.5
07,23,1999,25.5
07,24,1999,25.0
07,25,1999,26.5
07,26,1999,27.0
07,27,1999,26.5
07,28,1999,28.0
07,29,1999,29.0
07,30,1999,30.0
07,31,1999,29.0
08,01,1999,28.0
08,02,1999,28.5
08,03,1999,29.0
08,04,1999,27.0
08,05,1999,29.5
08,06,1999,28.5
08,07,1999,26.5
08,08,1999,28.5
08,09,1999,28.0
08,10,1999,28.5
08,11,1999,26.5
08,12,1999,29.5
08,13,1999,29.0
08,14,1999,27.0
08,15,1999,28.0
08,16,1999,29.0
08,17,1999,29.0
08,18,1999,28.5
08,19,1999,28.5
08,20,1999,27.5
08,21,1999,27.5
08,22,1999,28.5
08,23,1999,26.5
08,24,1999,27.5
08,25,1999,28.0
08,26,1999,27.5
08,27,1999,26.5
08,28,1999,25.5
08,29,1999,26.5
08,30,1999,25.5
08,31,1999,26.0
09,01,1999,26.0
09,02,1999,25.0
09,03,1999,24.5
09,04,1999,25.0
09,05,1999,25.0
09,06,1999,25.5
09,07,1999,24.5
09,08,1999,25.5
09,09,1999,24.5
09,10,1999,25.5
09,11,1999,25.0
09,12,1999,24.5
09,13,1999,25.5
09,14,1999,26.0
09,15,1999,25.0
09,16,1999,25.5
09,17,1999,25.0
09,18,1999,26.0
09,19,1999,24.5
09,20,1999,25.0
09,21,1999,25.0
09,22,1999,25.5
09,23,1999,25.5
09,24,1999,26.5
09,25,1999,25.0
09,26,1999,24.5
09,27,1999,24.0
09,28,1999,24.5
09,29,1999,25.0
09,30,1999,null
10,01,1999,25.0
10,02,1999,24.0
10,03,1999,24.0
10,04,1999,25.0
10,05,1999,27.5
10,06,1999,26.5
10,07,1999,26.0
10,08,1999,25.0
10,09,1999,25.0
10,10,1999,25.0
10,11,1999,24.5
10,12,1999,24.5
10,13,1999,24.0
10,14,1999,24.5
10,15,1999,25.0
10,16,1999,24.5
10,17,1999,24.0
10,18,1999,24.0
10,19,1999,25.0
10,20,1999,25.0
10,21,1999,24.0
10,22,1999,22.5
10,23,1999,24.5
10,24,1999,24.5
10,25,1999,24.5
10,26,1999,24.5
10,27,1999,25.0
10,28,1999,24.0
10,29,1999,24.0
10,30,1999,21.5
10,31,1999,null
11,01,1999,19.5
11,02,1999,18.5
11,03,1999,18.0
11,04,1999,21.5
11,05,1999,23.0
11,06,1999,22.5
11,07,1999,24.5
11,08,1999,24.5
11,09,1999,23.0
11,10,1999,23.0
11,11,1999,24.5
11,12,1999,23.5
11,13,1999,21.5
11,14,1999,20.0
11,15,1999,22.5
11,16,1999,19.5
11,17,1999,21.0
11,18,1999,22.0
11,19,1999,21.0
11,20,1999,22.0
11,21,1999,22.0
11,22,1999,20.5
11,23,1999,21.0
11,24,1999,21.0
11,25,1999,20.5
11,26,1999,22.0
11,27,1999,20.0
11,28,1999,20.5
11,29,1999,20.0
11,30,1999,null
12,01,1999,17.5
12,02,1999,18.0
12,03,1999,18.0
12,04,1999,17.5
12,05,1999,16.0
12,06,1999,16.0
12,07,1999,16.5
12,08,1999,17.0
12,09,1999,17.0
12,10,1999,17.5
12,11,1999,17.5
12,12,1999,16.5
12,13,1999,18.0
12,14,1999,16.5
12,15,1999,18.0
12,16,1999,19.0
12,17,1999,19.0
12,18,1999,16.5
12,19,1999,17.0
12,20,1999,20.0
12,21,1999,20.0
12,22,1999,15.5
12,23,1999,15.5
12,24,1999,13.5
12,25,1999,16.0
12,26,1999,15.5
12,27,1999,17.0
12,28,1999,17.5
12,29,1999,17.5
12,30,1999,18.0
12,31,1999,19.0
01,01,2000,19.0
01,02,2000,20.0
01,03,2000,17.5
01,04,2000,18.0
01,05,2000,15.0
01,06,2000,15.5
01,07,2000,15.5
01,08,2000,16.5
01,09,2000,19.5
01,10,2000,21.5
01,11,2000,21.5
01,12,2000,18.0
01,13,2000,20.5
01,14,2000,15.0
01,15,2000,17.0
01,16,2000,19.5
01,17,2000,23.0
01,18,2000,22.5
01,19,2000,23.5
01,20,2000,20.0
01,21,2000,22.0
01,22,2000,21.5
01,23,2000,22.5
01,24,2000,20.0
01,25,2000,20.0
01,26,2000,19.5
01,27,2000,20.0
01,28,2000,13.5
01,29,2000,9.0
01,30,2000,8.0
01,31,2000,12.5
02,01,2000,18.0
02,02,2000,11.5
02,03,2000,17.0
02,04,2000,19.0
02,05,2000,17.5
02,06,2000,18.5
02,07,2000,20.0
02,08,2000,21.5
02,09,2000,22.5
02,10,2000,24.0
02,11,2000,20.0
02,12,2000,20.5
02,13,2000,21.5
02,14,2000,24.0
02,15,2000,22.5
02,16,2000,22.0
02,17,2000,22.5
02,18,2000,25.0
02,19,2000,19.0
02,20,2000,19.0
02,21,2000,21.0
02,22,2000,20.0
02,23,2000,19.0
02,24,2000,23.0
02,25,2000,21.5
02,26,2000,19.5
02,27,2000,18.0
02,28,2000,20.5
02,29,2000,23.0
03,01,2000,24.5
03,02,2000,24.5
03,03,2000,23.5
03,04,2000,21.5
03,05,2000,22.0
03,06,2000,24.5
03,07,2000,23.5
03,08,2000,24.0
03,09,2000,24.0
03,10,2000,25.0
03,11,2000,17.5
03,12,2000,18.0
03,13,2000,19.5
03,14,2000,21.5
03,15,2000,20.0
03,16,2000,24.0
03,17,2000,16.5
03,18,2000,20.5
03,19,2000,19.5
03,20,2000,22.0
03,21,2000,26.0
03,22,2000,25.0
03,23,2000,28.5
03,24,2000,28.0
03,25,2000,27.5
03,26,2000,27.5
03,27,2000,28.0
03,28,2000,28.5
03,29,2000,27.5
03,30,2000,27.5
03,31,2000,27.5
04,01,2000,26.5
04,02,2000,25.0
04,03,2000,24.5
04,04,2000,22.0
04,05,2000,22.0
04,06,2000,25.0
04,07,2000,25.5
04,08,2000,22.0
04,09,2000,19.5
04,10,2000,21.0
04,11,2000,26.0
04,12,2000,24.0
04,13,2000,19.5
04,14,2000,24.0
04,15,2000,25.0
04,16,2000,27.5
04,17,2000,27.5
04,18,2000,27.5
04,19,2000,29.0
04,20,2000,27.5
04,21,2000,26.5
04,22,2000,27.0
04,23,2000,27.5
04,24,2000,27.5
04,25,2000,27.0
04,26,2000,28.0
04,27,2000,27.5
04,28,2000,25.0
04,29,2000,25.5
04,30,2000,28.0
05,01,2000,28.0
05,02,2000,28.5
05,03,2000,27.5
05,04,2000,26.5
05,05,2000,27.0
05,06,2000,26.5
05,07,2000,27.5
05,08,2000,28.5
05,09,2000,28.0
05,10,2000,27.0
05,11,2000,27.5
05,12,2000,27.0
05,13,2000,26.0
05,14,2000,26.5
05,15,2000,27.0
05,16,2000,27.5
05,17,2000,27.0
05,18,2000,28.0
05,19,2000,28.0
05,20,2000,25.0
05,21,2000,26.0
05,22,2000,27.0
05,23,2000,28.0
05,24,2000,28.5
05,25,2000,29.5
05,26,2000,28.0
05,27,2000,26.0
05,28,2000,27.0
05,29,2000,27.5
05,30,2000,27.0
05,31,2000,29.0
06,01,2000,25.5
06,02,2000,26.0
06,03,2000,26.0
06,04,2000,27.0
06,05,2000,24.0
06,06,2000,23.5
06,07,2000,20.5
06,08,2000,25.0
06,09,2000,25.5
06,10,2000,26.5
06,11,2000,28.0
06,12,2000,29.0
06,13,2000,27.5
06,14,2000,28.0
06,15,2000,28.5
06,16,2000,28.5
06,17,2000,28.0
06,18,2000,26.5
06,19,2000,27.5
06,20,2000,28.0
06,21,2000,27.0
06,22,2000,27.5
06,23,2000,28.0
06,24,2000,28.5
06,25,2000,28.5
06,26,2000,28.5
06,27,2000,27.0
06,28,2000,28.5
06,29,2000,28.5
06,30,2000,30.5
07,01,2000,28.0
07,02,2000,29.0
07,03,2000,28.0
07,04,2000,28.0
07,05,2000,28.0
07,06,2000,27.0
07,07,2000,27.0
07,08,2000,28.5
07,09,2000,27.0
07,10,2000,26.5
07,11,2000,27.5
07,12,2000,27.5
07,13,2000,26.0
07,14,2000,26.5
07,15,2000,27.5
07,16,2000,27.5
07,17,2000,27.0
07,18,2000,27.5
07,19,2000,26.5
07,20,2000,27.0
07,21,2000,27.0
07,22,2000,27.5
07,23,2000,27.5
07,24,2000,28.0
07,25,2000,28.0
07,26,2000,28.5
07,27,2000,28.0
07,28,2000,27.5
07,29,2000,26.5
07,30,2000,27.0
07,31,2000,28.0
08,01,2000,28.5
08,02,2000,28.5
08,03,2000,27.5
08,04,2000,27.5
08,05,2000,28.5
08,06,2000,28.0
08,07,2000,28.5
08,08,2000,28.5
08,09,2000,28.0
08,10,2000,29.5
08,11,2000,28.5
08,12,2000,30.0
08,13,2000,29.0
08,14,2000,27.5
08,15,2000,28.5
08,16,2000,28.5
08,17,2000,28.0
08,18,2000,28.5
08,19,2000,28.0
08,20,2000,28.0
08,21,2000,29.0
08,22,2000,28.0
08,23,2000,28.0
08,24,2000,27.0
08,25,2000,26.0
08,26,2000,24.5
08,27,2000,25.0
08,28,2000,24.0
08,29,2000,24.5
08,30,2000,25.0
08,31,2000,26.5
09,01,2000,28.0
09,02,2000,28.5
09,03,2000,28.5
09,04,2000,28.0
09,05,2000,29.0
09,06,2000,28.5
09,07,2000,28.5
09,08,2000,29.0
09,09,2000,28.0
09,10,2000,27.5
09,11,2000,27.5
09,12,2000,25.5
09,13,2000,26.0
09,14,2000,27.5
09,15,2000,28.0
09,16,2000,29.5
09,17,2000,28.5
09,18,2000,29.5
09,19,2000,30.0
09,20,2000,30.0
09,21,2000,30.0
09,22,2000,31.0
09,23,2000,28.5
09,24,2000,29.0
09,25,2000,30.5
09,26,2000,30.5
09,27,2000,29.5
09,28,2000,29.5
09,29,2000,29.5
09,30,2000,29.5
10,01,2000,25.5
10,02,2000,27.0
10,03,2000,28.5
10,04,2000,29.5
10,05,2000,28.0
10,06,2000,29.0
10,07,2000,14.0
10,08,2000,14.0
10,09,2000,13.0
10,10,2000,14.0
10,11,2000,13.5
10,12,2000,17.5
10,13,2000,23.5
10,14,2000,26.0
10,15,2000,28.5
10,16,2000,29.5
10,17,2000,29.5
10,18,2000,27.5
10,19,2000,28.0
10,20,2000,28.0
10,21,2000,28.5
10,22,2000,28.0
10,23,2000,28.5
10,24,2000,27.5
10,25,2000,29.5
10,26,2000,29.5
10,27,2000,28.5
10,28,2000,28.5
10,29,2000,28.5
10,30,2000,29.5
10,31,2000,28.0
11,01,2000,27.5
11,02,2000,27.0
11,03,2000,23.0
11,04,2000,24.5
11,05,2000,23.0
11,06,2000,20.0
11,07,2000,20.0
11,08,2000,16.0
11,09,2000,17.0
11,10,2000,17.5
11,11,2000,20.5
11,12,2000,21.0
11,13,2000,15.5
11,14,2000,17.0
11,15,2000,21.5
11,16,2000,21.0
11,17,2000,17.5
11,18,2000,12.5
11,19,2000,13.0
11,20,2000,12.5
11,21,2000,16.5
11,22,2000,15.0
11,23,2000,20.5
11,24,2000,19.5
11,25,2000,19.0
11,26,2000,20.0
11,27,2000,20.0
11,28,2000,20.5
11,29,2000,19.5
11,30,2000,19.0
12,01,2000,19.0
12,02,2000,18.5
12,03,2000,13.5
12,04,2000,11.5
12,05,2000,14.0
12,06,2000,13.0
12,07,2000,14.0
12,08,2000,18.5
12,09,2000,17.5
12,10,2000,15.5
12,11,2000,18.0
12,12,2000,13.0
12,13,2000,14.0
12,14,2000,13.5
12,15,2000,10.5
12,16,2000,17.5
12,17,2000,17.0
12,18,2000,17.5
12,19,2000,15.5
12,20,2000,15.0
12,21,2000,13.0
12,22,2000,12.0
12,23,2000,14.5
12,24,2000,12.0
12,25,2000,17.5
12,26,2000,16.5
12,27,2000,10.5
12,28,2000,10.0
12,29,2000,15.5
12,30,2000,13.5
12,31,2000,14.0
01,01,2001,7.5
01,02,2001,7.0
01,03,2001,6.5
01,04,2001,13.5
01,05,2001,16.0
01,06,2001,16.0
01,07,2001,18.0
01,08,2001,12.5
01,09,2001,11.0
01,10,2001,12.0
01,11,2001,16.0
01,12,2001,13.5
01,13,2001,17.5
01,14,2001,17.5
01,15,2001,14.0
01,16,2001,16.0
01,17,2001,16.5
01,18,2001,8.0
01,19,2001,10.0
01,20,2001,8.5
01,21,2001,8.0
01,22,2001,8.0
01,23,2001,9.5
01,24,2001,12.0
01,25,2001,15.5
01,26,2001,15.0
01,27,2001,19.0
01,28,2001,20.0
01,29,2001,17.5
01,30,2001,18.0
01,31,2001,19.0
02,01,2001,11.5
02,02,2001,10.0
02,03,2001,13.5
02,04,2001,17.0
02,05,2001,17.0
02,06,2001,15.5
02,07,2001,17.5
02,08,2001,21.0
02,09,2001,18.0
02,10,2001,15.0
02,11,2001,15.5
02,12,2001,14.0
02,13,2001,19.0
02,14,2001,21.5
02,15,2001,20.5
02,16,2001,17.0
02,17,2001,13.0
02,18,2001,12.5
02,19,2001,15.5
02,20,2001,17.5
02,21,2001,18.0
02,22,2001,17.5
02,23,2001,22.0
02,24,2001,24.5
02,25,2001,20.5
02,26,2001,21.0
02,27,2001,21.5
02,28,2001,22.5
03,01,2001,11.0
03,02,2001,15.0
03,03,2001,18.5
03,04,2001,17.0
03,05,2001,18.5
03,06,2001,20.5
03,07,2001,17.0
03,08,2001,20.0
03,09,2001,20.0
03,10,2001,19.0
03,11,2001,21.5
03,12,2001,23.0
03,13,2001,23.0
03,14,2001,18.0
03,15,2001,21.5
03,16,2001,15.5
03,17,2001,15.5
03,18,2001,15.5
03,19,2001,12.0
03,20,2001,16.5
03,21,2001,19.5
03,22,2001,21.5
03,23,2001,23.5
03,24,2001,18.5
03,25,2001,14.0
03,26,2001,13.5
03,27,2001,16.5
03,28,2001,16.0
03,29,2001,20.0
03,30,2001,18.5
03,31,2001,21.0
04,01,2001,26.0
04,02,2001,26.0
04,03,2001,24.5
04,04,2001,24.5
04,05,2001,26.5
04,06,2001,26.0
04,07,2001,25.0
04,08,2001,25.0
04,09,2001,26.0
04,10,2001,25.5
04,11,2001,25.0
04,12,2001,24.0
04,13,2001,25.0
04,14,2001,25.5
04,15,2001,27.0
04,16,2001,26.0
04,17,2001,25.0
04,18,2001,21.5
04,19,2001,21.0
04,20,2001,22.5
04,21,2001,21.5
04,22,2001,24.0
04,23,2001,27.5
04,24,2001,26.0
04,25,2001,25.5
04,26,2001,24.0
04,27,2001,26.0
04,28,2001,25.0
04,29,2001,23.5
04,30,2001,24.0
05,01,2001,28.0
05,02,2001,28.0
05,03,2001,24.0
05,04,2001,23.5
05,05,2001,23.5
05,06,2001,28.0
05,07,2001,28.0
05,08,2001,28.5
05,09,2001,28.0
05,10,2001,27.5
05,11,2001,26.0
05,12,2001,26.5
05,13,2001,28.5
05,14,2001,28.5
05,15,2001,28.0
05,16,2001,28.5
05,17,2001,28.0
05,18,2001,28.5
05,19,2001,28.0
05,20,2001,27.5
05,21,2001,27.5
05,22,2001,28.0
05,23,2001,25.5
05,24,2001,25.0
05,25,2001,25.0
05,26,2001,28.0
05,27,2001,27.5
05,28,2001,27.0
05,29,2001,27.5
05,30,2001,27.5
05,31,2001,28.5
06,01,2001,28.5
06,02,2001,30.0
06,03,2001,28.5
06,04,2001,28.5
06,05,2001,28.5
06,06,2001,29.5
06,07,2001,29.5
06,08,2001,27.5
06,09,2001,28.5
06,10,2001,28.0
06,11,2001,30.5
06,12,2001,31.5
06,13,2001,29.0
06,14,2001,31.0
06,15,2001,28.0
06,16,2001,29.5
06,17,2001,28.0
06,18,2001,27.0
06,19,2001,28.5
06,20,2001,28.5
06,21,2001,28.5
06,22,2001,29.5
06,23,2001,28.5
06,24,2001,29.0
06,25,2001,28.5
06,26,2001,29.5
06,27,2001,28.5
06,28,2001,29.0
06,29,2001,28.5
06,30,2001,29.0
07,01,2001,null
07,02,2001,null
07,03,2001,null
07,04,2001,null
07,05,2001,null
07,06,2001,null
07,07,2001,null
07,08,2001,null
07,09,2001,null
07,10,2001,null
07,11,2001,null
07,12,2001,null
07,13,2001,null
07,14,2001,null
07,15,2001,null
07,16,2001,null
07,17,2001,null
07,18,2001,null
07,19,2001,null
07,20,2001,null
07,21,2001,null
07,22,2001,null
07,23,2001,null
07,24,2001,null
07,25,2001,null
07,26,2001,null
07,27,2001,null
07,28,2001,null
07,29,2001,null
07,30,2001,null
07,31,2001,null
08,01,2001,null
08,02,2001,null
08,03,2001,null
08,04,2001,null
08,05,2001,null
08,06,2001,null
08,07,2001,null
08,08,2001,null
08,09,2001,null
08,10,2001,null
08,11,2001,null
08,12,2001,null
08,13,2001,null
08,14,2001,null
08,15,2001,null
08,16,2001,null
08,17,2001,30.0
08,18,2001,29.5
08,19,2001,28.5
08,20,2001,25.0
08,21,2001,28.0
08,22,2001,29.0
08,23,2001,29.0
08,24,2001,29.0
08,25,2001,28.5
08,26,2001,30.0
08,27,2001,29.0
08,28,2001,25.0
08,29,2001,25.0
08,30,2001,25.5
08,31,2001,27.0
09,01,2001,27.0
09,02,2001,28.0
09,03,2001,29.0
09,04,2001,28.0
09,05,2001,26.5
09,06,2001,25.5
09,07,2001,28.0
09,08,2001,28.0
09,09,2001,25.5
09,10,2001,24.5
09,11,2001,25.0
09,12,2001,24.0
09,13,2001,26.0
09,14,2001,26.0
09,15,2001,26.0
09,16,2001,23.0
09,17,2001,24.0
09,18,2001,25.5
09,19,2001,25.0
09,20,2001,22.5
09,21,2001,24.5
09,22,2001,25.0
09,23,2001,26.5
09,24,2001,21.5
09,25,2001,21.0
09,26,2001,20.5
09,27,2001,21.0
09,28,2001,21.0
09,29,2001,21.5
09,30,2001,21.0
10,01,2001,18.5
10,02,2001,20.0
10,03,2001,21.5
10,04,2001,25.0
10,05,2001,26.5
10,06,2001,25.0
10,07,2001,23.5
10,08,2001,26.5
10,09,2001,26.0
10,10,2001,25.0
10,11,2001,25.5
10,12,2001,23.0
10,13,2001,25.0
10,14,2001,22.5
10,15,2001,23.0
10,16,2001,24.5
10,17,2001,25.5
10,18,2001,20.0
10,19,2001,20.0
10,20,2001,22.0
10,21,2001,22.0
10,22,2001,21.5
10,23,2001,20.0
10,24,2001,21.0
10,25,2001,22.5
10,26,2001,21.0
10,27,2001,19.0
10,28,2001,18.0
10,29,2001,17.5
10,30,2001,17.5
10,31,2001,17.5
11,01,2001,16.5
11,02,2001,18.0
11,03,2001,18.0
11,04,2001,19.0
11,05,2001,20.0
11,06,2001,17.0
11,07,2001,18.0
11,08,2001,17.5
11,09,2001,17.5
11,10,2001,14.0
11,11,2001,17.0
11,12,2001,16.5
11,13,2001,18.5
11,14,2001,20.0
11,15,2001,20.5
11,16,2001,17.0
11,17,2001,19.0
11,18,2001,18.5
11,19,2001,12.5
11,20,2001,13.0
11,21,2001,15.5
11,22,2001,17.0
11,23,2001,19.5
11,24,2001,17.0
11,25,2001,16.5
11,26,2001,16.0
11,27,2001,14.5
11,28,2001,8.5
11,29,2001,11.0
11,30,2001,11.0
12,01,2001,13.5
12,02,2001,14.5
12,03,2001,17.5
12,04,2001,18.5
12,05,2001,18.0
12,06,2001,17.5
12,07,2001,17.0
12,08,2001,12.0
12,09,2001,9.0
12,10,2001,9.0
12,11,2001,13.5
12,12,2001,16.5
12,13,2001,15.5
12,14,2001,11.5
12,15,2001,14.0
12,16,2001,18.0
12,17,2001,16.5
12,18,2001,13.0
12,19,2001,14.0
12,20,2001,10.5
12,21,2001,11.5
12,22,2001,15.5
12,23,2001,14.5
12,24,2001,7.5
12,25,2001,9.0
12,26,2001,6.0
12,27,2001,10.5
12,28,2001,12.5
12,29,2001,13.5
12,30,2001,9.0
12,31,2001,null
01,01,2002,4.5
01,02,2002,2.5
01,03,2002,5.5
01,04,2002,5.5
01,05,2002,11.5
01,06,2002,10.0
01,07,2002,9.5
01,08,2002,9.0
01,09,2002,13.5
01,10,2002,15.0
01,11,2002,11.0
01,12,2002,10.5
01,13,2002,13.5
01,14,2002,9.5
01,15,2002,13.0
01,16,2002,15.5
01,17,2002,16.5
01,18,2002,16.5
01,19,2002,15.0
01,20,2002,14.0
01,21,2002,14.0
01,22,2002,18.0
01,23,2002,19.5
01,24,2002,13.5
01,25,2002,12.5
01,26,2002,9.5
01,27,2002,13.0
01,28,2002,16.5
01,29,2002,17.0
01,30,2002,19.5
01,31,2002,18.5
02,01,2002,12.0
02,02,2002,8.0
02,03,2002,12.0
02,04,2002,8.0
02,05,2002,11.0
02,06,2002,10.0
02,07,2002,13.5
02,08,2002,12.0
02,09,2002,13.0
02,10,2002,8.5
02,11,2002,4.0
02,12,2002,8.0
02,13,2002,11.0
02,14,2002,15.5
02,15,2002,12.5
02,16,2002,13.5
02,17,2002,14.0
02,18,2002,16.0
02,19,2002,18.0
02,20,2002,19.5
02,21,2002,18.5
02,22,2002,14.5
02,23,2002,12.0
02,24,2002,13.5
02,25,2002,9.0
02,26,2002,8.5
02,27,2002,6.5
02,28,2002,9.0
03,01,2002,14.0
03,02,2002,8.5
03,03,2002,7.0
03,04,2002,7.5
03,05,2002,9.5
03,06,2002,15.0
03,07,2002,17.0
03,08,2002,20.0
03,09,2002,20.0
03,10,2002,13.0
03,11,2002,15.0
03,12,2002,17.5
03,13,2002,18.5
03,14,2002,22.5
03,15,2002,19.0
03,16,2002,20.5
03,17,2002,20.0
03,18,2002,21.0
03,19,2002,20.0
03,20,2002,19.5
03,21,2002,15.5
03,22,2002,15.5
03,23,2002,18.0
03,24,2002,20.5
03,25,2002,17.5
03,26,2002,18.0
03,27,2002,20.0
03,28,2002,16.0
03,29,2002,20.5
03,30,2002,22.5
03,31,2002,21.0
04,01,2002,20.0
04,02,2002,20.5
04,03,2002,18.0
04,04,2002,14.0
04,05,2002,14.0
04,06,2002,24.0
04,07,2002,22.0
04,08,2002,25.5
04,09,2002,21.0
04,10,2002,22.0
04,11,2002,21.5
04,12,2002,22.0
04,13,2002,22.0
04,14,2002,23.0
04,15,2002,24.5
04,16,2002,23.0
04,17,2002,23.5
04,18,2002,25.5
04,19,2002,22.5
04,20,2002,24.0
04,21,2002,25.0
04,22,2002,24.5
04,23,2002,24.5
04,24,2002,24.0
04,25,2002,25.5
04,26,2002,25.5
04,27,2002,26.5
04,28,2002,26.5
04,29,2002,28.0
04,30,2002,26.5
05,01,2002,28.0
05,02,2002,28.5
05,03,2002,27.0
05,04,2002,26.0
05,05,2002,25.5
05,06,2002,27.0
05,07,2002,26.5
05,08,2002,28.5
05,09,2002,23.5
05,10,2002,28.0
05,11,2002,28.0
05,12,2002,24.0
05,13,2002,23.0
05,14,2002,22.0
05,15,2002,25.5
05,16,2002,25.5
05,17,2002,23.5
05,18,2002,22.5
05,19,2002,20.0
05,20,2002,20.0
05,21,2002,21.5
05,22,2002,23.0
05,23,2002,24.0
05,24,2002,27.5
05,25,2002,26.5
05,26,2002,26.5
05,27,2002,26.0
05,28,2002,25.0
05,29,2002,26.0
05,30,2002,27.0
05,31,2002,27.5
06,01,2002,27.0
06,02,2002,25.0
06,03,2002,27.0
06,04,2002,27.0
06,05,2002,27.0
06,06,2002,24.5
06,07,2002,28.0
06,08,2002,25.5
06,09,2002,28.5
06,10,2002,25.5
06,11,2002,27.5
06,12,2002,28.5
06,13,2002,27.5
06,14,2002,27.0
06,15,2002,24.0
06,16,2002,25.0
06,17,2002,27.0
06,18,2002,27.5
06,19,2002,28.5
06,20,2002,29.0
06,21,2002,26.0
06,22,2002,25.5
06,23,2002,26.0
06,24,2002,25.5
06,25,2002,27.0
06,26,2002,27.5
06,27,2002,27.0
06,28,2002,28.0
06,29,2002,27.5
06,30,2002,26.0
07,01,2002,25.5
07,02,2002,27.0
07,03,2002,28.0
07,04,2002,25.0
07,05,2002,26.5
07,06,2002,28.5
07,07,2002,25.5
07,08,2002,25.0
07,09,2002,24.0
07,10,2002,22.0
07,11,2002,24.0
07,12,2002,25.0
07,13,2002,26.0
07,14,2002,25.0
07,15,2002,25.5
07,16,2002,25.0
07,17,2002,25.0
07,18,2002,27.0
07,19,2002,23.5
07,20,2002,25.0
07,21,2002,25.0
07,22,2002,25.5
07,23,2002,25.0
07,24,2002,25.0
07,25,2002,25.5
07,26,2002,27.0
07,27,2002,27.0
07,28,2002,27.5
07,29,2002,28.5
07,30,2002,27.5
07,31,2002,27.5
08,01,2002,27.0
08,02,2002,27.0
08,03,2002,26.0
08,04,2002,26.0
08,05,2002,25.0
08,06,2002,26.5
08,07,2002,27.0
08,08,2002,28.0
08,09,2002,27.5
08,10,2002,26.0
08,11,2002,25.5
08,12,2002,25.5
08,13,2002,26.5
08,14,2002,26.5
08,15,2002,27.0
08,16,2002,27.5
08,17,2002,29.0
08,18,2002,28.5
08,19,2002,29.0
08,20,2002,27.5
08,21,2002,27.5
08,22,2002,27.0
08,23,2002,27.0
08,24,2002,29.5
08,25,2002,31.0
08,26,2002,28.0
08,27,2002,28.0
08,28,2002,28.5
08,29,2002,26.5
08,30,2002,24.5
08,31,2002,28.5
09,01,2002,27.5
09,02,2002,26.0
09,03,2002,26.5
09,04,2002,25.5
09,05,2002,25.0
09,06,2002,24.0
09,07,2002,25.5
09,08,2002,25.5
09,09,2002,25.0
09,10,2002,22.5
09,11,2002,24.0
09,12,2002,23.5
09,13,2002,24.5
09,14,2002,24.0
09,15,2002,24.5
09,16,2002,22.0
09,17,2002,25.5
09,18,2002,25.5
09,19,2002,25.5
09,20,2002,23.5
09,21,2002,23.0
09,22,2002,19.5
09,23,2002,16.5
09,24,2002,21.0
09,25,2002,20.0
09,26,2002,20.5
09,27,2002,21.5
09,28,2002,23.0
09,29,2002,22.0
09,30,2002,22.0
10,01,2002,22.0
10,02,2002,23.5
10,03,2002,25.5
10,04,2002,22.5
10,05,2002,26.0
10,06,2002,24.0
10,07,2002,25.0
10,08,2002,21.5
10,09,2002,23.0
10,10,2002,22.0
10,11,2002,25.0
10,12,2002,24.5
10,13,2002,20.0
10,14,2002,16.5
10,15,2002,15.5
10,16,2002,14.0
10,17,2002,16.0
10,18,2002,21.0
10,19,2002,23.0
10,20,2002,22.0
10,21,2002,21.0
10,22,2002,22.5
10,23,2002,22.5
10,24,2002,21.5
10,25,2002,22.0
10,26,2002,20.0
10,27,2002,18.5
10,28,2002,20.5
10,29,2002,19.5
10,30,2002,17.5
10,31,2002,17.5
11,01,2002,18.0
11,02,2002,17.0
11,03,2002,17.0
11,04,2002,16.0
11,05,2002,18.0
11,06,2002,17.0
11,07,2002,16.5
11,08,2002,16.5
11,09,2002,21.0
11,10,2002,23.0
11,11,2002,16.0
11,12,2002,15.5
11,13,2002,16.0
11,14,2002,18.5
11,15,2002,17.0
11,16,2002,14.0
11,17,2002,14.0
11,18,2002,18.0
11,19,2002,14.5
11,20,2002,15.0
11,21,2002,14.0
11,22,2002,16.5
11,23,2002,15.5
11,24,2002,17.5
11,25,2002,18.5
11,26,2002,12.0
11,27,2002,6.5
11,28,2002,7.0
11,29,2002,11.0
11,30,2002,13.0
12,01,2002,15.0
12,02,2002,16.5
12,03,2002,14.5
12,04,2002,11.5
12,05,2002,8.0
12,06,2002,11.5
12,07,2002,10.5
12,08,2002,10.5
12,09,2002,10.5
12,10,2002,9.0
12,11,2002,10.5
12,12,2002,15.0
12,13,2002,14.5
12,14,2002,15.0
12,15,2002,17.5
12,16,2002,13.0
12,17,2002,19.0
12,18,2002,15.5
12,19,2002,12.5
12,20,2002,16.0
12,21,2002,16.0
12,22,2002,15.5
12,23,2002,16.0
12,24,2002,11.0
12,25,2002,14.0
12,26,2002,17.5
12,27,2002,16.5
12,28,2002,14.5
12,29,2002,13.0
12,30,2002,15.0
12,31,2002,18.0
01,01,2003,17.0
01,02,2003,14.0
01,03,2003,12.5
01,04,2003,12.0
01,05,2003,10.5
01,06,2003,12.5
01,07,2003,14.0
01,08,2003,12.5
01,09,2003,10.0
01,10,2003,9.0
01,11,2003,9.0
01,12,2003,10.0
01,13,2003,10.5
01,14,2003,10.5
01,15,2003,13.0
01,16,2003,10.5
01,17,2003,9.5
01,18,2003,10.5
01,19,2003,8.5
01,20,2003,7.5
01,21,2003,11.0
01,22,2003,7.0
01,23,2003,5.5
01,24,2003,7.0
01,25,2003,6.5
01,26,2003,8.0
01,27,2003,14.0
01,28,2003,14.0
01,29,2003,15.5
01,30,2003,15.0
01,31,2003,13.5
02,01,2003,19.0
02,02,2003,20.5
02,03,2003,14.0
02,04,2003,16.0
02,05,2003,13.0
02,06,2003,10.0
02,07,2003,7.0
02,08,2003,11.0
02,09,2003,11.5
02,10,2003,13.5
02,11,2003,15.0
02,12,2003,16.0
02,13,2003,18.0
02,14,2003,14.5
02,15,2003,15.0
02,16,2003,16.5
02,17,2003,13.5
02,18,2003,15.0
02,19,2003,12.5
02,20,2003,15.0
02,21,2003,15.0
02,22,2003,15.0
02,23,2003,10.5
02,24,2003,9.5
02,25,2003,4.0
02,26,2003,4.0
02,27,2003,11.0
02,28,2003,14.5
03,01,2003,16.0
03,02,2003,16.0
03,03,2003,16.5
03,04,2003,16.5
03,05,2003,18.5
03,06,2003,16.5
03,07,2003,17.0
03,08,2003,19.5
03,09,2003,19.5
03,10,2003,20.0
03,11,2003,22.0
03,12,2003,21.5
03,13,2003,16.0
03,14,2003,17.0
03,15,2003,25.0
03,16,2003,19.0
03,17,2003,19.5
03,18,2003,21.0
03,19,2003,18.0
03,20,2003,16.0
03,21,2003,15.0
03,22,2003,15.0
03,23,2003,17.5
03,24,2003,18.0
03,25,2003,20.0
03,26,2003,20.0
03,27,2003,19.0
03,28,2003,13.5
03,29,2003,13.0
03,30,2003,9.5
03,31,2003,12.5
04,01,2003,14.5
04,02,2003,15.5
04,03,2003,20.5
04,04,2003,23.0
04,05,2003,22.0
04,06,2003,21.5
04,07,2003,22.5
04,08,2003,17.5
04,09,2003,13.5
04,10,2003,16.0
04,11,2003,19.5
04,12,2003,20.5
04,13,2003,21.0
04,14,2003,23.0
04,15,2003,25.5
04,16,2003,26.5
04,17,2003,28.5
04,18,2003,26.5
04,19,2003,26.0
04,20,2003,24.0
04,21,2003,24.5
04,22,2003,21.5
04,23,2003,23.5
04,24,2003,26.0
04,25,2003,27.0
04,26,2003,26.5
04,27,2003,24.5
04,28,2003,24.0
04,29,2003,25.0
04,30,2003,27.5
05,01,2003,28.0
05,02,2003,25.0
05,03,2003,27.0
05,04,2003,26.5
05,05,2003,28.0
05,06,2003,29.0
05,07,2003,30.0
05,08,2003,28.0
05,09,2003,29.0
05,10,2003,29.0
05,11,2003,28.0
05,12,2003,25.0
05,13,2003,27.0
05,14,2003,25.5
05,15,2003,26.0
05,16,2003,27.5
05,17,2003,28.5
05,18,2003,29.0
05,19,2003,27.5
05,20,2003,26.5
05,21,2003,26.5
05,22,2003,25.5
05,23,2003,25.5
05,24,2003,24.0
05,25,2003,23.0
05,26,2003,23.5
05,27,2003,21.0
05,28,2003,22.5
05,29,2003,24.0
05,30,2003,25.5
05,31,2003,26.0
06,01,2003,26.0
06,02,2003,26.0
06,03,2003,27.0
06,04,2003,26.0
06,05,2003,26.0
06,06,2003,24.5
06,07,2003,25.5
06,08,2003,26.0
06,09,2003,25.5
06,10,2003,25.0
06,11,2003,18.0
06,12,2003,28.0
06,13,2003,25.5
06,14,2003,23.5
06,15,2003,25.0
06,16,2003,23.5
06,17,2003,24.0
06,18,2003,24.5
06,19,2003,25.0
06,20,2003,26.0
06,21,2003,26.5
06,22,2003,27.5
06,23,2003,30.0
06,24,2003,27.5
06,25,2003,29.0
06,26,2003,29.5
06,27,2003,29.0
06,28,2003,25.5
06,29,2003,24.0
06,30,2003,23.0
07,01,2003,23.5
07,02,2003,24.5
07,03,2003,24.5
07,04,2003,25.0
07,05,2003,24.0
07,06,2003,25.5
07,07,2003,24.0
07,08,2003,26.5
07,09,2003,24.5
07,10,2003,26.5
07,11,2003,24.5
07,12,2003,24.0
07,13,2003,25.5
07,14,2003,27.0
07,15,2003,24.5
07,16,2003,26.0
07,17,2003,27.0
07,18,2003,26.0
07,19,2003,25.0
07,20,2003,24.5
07,21,2003,26.0
07,22,2003,27.0
07,23,2003,26.5
07,24,2003,27.0
07,25,2003,28.0
07,26,2003,28.5
07,27,2003,26.5
07,28,2003,26.5
07,29,2003,26.0
07,30,2003,26.5
07,31,2003,27.5
08,01,2003,26.5
08,02,2003,27.5
08,03,2003,26.0
08,04,2003,26.5
08,05,2003,26.5
08,06,2003,26.5
08,07,2003,27.5
08,08,2003,29.0
08,09,2003,29.0
08,10,2003,28.5
08,11,2003,27.5
08,12,2003,27.0
08,13,2003,24.0
08,14,2003,23.0
08,15,2003,22.5
08,16,2003,20.5
08,17,2003,24.5
08,18,2003,25.0
08,19,2003,25.5
08,20,2003,26.5
08,21,2003,25.5
08,22,2003,26.5
08,23,2003,26.5
08,24,2003,26.5
08,25,2003,25.0
08,26,2003,26.0
08,27,2003,25.5
08,28,2003,25.0
08,29,2003,26.5
08,30,2003,26.5
08,31,2003,23.0
09,01,2003,25.0
09,02,2003,23.5
09,03,2003,24.5
09,04,2003,25.0
09,05,2003,26.0
09,06,2003,25.0
09,07,2003,24.0
09,08,2003,24.5
09,09,2003,24.0
09,10,2003,25.5
09,11,2003,25.0
09,12,2003,23.0
09,13,2003,21.0
09,14,2003,23.0
09,15,2003,23.5
09,16,2003,23.0
09,17,2003,23.0
09,18,2003,23.0
09,19,2003,20.5
09,20,2003,24.0
09,21,2003,21.0
09,22,2003,22.0
09,23,2003,20.0
09,24,2003,21.0
09,25,2003,21.5
09,26,2003,22.0
09,27,2003,23.0
09,28,2003,22.5
09,29,2003,21.0
09,30,2003,21.0
10,01,2003,21.5
10,02,2003,19.0
10,03,2003,19.0
10,04,2003,22.5
10,05,2003,20.0
10,06,2003,22.5
10,07,2003,22.5
10,08,2003,23.5
10,09,2003,25.0
10,10,2003,20.5
10,11,2003,23.5
10,12,2003,25.0
10,13,2003,21.0
10,14,2003,23.0
10,15,2003,21.5
10,16,2003,21.0
10,17,2003,20.0
10,18,2003,22.5
10,19,2003,22.5
10,20,2003,21.0
10,21,2003,18.5
10,22,2003,21.0
10,23,2003,19.0
10,24,2003,17.5
10,25,2003,15.5
10,26,2003,12.5
10,27,2003,12.0
10,28,2003,16.0
10,29,2003,18.5
10,30,2003,18.5
10,31,2003,21.0
11,01,2003,21.5
11,02,2003,20.0
11,03,2003,20.0
11,04,2003,21.5
11,05,2003,21.5
11,06,2003,20.0
11,07,2003,20.0
11,08,2003,19.5
11,09,2003,19.0
11,10,2003,19.0
11,11,2003,20.5
11,12,2003,21.0
11,13,2003,21.0
11,14,2003,21.0
11,15,2003,24.0
11,16,2003,22.5
11,17,2003,21.5
11,18,2003,20.5
11,19,2003,14.5
11,20,2003,12.5
11,21,2003,16.5
11,22,2003,16.5
11,23,2003,11.0
11,24,2003,12.0
11,25,2003,10.5
11,26,2003,13.0
11,27,2003,13.5
11,28,2003,13.0
11,29,2003,11.5
11,30,2003,12.0
12,01,2003,14.0
12,02,2003,17.5
12,03,2003,16.0
12,04,2003,10.0
12,05,2003,12.5
12,06,2003,14.0
12,07,2003,11.0
12,08,2003,13.0
12,09,2003,12.5
12,10,2003,10.0
12,11,2003,11.0
12,12,2003,12.0
12,13,2003,15.0
12,14,2003,10.0
12,15,2003,7.5
12,16,2003,9.5
12,17,2003,7.0
12,18,2003,9.0
12,19,2003,8.5
12,20,2003,9.5
12,21,2003,10.5
12,22,2003,12.0
12,23,2003,10.0
12,24,2003,12.5
12,25,2003,13.5
12,26,2003,14.5
12,27,2003,12.0
12,28,2003,14.5
12,29,2003,13.0
12,30,2003,9.5
12,31,2003,13.0
01,01,2004,15.5
01,02,2004,17.0
01,03,2004,20.0
01,04,2004,12.0
01,05,2004,11.0
01,06,2004,8.0
01,07,2004,12.0
01,08,2004,10.5
01,09,2004,13.5
01,10,2004,7.5
01,11,2004,9.5
01,12,2004,12.0
01,13,2004,12.5
01,14,2004,15.0
01,15,2004,13.5
01,16,2004,14.0
01,17,2004,11.0
01,18,2004,11.5
01,19,2004,9.5
01,20,2004,9.0
01,21,2004,11.0
01,22,2004,11.5
01,23,2004,12.0
01,24,2004,16.0
01,25,2004,16.5
01,26,2004,12.0
01,27,2004,7.5
01,28,2004,10.0
01,29,2004,11.0
01,30,2004,14.0
01,31,2004,13.0
02,01,2004,15.5
02,02,2004,11.0
02,03,2004,14.0
02,04,2004,10.0
02,05,2004,11.5
02,06,2004,11.0
02,07,2004,14.5
02,08,2004,14.5
02,09,2004,14.0
02,10,2004,11.5
02,11,2004,11.0
02,12,2004,8.5
02,13,2004,9.0
02,14,2004,9.0
02,15,2004,7.5
02,16,2004,10.0
02,17,2004,14.0
02,18,2004,15.5
02,19,2004,15.5
02,20,2004,12.0
02,21,2004,12.0
02,22,2004,17.0
02,23,2004,17.5
02,24,2004,15.0
02,25,2004,13.5
02,26,2004,11.0
02,27,2004,12.5
02,28,2004,17.5
02,29,2004,17.5
03,01,2004,14.5
03,02,2004,17.5
03,03,2004,20.5
03,04,2004,18.5
03,05,2004,17.5
03,06,2004,14.5
03,07,2004,14.0
03,08,2004,16.5
03,09,2004,19.0
03,10,2004,18.5
03,11,2004,16.0
03,12,2004,18.5
03,13,2004,18.0
03,14,2004,17.0
03,15,2004,18.5
03,16,2004,17.0
03,17,2004,18.5
03,18,2004,21.0
03,19,2004,19.5
03,20,2004,20.5
03,21,2004,18.0
03,22,2004,18.0
03,23,2004,17.5
03,24,2004,20.0
03,25,2004,19.5
03,26,2004,16.5
03,27,2004,19.0
03,28,2004,18.0
03,29,2004,15.0
03,30,2004,15.5
03,31,2004,18.0
04,01,2004,17.5
04,02,2004,18.0
04,03,2004,20.0
04,04,2004,18.0
04,05,2004,17.0
04,06,2004,21.5
04,07,2004,20.5
04,08,2004,18.5
04,09,2004,20.0
04,10,2004,18.5
04,11,2004,15.0
04,12,2004,15.0
04,13,2004,17.5
04,14,2004,22.5
04,15,2004,17.5
04,16,2004,17.0
04,17,2004,21.0
04,18,2004,20.5
04,19,2004,21.5
04,20,2004,22.5
04,21,2004,21.0
04,22,2004,21.5
04,23,2004,18.5
04,24,2004,16.0
04,25,2004,16.0
04,26,2004,17.5
04,27,2004,19.5
04,28,2004,17.5
04,29,2004,19.5
04,30,2004,18.0
05,01,2004,15.0
05,02,2004,16.0
05,03,2004,15.5
05,04,2004,16.5
05,05,2004,19.0
05,06,2004,20.5
05,07,2004,22.0
05,08,2004,20.5
05,09,2004,19.0
05,10,2004,19.0
05,11,2004,21.5
05,12,2004,23.0
05,13,2004,23.0
05,14,2004,18.5
05,15,2004,19.5
05,16,2004,22.0
05,17,2004,24.5
05,18,2004,24.5
05,19,2004,24.5
05,20,2004,24.0
05,21,2004,24.0
05,22,2004,24.5
05,23,2004,22.5
05,24,2004,25.0
05,25,2004,26.5
05,26,2004,25.5
05,27,2004,25.5
05,28,2004,25.5
05,29,2004,26.0
05,30,2004,29.5
05,31,2004,28.5
06,01,2004,26.5
06,02,2004,27.0
06,03,2004,27.0
06,04,2004,25.0
06,05,2004,25.5
06,06,2004,25.0
06,07,2004,23.0
06,08,2004,25.5
06,09,2004,26.5
06,10,2004,25.5
06,11,2004,25.0
06,12,2004,26.5
06,13,2004,29.0
06,14,2004,28.5
06,15,2004,25.0
06,16,2004,27.0
06,17,2004,27.0
06,18,2004,23.0
06,19,2004,24.0
06,20,2004,25.5
06,21,2004,27.0
06,22,2004,25.5
06,23,2004,25.0
06,24,2004,24.0
06,25,2004,23.0
06,26,2004,22.5
06,27,2004,24.0
06,28,2004,26.5
06,29,2004,24.0
06,30,2004,26.0
07,01,2004,24.5
07,02,2004,25.0
07,03,2004,26.5
07,04,2004,26.0
07,05,2004,25.0
07,06,2004,25.0
07,07,2004,27.0
07,08,2004,22.0
07,09,2004,26.5
07,10,2004,29.0
07,11,2004,22.5
07,12,2004,27.0
07,13,2004,25.0
07,14,2004,26.5
07,15,2004,25.5
07,16,2004,25.0
07,17,2004,26.0
07,18,2004,27.5
07,19,2004,28.5
07,20,2004,28.0
07,21,2004,25.0
07,22,2004,24.0
07,23,2004,26.5
07,24,2004,27.0
07,25,2004,27.0
07,26,2004,27.0
07,27,2004,27.0
07,28,2004,27.5
07,29,2004,26.0
07,30,2004,27.5
07,31,2004,29.5
08,01,2004,27.5
08,02,2004,24.5
08,03,2004,27.0
08,04,2004,24.0
08,05,2004,27.5
08,06,2004,29.0
08,07,2004,27.0
08,08,2004,27.0
08,09,2004,27.0
08,10,2004,26.5
08,11,2004,24.5
08,12,2004,27.0
08,13,2004,25.0
08,14,2004,25.5
08,15,2004,24.5
08,16,2004,23.0
08,17,2004,24.0
08,18,2004,26.5
08,19,2004,26.5
08,20,2004,27.5
08,21,2004,23.5
08,22,2004,27.0
08,23,2004,27.5
08,24,2004,28.5
08,25,2004,29.5
08,26,2004,27.0
08,27,2004,28.5
08,28,2004,24.5
08,29,2004,24.5
08,30,2004,23.5
08,31,2004,23.5
09,01,2004,22.5
09,02,2004,22.5
09,03,2004,20.0
09,04,2004,24.0
09,05,2004,25.5
09,06,2004,25.0
09,07,2004,23.0
09,08,2004,22.0
09,09,2004,22.5
09,10,2004,23.5
09,11,2004,23.0
09,12,2004,24.5
09,13,2004,25.5
09,14,2004,24.5
09,15,2004,24.5
09,16,2004,22.5
09,17,2004,23.5
09,18,2004,22.5
09,19,2004,21.5
09,20,2004,22.5
09,21,2004,23.0
09,22,2004,27.0
09,23,2004,21.5
09,24,2004,23.5
09,25,2004,23.0
09,26,2004,24.0
09,27,2004,21.0
09,28,2004,22.0
09,29,2004,24.0
09,30,2004,25.0
10,01,2004,23.5
10,02,2004,25.0
10,03,2004,25.0
10,04,2004,25.0
10,05,2004,25.5
10,06,2004,26.0
10,07,2004,23.0
10,08,2004,22.5
10,09,2004,22.5
10,10,2004,25.0
10,11,2004,23.5
10,12,2004,21.0
10,13,2004,20.0
10,14,2004,26.0
10,15,2004,20.5
10,16,2004,22.0
10,17,2004,22.5
10,18,2004,23.0
10,19,2004,23.0
10,20,2004,22.0
10,21,2004,20.5
10,22,2004,20.0
10,23,2004,22.5
10,24,2004,20.0
10,25,2004,23.0
10,26,2004,22.5
10,27,2004,23.5
10,28,2004,24.0
10,29,2004,20.5
10,30,2004,20.5
10,31,2004,18.5
11,01,2004,18.0
11,02,2004,17.5
11,03,2004,10.5
11,04,2004,14.5
11,05,2004,14.0
11,06,2004,17.0
11,07,2004,16.5
11,08,2004,15.0
11,09,2004,16.0
11,10,2004,15.0
11,11,2004,14.0
11,12,2004,14.0
11,13,2004,12.0
11,14,2004,13.0
11,15,2004,14.5
11,16,2004,17.5
11,17,2004,20.0
11,18,2004,16.0
11,19,2004,20.0
11,20,2004,18.5
11,21,2004,17.0
11,22,2004,20.5
11,23,2004,19.0
11,24,2004,18.5
11,25,2004,14.5
11,26,2004,16.0
11,27,2004,16.0
11,28,2004,16.5
11,29,2004,16.5
11,30,2004,14.5
12,01,2004,13.0
12,02,2004,13.0
12,03,2004,13.0
12,04,2004,15.0
12,05,2004,15.0
12,06,2004,15.0
12,07,2004,14.5
12,08,2004,17.0
12,09,2004,19.0
12,10,2004,16.0
12,11,2004,13.5
12,12,2004,11.5
12,13,2004,9.0
12,14,2004,7.0
12,15,2004,8.0
12,16,2004,8.5
12,17,2004,10.5
12,18,2004,13.0
12,19,2004,11.5
12,20,2004,10.5
12,21,2004,12.5
12,22,2004,8.0
12,23,2004,4.0
12,24,2004,6.0
12,25,2004,5.5
12,26,2004,7.5
12,27,2004,11.5
12,28,2004,11.0
12,29,2004,11.0
12,30,2004,11.5
12,31,2004,13.5
01,01,2005,13.0
01,02,2005,15.5
01,03,2005,18.0
01,04,2005,19.0
01,05,2005,13.5
01,06,2005,16.0
01,07,2005,13.0
01,08,2005,12.5
01,09,2005,16.5
01,10,2005,17.0
01,11,2005,18.0
01,12,2005,15.0
01,13,2005,14.5
01,14,2005,7.5
01,15,2005,6.5
01,16,2005,9.5
01,17,2005,5.0
01,18,2005,9.0
01,19,2005,10.0
01,20,2005,12.5
01,21,2005,17.5
01,22,2005,16.5
01,23,2005,9.0
01,24,2005,15.0
01,25,2005,12.5
01,26,2005,17.0
01,27,2005,18.0
01,28,2005,17.5
01,29,2005,14.0
01,30,2005,12.5
01,31,2005,11.0
02,01,2005,5.5
02,02,2005,5.5
02,03,2005,4.5
02,04,2005,6.0
02,05,2005,12.5
02,06,2005,12.0
02,07,2005,12.0
02,08,2005,12.5
02,09,2005,12.0
02,10,2005,10.0
02,11,2005,11.0
02,12,2005,12.0
02,13,2005,17.5
02,14,2005,17.0
02,15,2005,17.0
02,16,2005,16.5
02,17,2005,13.5
02,18,2005,15.0
02,19,2005,17.5
02,20,2005,18.5
02,21,2005,14.5
02,22,2005,18.0
02,23,2005,15.5
02,24,2005,13.5
02,25,2005,11.0
02,26,2005,14.5
02,27,2005,13.0
02,28,2005,13.5
03,01,2005,12.0
03,02,2005,16.0
03,03,2005,15.0
03,04,2005,14.5
03,05,2005,16.5
03,06,2005,17.5
03,07,2005,16.5
03,08,2005,14.5
03,09,2005,15.5
03,10,2005,16.0
03,11,2005,16.5
03,12,2005,18.0
03,13,2005,16.5
03,14,2005,12.5
03,15,2005,14.0
03,16,2005,13.0
03,17,2005,14.0
03,18,2005,17.0
03,19,2005,17.0
03,20,2005,18.5
03,21,2005,20.0
03,22,2005,16.5
03,23,2005,20.0
03,24,2005,18.5
03,25,2005,20.0
03,26,2005,21.0
03,27,2005,22.0
03,28,2005,18.5
03,29,2005,19.5
03,30,2005,20.0
03,31,2005,16.0
04,01,2005,20.0
04,02,2005,15.0
04,03,2005,15.5
04,04,2005,18.5
04,05,2005,21.5
04,06,2005,19.0
04,07,2005,17.5
04,08,2005,17.5
04,09,2005,18.0
04,10,2005,20.5
04,11,2005,18.5
04,12,2005,18.5
04,13,2005,17.5
04,14,2005,20.5
04,15,2005,18.5
04,16,2005,17.5
04,17,2005,13.5
04,18,2005,18.0
04,19,2005,20.0
04,20,2005,20.5
04,21,2005,23.5
04,22,2005,19.5
04,23,2005,16.5
04,24,2005,17.0
04,25,2005,13.5
04,26,2005,20.5
04,27,2005,22.0
04,28,2005,18.0
04,29,2005,23.0
04,30,2005,17.0
05,01,2005,14.5
05,02,2005,17.0
05,03,2005,16.5
05,04,2005,15.5
05,05,2005,13.0
05,06,2005,15.0
05,07,2005,23.0
05,08,2005,26.0
05,09,2005,22.0
05,10,2005,21.0
05,11,2005,22.0
05,12,2005,24.0
05,13,2005,22.0
05,14,2005,22.0
05,15,2005,18.0
05,16,2005,22.0
05,17,2005,21.5
05,18,2005,22.5
05,19,2005,23.0
05,20,2005,25.5
05,21,2005,26.5
05,22,2005,24.0
05,23,2005,25.5
05,24,2005,21.0
05,25,2005,25.5
05,26,2005,22.5
05,27,2005,21.0
05,28,2005,25.5
05,29,2005,22.5
05,30,2005,27.0
05,31,2005,22.0
06,01,2005,25.0
06,02,2005,26.5
06,03,2005,24.0
06,04,2005,25.5
06,05,2005,26.0
06,06,2005,27.0
06,07,2005,25.0
06,08,2005,27.5
06,09,2005,28.5
06,10,2005,23.5
06,11,2005,26.0
06,12,2005,25.0
06,13,2005,28.0
06,14,2005,26.0
06,15,2005,26.0
06,16,2005,27.0
06,17,2005,28.5
06,18,2005,28.5
06,19,2005,26.0
06,20,2005,24.5
06,21,2005,27.5
06,22,2005,27.0
06,23,2005,26.0
06,24,2005,26.0
06,25,2005,23.0
06,26,2005,26.0
06,27,2005,25.0
06,28,2005,27.5
06,29,2005,26.0
06,30,2005,29.5
07,01,2005,29.0
07,02,2005,30.0
07,03,2005,29.0
07,04,2005,29.5
07,05,2005,29.5
07,06,2005,29.0
07,07,2005,29.5
07,08,2005,29.5
07,09,2005,27.5
07,10,2005,28.0
07,11,2005,27.0
07,12,2005,27.5
07,13,2005,27.5
07,14,2005,28.0
07,15,2005,27.5
07,16,2005,24.5
07,17,2005,25.5
07,18,2005,23.0
07,19,2005,21.0
07,20,2005,22.0
07,21,2005,22.5
07,22,2005,24.0
07,23,2005,22.5
07,24,2005,23.0
07,25,2005,23.0
07,26,2005,23.5
07,27,2005,24.5
07,28,2005,21.5
07,29,2005,23.0
07,30,2005,24.5
07,31,2005,22.5
08,01,2005,23.0
08,02,2005,23.0
08,03,2005,25.0
08,04,2005,24.5
08,05,2005,24.5
08,06,2005,24.0
08,07,2005,27.0
08,08,2005,24.5
08,09,2005,24.5
08,10,2005,24.5
08,11,2005,25.5
08,12,2005,26.0
08,13,2005,24.5
08,14,2005,23.5
08,15,2005,26.0
08,16,2005,25.0
08,17,2005,26.0
08,18,2005,26.5
08,19,2005,24.5
08,20,2005,24.5
08,21,2005,25.0
08,22,2005,24.5
08,23,2005,23.0
08,24,2005,25.5
08,25,2005,26.0
08,26,2005,24.5
08,27,2005,26.5
08,28,2005,26.5
08,29,2005,26.5
08,30,2005,26.0
08,31,2005,28.0
09,01,2005,27.0
09,02,2005,25.0
09,03,2005,26.0
09,04,2005,25.0
09,05,2005,24.0
09,06,2005,23.5
09,07,2005,24.0
09,08,2005,23.5
09,09,2005,22.5
09,10,2005,23.5
09,11,2005,26.0
09,12,2005,26.0
09,13,2005,25.0
09,14,2005,25.5
09,15,2005,25.0
09,16,2005,26.0
09,17,2005,24.0
09,18,2005,25.5
09,19,2005,25.5
09,20,2005,24.5
09,21,2005,24.5
09,22,2005,25.5
09,23,2005,26.5
09,24,2005,24.0
09,25,2005,25.0
09,26,2005,26.0
09,27,2005,25.0
09,28,2005,24.5
09,29,2005,24.0
09,30,2005,24.75
10,01,2005,19.0
10,02,2005,22.5
10,03,2005,23.5
10,04,2005,23.0
10,05,2005,24.0
10,06,2005,19.5
10,07,2005,17.0
10,08,2005,17.0
10,09,2005,19.0
10,10,2005,21.0
10,11,2005,19.5
10,12,2005,22.5
10,13,2005,20.0
10,14,2005,20.5
10,15,2005,20.0
10,16,2005,20.0
10,17,2005,20.5
10,18,2005,20.5
10,19,2005,21.5
10,20,2005,21.5
10,21,2005,24.0
10,22,2005,22.5
10,23,2005,16.5
10,24,2005,15.0
10,25,2005,14.0
10,26,2005,16.0
10,27,2005,17.0
10,28,2005,18.5
10,29,2005,19.0
10,30,2005,18.5
10,31,2005,16.5
11,01,2005,16.5
11,02,2005,14.0
11,03,2005,16.5
11,04,2005,16.0
11,05,2005,16.5
11,06,2005,16.5
11,07,2005,18.0
11,08,2005,17.5
11,09,2005,21.5
11,10,2005,22.0
11,11,2005,19.0
11,12,2005,22.0
11,13,2005,19.5
11,14,2005,17.5
11,15,2005,19.0
11,16,2005,13.0
11,17,2005,10.0
11,18,2005,12.0
11,19,2005,16.0
11,20,2005,14.5
11,21,2005,16.0
11,22,2005,14.0
11,23,2005,14.0
11,24,2005,14.5
11,25,2005,15.0
11,26,2005,17.5
11,27,2005,14.5
11,28,2005,13.0
11,29,2005,11.0
11,30,2005,12.0
12,01,2005,13.5
12,02,2005,16.5
12,03,2005,16.5
12,04,2005,12.5
12,05,2005,10.5
12,06,2005,10.5
12,07,2005,9.5
12,08,2005,3.0
12,09,2005,8.5
12,10,2005,8.5
12,11,2005,10.0
12,12,2005,12.5
12,13,2005,14.5
12,14,2005,10.0
12,15,2005,9.0
12,16,2005,9.5
12,17,2005,10.0
12,18,2005,8.5
12,19,2005,7.0
12,20,2005,11.5
12,21,2005,12.0
12,22,2005,10.5
12,23,2005,12.5
12,24,2005,14.5
12,25,2005,15.5
12,26,2005,19.5
12,27,2005,16.0
12,28,2005,15.0
12,29,2005,13.0
12,30,2005,19.0
12,31,2005,15.0
01,01,2006,18.0
01,02,2006,16.0
01,03,2006,17.0
01,04,2006,15.0
01,05,2006,14.5
01,06,2006,11.5
01,07,2006,11.5
01,08,2006,13.0
01,09,2006,14.0
01,10,2006,13.0
01,11,2006,14.0
01,12,2006,15.5
01,13,2006,13.5
01,14,2006,15.5
01,15,2006,15.5
01,16,2006,17.5
01,17,2006,13.0
01,18,2006,8.5
01,19,2006,12.0
01,20,2006,10.5
01,21,2006,15.0
01,22,2006,12.0
01,23,2006,10.0
01,24,2006,10.5
01,25,2006,13.0
01,26,2006,8.0
01,27,2006,14.0
01,28,2006,13.0
01,29,2006,14.0
01,30,2006,15.5
01,31,2006,14.0
02,01,2006,19.0
02,02,2006,16.5
02,03,2006,18.0
02,04,2006,15.0
02,05,2006,13.5
02,06,2006,13.5
02,07,2006,11.0
02,08,2006,10.5
02,09,2006,14.0
02,10,2006,13.5
02,11,2006,10.5
02,12,2006,9.5
02,13,2006,8.5
02,14,2006,13.5
02,15,2006,16.0
02,16,2006,18.0
02,17,2006,5.0
02,18,2006,5.5
02,19,2006,8.0
02,20,2006,12.5
02,21,2006,10.0
02,22,2006,14.0
02,23,2006,13.5
02,24,2006,13.5
02,25,2006,18.5
02,26,2006,17.5
02,27,2006,14.5
02,28,2006,10.5
03,01,2006,19.0
03,02,2006,14.0
03,03,2006,16.5
03,04,2006,24.0
03,05,2006,16.0
03,06,2006,17.0
03,07,2006,21.5
03,08,2006,21.0
03,09,2006,21.0
03,10,2006,21.5
03,11,2006,20.0
03,12,2006,21.5
03,13,2006,19.5
03,14,2006,15.0
03,15,2006,14.0
03,16,2006,20.5
03,17,2006,17.5
03,18,2006,23.0
03,19,2006,26.0
03,20,2006,24.5
03,21,2006,17.5
03,22,2006,12.0
03,23,2006,10.0
03,24,2006,18.0
03,25,2006,19.0
03,26,2006,16.0
03,27,2006,16.0
03,28,2006,15.5
03,29,2006,20.5
03,30,2006,24.5
03,31,2006,23.0
04,01,2006,24.0
04,02,2006,24.5
04,03,2006,24.5
04,04,2006,24.0
04,05,2006,21.0
04,06,2006,22.5
04,07,2006,20.5
04,08,2006,20.5
04,09,2006,20.0
04,10,2006,24.0
04,11,2006,21.5
04,12,2006,22.5
04,13,2006,23.0
04,14,2006,24.0
04,15,2006,25.0
04,16,2006,24.0
04,17,2006,26.0
04,18,2006,27.5
04,19,2006,25.5
04,20,2006,24.5
04,21,2006,26.5
04,22,2006,25.5
04,23,2006,24.5
04,24,2006,22.5
04,25,2006,26.0
04,26,2006,19.5
04,27,2006,21.5
04,28,2006,23.0
04,29,2006,18.5
04,30,2006,19.5
05,01,2006,25.0
05,02,2006,19.0
05,03,2006,23.0
05,04,2006,23.5
05,05,2006,25.0
05,06,2006,25.0
05,07,2006,23.0
05,08,2006,24.5
05,09,2006,24.5
05,10,2006,17.5
05,11,2006,16.0
05,12,2006,23.0
05,13,2006,22.5
05,14,2006,19.0
05,15,2006,15.5
05,16,2006,21.0
05,17,2006,24.0
05,18,2006,21.5
05,19,2006,23.0
05,20,2006,26.5
05,21,2006,22.5
05,22,2006,22.5
05,23,2006,23.5
05,24,2006,24.0
05,25,2006,25.5
05,26,2006,24.5
05,27,2006,21.0
05,28,2006,21.5
05,29,2006,25.0
05,30,2006,25.5
05,31,2006,25.0
06,01,2006,23.5
06,02,2006,25.0
06,03,2006,20.5
06,04,2006,22.0
06,05,2006,25.5
06,06,2006,26.5
06,07,2006,26.5
06,08,2006,25.0
06,09,2006,25.5
06,10,2006,27.5
06,11,2006,23.0
06,12,2006,23.0
06,13,2006,26.5
06,14,2006,23.5
06,15,2006,25.5
06,16,2006,26.0
06,17,2006,23.0
06,18,2006,25.0
06,19,2006,27.0
06,20,2006,27.5
06,21,2006,28.0
06,22,2006,28.0
06,23,2006,25.5
06,24,2006,26.5
06,25,2006,27.0
06,26,2006,22.5
06,27,2006,27.0
06,28,2006,27.5
06,29,2006,29.0
06,30,2006,28.5
07,01,2006,26.5
07,02,2006,28.0
07,03,2006,26.5
07,04,2006,26.0
07,05,2006,26.0
07,06,2006,24.5
07,07,2006,23.5
07,08,2006,27.0
07,09,2006,25.0
07,10,2006,26.0
07,11,2006,27.0
07,12,2006,29.0
07,13,2006,26.0
07,14,2006,25.0
07,15,2006,25.0
07,16,2006,25.5
07,17,2006,28.5
07,18,2006,24.5
07,19,2006,24.0
07,20,2006,26.0
07,21,2006,24.5
07,22,2006,24.0
07,23,2006,26.0
07,24,2006,27.0
07,25,2006,25.5
07,26,2006,26.0
07,27,2006,20.0
07,28,2006,22.0
07,29,2006,27.0
07,30,2006,26.0
07,31,2006,26.5
08,01,2006,26.0
08,02,2006,27.5
08,03,2006,26.0
08,04,2006,26.0
08,05,2006,20.5
08,06,2006,22.5
08,07,2006,24.5
08,08,2006,24.0
08,09,2006,24.5
08,10,2006,25.0
08,11,2006,24.5
08,12,2006,24.5
08,13,2006,23.5
08,14,2006,25.0
08,15,2006,23.5
08,16,2006,25.5
08,17,2006,27.5
08,18,2006,27.0
08,19,2006,24.5
08,20,2006,27.0
08,21,2006,28.0
08,22,2006,27.0
08,23,2006,26.5
08,24,2006,26.0
08,25,2006,26.0
08,26,2006,28.5
08,27,2006,25.5
08,28,2006,26.5
08,29,2006,26.0
08,30,2006,27.0
08,31,2006,26.0
09,01,2006,26.5
09,02,2006,27.0
09,03,2006,24.5
09,04,2006,28.0
09,05,2006,22.5
09,06,2006,23.5
09,07,2006,28.0
09,08,2006,25.5
09,09,2006,23.5
09,10,2006,23.0
09,11,2006,24.5
09,12,2006,25.0
09,13,2006,25.5
09,14,2006,24.0
09,15,2006,25.0
09,16,2006,25.0
09,17,2006,22.0
09,18,2006,25.0
09,19,2006,19.0
09,20,2006,21.0
09,21,2006,24.0
09,22,2006,26.5
09,23,2006,20.5
09,24,2006,22.0
09,25,2006,25.0
09,26,2006,25.0
09,27,2006,21.5
09,28,2006,25.0
09,29,2006,26.0
09,30,2006,25.0
10,01,2006,26.0
10,02,2006,25.5
10,03,2006,23.0
10,04,2006,27.5
10,05,2006,22.5
10,06,2006,21.0
10,07,2006,25.0
10,08,2006,26.0
10,09,2006,24.0
10,10,2006,25.0
10,11,2006,27.5
10,12,2006,24.0
10,13,2006,20.0
10,14,2006,20.5
10,15,2006,25.0
10,16,2006,20.0
10,17,2006,25.0
10,18,2006,23.0
10,19,2006,21.5
10,20,2006,21.0
10,21,2006,24.0
10,22,2006,21.5
10,23,2006,19.5
10,24,2006,22.0
10,25,2006,18.5
10,26,2006,23.0
10,27,2006,18.5
10,28,2006,18.5
10,29,2006,14.0
10,30,2006,16.0
10,31,2006,18.5
11,01,2006,null
11,02,2006,null
11,03,2006,null
11,04,2006,null
11,05,2006,null
11,06,2006,null
11,07,2006,null
11,08,2006,null
11,09,2006,null
11,10,2006,null
11,11,2006,null
11,12,2006,null
11,13,2006,null
11,14,2006,null
11,15,2006,null
11,16,2006,null
11,17,2006,null
11,18,2006,null
11,19,2006,null
11,20,2006,null
11,21,2006,null
11,22,2006,null
11,23,2006,null
11,24,2006,null
11,25,2006,null
11,26,2006,null
11,27,2006,null
11,28,2006,null
11,29,2006,null
11,30,2006,null
12,01,2006,null
12,02,2006,null
12,03,2006,null
12,04,2006,null
12,05,2006,null
12,06,2006,null
12,07,2006,null
12,08,2006,null
12,09,2006,null
12,10,2006,null
12,11,2006,null
12,12,2006,null
12,13,2006,null
12,14,2006,null
12,15,2006,null
12,16,2006,null
12,17,2006,null
12,18,2006,null
12,19,2006,null
12,20,2006,null
12,21,2006,null
12,22,2006,null
12,23,2006,null
12,24,2006,null
12,25,2006,null
12,26,2006,null
12,27,2006,null
12,28,2006,null
12,29,2006,null
12,30,2006,null
12,31,2006,null
01,01,2007,null
01,02,2007,null
01,03,2007,null
01,04,2007,null
01,05,2007,null
01,06,2007,null
01,07,2007,null
01,08,2007,null
01,09,2007,null
01,10,2007,null
01,11,2007,null
01,12,2007,null
01,13,2007,null
01,14,2007,null
01,15,2007,null
01,16,2007,null
01,17,2007,null
01,18,2007,null
01,19,2007,null
01,20,2007,null
01,21,2007,null
01,22,2007,null
01,23,2007,null
01,24,2007,null
01,25,2007,null
01,26,2007,null
01,27,2007,null
01,28,2007,null
01,29,2007,null
01,30,2007,null
01,31,2007,null
02,01,2007,null
02,02,2007,null
02,03,2007,null
02,04,2007,null
02,05,2007,null
02,06,2007,null
02,07,2007,null
02,08,2007,null
02,09,2007,null
02,10,2007,null
02,11,2007,null
02,12,2007,null
02,13,2007,null
02,14,2007,null
02,15,2007,null
02,16,2007,null
02,17,2007,null
02,18,2007,null
02,19,2007,null
02,20,2007,null
02,21,2007,null
02,22,2007,null
02,23,2007,null
02,24,2007,null
02,25,2007,null
02,26,2007,null
02,27,2007,null
02,28,2007,null
03,01,2007,null
03,02,2007,null
03,03,2007,null
03,04,2007,null
03,05,2007,null
03,06,2007,null
03,07,2007,null
03,08,2007,null
03,09,2007,null
03,10,2007,null
03,11,2007,null
03,12,2007,null
03,13,2007,null
03,14,2007,null
03,15,2007,null
03,16,2007,null
03,17,2007,null
03,18,2007,null
03,19,2007,null
03,20,2007,null
03,21,2007,null
03,22,2007,null
03,23,2007,null
03,24,2007,null
03,25,2007,null
03,26,2007,null
03,27,2007,null
03,28,2007,null
03,29,2007,null
03,30,2007,null
03,31,2007,null
04,01,2007,null
04,02,2007,null
04,03,2007,null
04,04,2007,null
04,05,2007,null
04,06,2007,null
04,07,2007,null
04,08,2007,null
04,09,2007,null
04,10,2007,null
04,11,2007,null
04,12,2007,null
04,13,2007,null
04,14,2007,null
04,15,2007,null
04,16,2007,null
04,17,2007,null
04,18,2007,null
04,19,2007,null
04,20,2007,null
04,21,2007,null
04,22,2007,null
04,23,2007,null
04,24,2007,null
04,25,2007,null
04,26,2007,null
04,27,2007,null
04,28,2007,null
04,29,2007,null
04,30,2007,null
05,01,2007,null
05,02,2007,null
05,03,2007,null
05,04,2007,null
05,05,2007,null
05,06,2007,null
05,07,2007,null
05,08,2007,null
05,09,2007,null
05,10,2007,null
05,11,2007,null
05,12,2007,null
05,13,2007,null
05,14,2007,null
05,15,2007,null
05,16,2007,null
05,17,2007,null
05,18,2007,null
05,19,2007,null
05,20,2007,null
05,21,2007,null
05,22,2007,null
05,23,2007,null
05,24,2007,null
05,25,2007,null
05,26,2007,null
05,27,2007,null
05,28,2007,null
05,29,2007,null
05,30,2007,null
05,31,2007,null
06,01,2007,null
06,02,2007,null
06,03,2007,null
06,04,2007,null
06,05,2007,null
06,06,2007,null
06,07,2007,null
06,08,2007,null
06,09,2007,null
06,10,2007,null
06,11,2007,null
06,12,2007,null
06,13,2007,null
06,14,2007,null
06,15,2007,null
06,16,2007,null
06,17,2007,null
06,18,2007,null
06,19,2007,null
06,20,2007,null
06,21,2007,null
06,22,2007,null
06,23,2007,null
06,24,2007,null
06,25,2007,null
06,26,2007,null
06,27,2007,null
06,28,2007,null
06,29,2007,null
06,30,2007,null
07,01,2007,null
07,02,2007,null
07,03,2007,null
07,04,2007,null
07,05,2007,null
07,06,2007,null
07,07,2007,null
07,08,2007,null
07,09,2007,null
07,10,2007,null
07,11,2007,null
07,12,2007,null
07,13,2007,null
07,14,2007,null
07,15,2007,null
07,16,2007,null
07,17,2007,null
07,18,2007,null
07,19,2007,null
07,20,2007,null
07,21,2007,null
07,22,2007,null
07,23,2007,null
07,24,2007,null
07,25,2007,null
07,26,2007,null
07,27,2007,null
07,28,2007,null
07,29,2007,null
07,30,2007,null
07,31,2007,null
08,01,2007,null
08,02,2007,null
08,03,2007,null
08,04,2007,null
08,05,2007,null
08,06,2007,null
08,07,2007,null
08,08,2007,null
08,09,2007,null
08,10,2007,null
08,11,2007,null
08,12,2007,null
08,13,2007,null
08,14,2007,null
08,15,2007,null
08,16,2007,null
08,17,2007,null
08,18,2007,null
08,19,2007,null
08,20,2007,null
08,21,2007,null
08,22,2007,null
08,23,2007,null
08,24,2007,null
08,25,2007,null
08,26,2007,null
08,27,2007,null
08,28,2007,null
08,29,2007,null
08,30,2007,null
08,31,2007,null
09,01,2007,null
09,02,2007,null
09,03,2007,null
09,04,2007,null
09,05,2007,null
09,06,2007,null
09,07,2007,null
09,08,2007,null
09,09,2007,null
09,10,2007,null
09,11,2007,null
09,12,2007,null
09,13,2007,null
09,14,2007,null
09,15,2007,null
09,16,2007,null
09,17,2007,null
09,18,2007,null
09,19,2007,null
09,20,2007,null
09,21,2007,null
09,22,2007,null
09,23,2007,null
09,24,2007,null
09,25,2007,null
09,26,2007,null
09,27,2007,null
09,28,2007,null
09,29,2007,null
09,30,2007,null
10,01,2007,null
10,02,2007,null
10,03,2007,null
10,04,2007,null
10,05,2007,null
10,06,2007,null
10,07,2007,null
10,08,2007,null
10,09,2007,null
10,10,2007,null
10,11,2007,null
10,12,2007,null
10,13,2007,null
10,14,2007,null
10,15,2007,null
10,16,2007,null
10,17,2007,null
10,18,2007,null
10,19,2007,null
10,20,2007,null
10,21,2007,null
10,22,2007,null
10,23,2007,null
10,24,2007,null
10,25,2007,null
10,26,2007,null
10,27,2007,null
10,28,2007,null
10,29,2007,null
10,30,2007,null
10,31,2007,null
11,01,2007,null
11,02,2007,null
11,03,2007,null
11,04,2007,null
11,05,2007,null
11,06,2007,null
11,07,2007,null
11,08,2007,null
11,09,2007,null
11,10,2007,null
11,11,2007,null
11,12,2007,null
11,13,2007,null
11,14,2007,null
11,15,2007,null
11,16,2007,null
11,17,2007,null
11,18,2007,null
11,19,2007,null
11,20,2007,null
11,21,2007,null
11,22,2007,null
11,23,2007,null
11,24,2007,null
11,25,2007,null
11,26,2007,null
11,27,2007,null
11,28,2007,null
11,29,2007,null
11,30,2007,null
12,01,2007,null
12,02,2007,null
12,03,2007,null
12,04,2007,null
12,05,2007,null
12,06,2007,null
12,07,2007,null
12,08,2007,null
12,09,2007,null
12,10,2007,null
12,11,2007,null
12,12,2007,null
12,13,2007,null
12,14,2007,null
12,15,2007,null
12,16,2007,null
12,17,2007,null
12,18,2007,null
12,19,2007,null
12,20,2007,null
12,21,2007,null
12,22,2007,null
12,23,2007,null
12,24,2007,null
12,25,2007,null
12,26,2007,null
12,27,2007,null
12,28,2007,null
12,29,2007,null
12,30,2007,null
12,31,2007,null
01,01,2008,9.5
01,02,2008,7.0
01,03,2008,6.5
01,04,2008,13.0
01,05,2008,14.0
01,06,2008,15.5
01,07,2008,16.0
01,08,2008,15.0
01,09,2008,12.0
01,10,2008,15.0
01,11,2008,14.0
01,12,2008,12.0
01,13,2008,9.0
01,14,2008,8.5
01,15,2008,11.5
01,16,2008,9.5
01,17,2008,9.5
01,18,2008,8.5
01,19,2008,10.5
01,20,2008,12.5
01,21,2008,12.5
01,22,2008,11.5
01,23,2008,11.0
01,24,2008,11.5
01,25,2008,12.5
01,26,2008,13.0
01,27,2008,11.5
01,28,2008,17.5
01,29,2008,16.0
01,30,2008,17.0
01,31,2008,14.5
02,01,2008,14.0
02,02,2008,14.5
02,03,2008,17.5
02,04,2008,20.5
02,05,2008,14.5
02,06,2008,15.0
02,07,2008,15.5
02,08,2008,17.5
02,09,2008,16.5
02,10,2008,15.0
02,11,2008,18.5
02,12,2008,19.5
02,13,2008,18.0
02,14,2008,18.0
02,15,2008,18.0
02,16,2008,18.5
02,17,2008,15.5
02,18,2008,14.5
02,19,2008,17.0
02,20,2008,21.5
02,21,2008,21.5
02,22,2008,20.5
02,23,2008,21.0
02,24,2008,20.5
02,25,2008,15.5
02,26,2008,16.0
02,27,2008,16.5
02,28,2008,19.5
02,29,2008,15.5
03,01,2008,20.0
03,02,2008,22.5
03,03,2008,18.5
03,04,2008,17.5
03,05,2008,16.5
03,06,2008,19.0
03,07,2008,13.0
03,08,2008,12.5
03,09,2008,16.0
03,10,2008,17.0
03,11,2008,15.5
03,12,2008,19.0
03,13,2008,22.0
03,14,2008,25.5
03,15,2008,24.5
03,16,2008,25.5
03,17,2008,24.5
03,18,2008,22.0
03,19,2008,17.5
03,20,2008,17.0
03,21,2008,20.0
03,22,2008,20.5
03,23,2008,14.5
03,24,2008,16.0
03,25,2008,19.0
03,26,2008,22.0
03,27,2008,24.0
03,28,2008,24.0
03,29,2008,24.0
03,30,2008,24.0
03,31,2008,25.0
04,01,2008,24.5
04,02,2008,25.0
04,03,2008,26.0
04,04,2008,24.5
04,05,2008,21.5
04,06,2008,22.0
04,07,2008,23.0
04,08,2008,24.5
04,09,2008,28.5
04,10,2008,29.0
04,11,2008,26.0
04,12,2008,24.0
04,13,2008,23.0
04,14,2008,22.0
04,15,2008,22.5
04,16,2008,22.5
04,17,2008,23.0
04,18,2008,23.5
04,19,2008,20.0
04,20,2008,23.5
04,21,2008,26.0
04,22,2008,25.5
04,23,2008,26.0
04,24,2008,26.5
04,25,2008,25.0
04,26,2008,22.0
04,27,2008,20.0
04,28,2008,17.5
04,29,2008,21.5
04,30,2008,20.5
05,01,2008,24.5
05,02,2008,25.5
05,03,2008,22.5
05,04,2008,23.0
05,05,2008,26.0
05,06,2008,26.0
05,07,2008,28.5
05,08,2008,29.0
05,09,2008,27.0
05,10,2008,29.5
05,11,2008,27.0
05,12,2008,27.5
05,13,2008,29.0
05,14,2008,29.0
05,15,2008,23.0
05,16,2008,20.5
05,17,2008,23.0
05,18,2008,24.0
05,19,2008,24.0
05,20,2008,26.5
05,21,2008,26.5
05,22,2008,28.0
05,23,2008,28.5
05,24,2008,28.0
05,25,2008,27.5
05,26,2008,27.0
05,27,2008,28.0
05,28,2008,27.0
05,29,2008,27.5
05,30,2008,26.5
05,31,2008,28.0
06,01,2008,27.0
06,02,2008,28.0
06,03,2008,28.0
06,04,2008,28.5
06,05,2008,28.5
06,06,2008,27.5
06,07,2008,26.0
06,08,2008,27.0
06,09,2008,26.0
06,10,2008,27.5
06,11,2008,26.5
06,12,2008,26.5
06,13,2008,28.0
06,14,2008,27.0
06,15,2008,26.5
06,16,2008,27.0
06,17,2008,28.5
06,18,2008,28.5
06,19,2008,29.5
06,20,2008,29.5
06,21,2008,27.0
06,22,2008,26.5
06,23,2008,27.5
06,24,2008,27.5
06,25,2008,27.5
06,26,2008,27.0
06,27,2008,28.0
06,28,2008,28.0
06,29,2008,27.5
06,30,2008,28.0
07,01,2008,26.5
07,02,2008,26.5
07,03,2008,26.5
07,04,2008,22.5
07,05,2008,22.5
07,06,2008,23.0
07,07,2008,22.5
07,08,2008,22.5
07,09,2008,25.0
07,10,2008,26.0
07,11,2008,26.5
07,12,2008,26.0
07,13,2008,26.0
07,14,2008,25.5
07,15,2008,27.0
07,16,2008,27.0
07,17,2008,25.5
07,18,2008,25.5
07,19,2008,25.0
07,20,2008,26.0
07,21,2008,26.5
07,22,2008,26.0
07,23,2008,26.0
07,24,2008,25.5
07,25,2008,26.5
07,26,2008,26.0
07,27,2008,26.0
07,28,2008,26.5
07,29,2008,27.5
07,30,2008,26.5
07,31,2008,27.5
08,01,2008,28.5
08,02,2008,27.0
08,03,2008,26.5
08,04,2008,27.0
08,05,2008,27.0
08,06,2008,27.5
08,07,2008,28.0
08,08,2008,27.0
08,09,2008,28.0
08,10,2008,28.0
08,11,2008,28.5
08,12,2008,29.0
08,13,2008,28.5
08,14,2008,27.0
08,15,2008,27.5
08,16,2008,27.5
08,17,2008,26.0
08,18,2008,25.0
08,19,2008,25.5
08,20,2008,24.5
08,21,2008,24.5
08,22,2008,25.5
08,23,2008,25.5
08,24,2008,25.5
08,25,2008,25.5
08,26,2008,26.0
08,27,2008,26.0
08,28,2008,25.5
08,29,2008,25.5
08,30,2008,23.5
08,31,2008,24.0
09,01,2008,25.5
09,02,2008,27.5
09,03,2008,27.5
09,04,2008,26.0
09,05,2008,24.5
09,06,2008,24.5
09,07,2008,24.5
09,08,2008,24.5
09,09,2008,24.5
09,10,2008,24.5
09,11,2008,25.5
09,12,2008,26.5
09,13,2008,25.5
09,14,2008,24.0
09,15,2008,20.0
09,16,2008,20.0
09,17,2008,20.5
09,18,2008,21.0
09,19,2008,21.5
09,20,2008,22.5
09,21,2008,23.5
09,22,2008,24.0
09,23,2008,24.0
09,24,2008,23.0
09,25,2008,22.0
09,26,2008,21.5
09,27,2008,19.0
09,28,2008,19.5
09,29,2008,20.0
09,30,2008,19.5
10,01,2008,21.5
10,02,2008,21.5
10,03,2008,21.0
10,04,2008,21.0
10,05,2008,21.0
10,06,2008,22.0
10,07,2008,21.0
10,08,2008,20.5
10,09,2008,20.5
10,10,2008,20.5
10,11,2008,22.0
10,12,2008,22.5
10,13,2008,25.5
10,14,2008,25.5
10,15,2008,23.5
10,16,2008,23.0
10,17,2008,23.0
10,18,2008,22.0
10,19,2008,19.5
10,20,2008,19.0
10,21,2008,19.5
10,22,2008,20.0
10,23,2008,17.5
10,24,2008,18.0
10,25,2008,19.5
10,26,2008,21.0
10,27,2008,17.5
10,28,2008,15.0
10,29,2008,15.5
10,30,2008,17.0
10,31,2008,18.0
11,01,2008,19.5
11,02,2008,19.5
11,03,2008,19.5
11,04,2008,19.5
11,05,2008,19.5
11,06,2008,19.5
11,07,2008,18.5
11,08,2008,18.0
11,09,2008,16.5
11,10,2008,21.0
11,11,2008,21.5
11,12,2008,19.5
11,13,2008,19.0
11,14,2008,21.0
11,15,2008,14.5
11,16,2008,12.5
11,17,2008,12.0
11,18,2008,12.5
11,19,2008,14.5
11,20,2008,15.0
11,21,2008,8.5
11,22,2008,11.5
11,23,2008,15.0
11,24,2008,17.0
11,25,2008,15.5
11,26,2008,17.0
11,27,2008,18.0
11,28,2008,19.0
11,29,2008,18.0
11,30,2008,14.5
12,01,2008,12.0
12,02,2008,12.0
12,03,2008,14.5
12,04,2008,10.5
12,05,2008,10.0
12,06,2008,13.5
12,07,2008,14.0
12,08,2008,15.0
12,09,2008,17.5
12,10,2008,9.0
12,11,2008,9.5
12,12,2008,11.0
12,13,2008,12.5
12,14,2008,17.0
12,15,2008,15.5
12,16,2008,7.0
12,17,2008,15.5
12,18,2008,16.0
12,19,2008,18.0
12,20,2008,20.0
12,21,2008,15.5
12,22,2008,3.5
12,23,2008,12.0
12,24,2008,14.5
12,25,2008,16.5
12,26,2008,17.5
12,27,2008,21.0
12,28,2008,14.0
12,29,2008,11.0
12,30,2008,13.5
12,31,2008,14.5
01,01,2009,16.0
01,02,2009,17.5
01,03,2009,18.0
01,04,2009,19.5
01,05,2009,10.5
01,06,2009,14.5
01,07,2009,14.5
01,08,2009,15.5
01,09,2009,16.5
01,10,2009,14.5
01,11,2009,12.5
01,12,2009,10.0
01,13,2009,8.5
01,14,2009,9.0
01,15,2009,10.0
01,16,2009,12.5
01,17,2009,12.0
01,18,2009,15.5
01,19,2009,17.0
01,20,2009,16.0
01,21,2009,13.0
01,22,2009,14.5
01,23,2009,16.5
01,24,2009,18.0
01,25,2009,14.0
01,26,2009,16.5
01,27,2009,21.0
01,28,2009,13.5
01,29,2009,9.0
01,30,2009,11.0
01,31,2009,12.5
02,01,2009,15.5
02,02,2009,12.5
02,03,2009,10.5
02,04,2009,12.0
02,05,2009,13.0
02,06,2009,15.5
02,07,2009,16.0
02,08,2009,17.5
02,09,2009,17.0
02,10,2009,17.5
02,11,2009,15.5
02,12,2009,16.0
02,13,2009,17.0
02,14,2009,19.5
02,15,2009,16.0
02,16,2009,17.5
02,17,2009,17.5
02,18,2009,15.5
02,19,2009,17.0
02,20,2009,15.5
02,21,2009,14.0
02,22,2009,12.0
02,23,2009,13.0
02,24,2009,17.0
02,25,2009,24.0
02,26,2009,24.5
02,27,2009,25.5
02,28,2009,19.0
03,01,2009,13.0
03,02,2009,13.0
03,03,2009,15.0
03,04,2009,15.0
03,05,2009,19.0
03,06,2009,20.0
03,07,2009,22.0
03,08,2009,22.0
03,09,2009,22.0
03,10,2009,23.5
03,11,2009,19.0
03,12,2009,8.5
03,13,2009,8.5
03,14,2009,10.0
03,15,2009,10.5
03,16,2009,17.0
03,17,2009,15.5
03,18,2009,20.0
03,19,2009,21.0
03,20,2009,19.0
03,21,2009,20.0
03,22,2009,20.0
03,23,2009,18.0
03,24,2009,24.5
03,25,2009,24.5
03,26,2009,25.5
03,27,2009,27.0
03,28,2009,21.5
03,29,2009,23.0
03,30,2009,21.0
03,31,2009,20.5
04,01,2009,23.0
04,02,2009,24.0
04,03,2009,22.5
04,04,2009,23.5
04,05,2009,23.5
04,06,2009,15.0
04,07,2009,16.5
04,08,2009,22.5
04,09,2009,25.5
04,10,2009,24.0
04,11,2009,22.0
04,12,2009,24.5
04,13,2009,25.0
04,14,2009,23.0
04,15,2009,23.5
04,16,2009,25.0
04,17,2009,26.0
04,18,2009,21.0
04,19,2009,21.0
04,20,2009,22.0
04,21,2009,21.5
04,22,2009,22.0
04,23,2009,23.0
04,24,2009,23.5
04,25,2009,24.0
04,26,2009,26.0
04,27,2009,28.0
04,28,2009,28.0
04,29,2009,27.5
04,30,2009,26.5
05,01,2009,27.5
05,02,2009,28.0
05,03,2009,28.5
05,04,2009,25.5
05,05,2009,28.0
05,06,2009,29.0
05,07,2009,29.5
05,08,2009,30.5
05,09,2009,30.0
05,10,2009,29.5
05,11,2009,28.5
05,12,2009,26.5
05,13,2009,28.0
05,14,2009,26.5
05,15,2009,25.5
05,16,2009,26.0
05,17,2009,20.0
05,18,2009,23.5
05,19,2009,21.5
05,20,2009,20.0
05,21,2009,19.5
05,22,2009,21.5
05,23,2009,24.0
05,24,2009,24.5
05,25,2009,27.5
05,26,2009,21.0
05,27,2009,22.5
05,28,2009,25.0
05,29,2009,24.0
05,30,2009,24.0
05,31,2009,23.5
06,01,2009,22.5
06,02,2009,22.5
06,03,2009,24.5
06,04,2009,17.5
06,05,2009,23.0
06,06,2009,23.5
06,07,2009,26.0
06,08,2009,26.0
06,09,2009,27.5
06,10,2009,27.5
06,11,2009,27.5
06,12,2009,29.0
06,13,2009,27.5
06,14,2009,28.0
06,15,2009,28.0
06,16,2009,28.5
06,17,2009,28.0
06,18,2009,28.5
06,19,2009,28.5
06,20,2009,28.0
06,21,2009,29.0
06,22,2009,29.0
06,23,2009,27.0
06,24,2009,26.0
06,25,2009,28.0
06,26,2009,28.0
06,27,2009,28.0
06,28,2009,27.5
06,29,2009,26.0
06,30,2009,26.5
07,01,2009,27.0
07,02,2009,28.5
07,03,2009,30.0
07,04,2009,29.5
07,05,2009,30.5
07,06,2009,29.5
07,07,2009,29.5
07,08,2009,30.0
07,09,2009,29.0
07,10,2009,28.5
07,11,2009,29.0
07,12,2009,29.0
07,13,2009,28.5
07,14,2009,29.0
07,15,2009,29.0
07,16,2009,29.5
07,17,2009,29.5
07,18,2009,29.5
07,19,2009,29.0
07,20,2009,29.5
07,21,2009,30.0
07,22,2009,30.0
07,23,2009,29.0
07,24,2009,29.5
07,25,2009,28.5
07,26,2009,29.0
07,27,2009,29.0
07,28,2009,29.5
07,29,2009,30.0
07,30,2009,31.0
07,31,2009,29.5
08,01,2009,30.5
08,02,2009,29.5
08,03,2009,30.0
08,04,2009,30.5
08,05,2009,30.0
08,06,2009,29.5
08,07,2009,30.0
08,08,2009,29.5
08,09,2009,29.5
08,10,2009,30.0
08,11,2009,30.0
08,12,2009,27.0
08,13,2009,27.0
08,14,2009,28.0
08,15,2009,30.0
08,16,2009,29.5
08,17,2009,28.5
08,18,2009,26.0
08,19,2009,29.0
08,20,2009,30.0
08,21,2009,30.0
08,22,2009,30.0
08,23,2009,28.5
08,24,2009,28.5
08,25,2009,28.5
08,26,2009,28.5
08,27,2009,29.0
08,28,2009,29.0
08,29,2009,28.5
08,30,2009,25.5
08,31,2009,22.5
09,01,2009,24.0
09,02,2009,24.5
09,03,2009,25.0
09,04,2009,23.0
09,05,2009,24.0
09,06,2009,24.5
09,07,2009,24.0
09,08,2009,25.0
09,09,2009,25.0
09,10,2009,25.5
09,11,2009,24.5
09,12,2009,24.5
09,13,2009,24.5
09,14,2009,26.0
09,15,2009,27.0
09,16,2009,26.5
09,17,2009,24.0
09,18,2009,24.0
09,19,2009,24.5
09,20,2009,25.5
09,21,2009,26.0
09,22,2009,25.0
09,23,2009,18.0
09,24,2009,17.5
09,25,2009,19.5
09,26,2009,22.5
09,27,2009,24.0
09,28,2009,24.5
09,29,2009,25.0
09,30,2009,24.5
10,01,2009,25.0
10,02,2009,26.0
10,03,2009,25.5
10,04,2009,25.0
10,05,2009,27.0
10,06,2009,27.0
10,07,2009,26.5
10,08,2009,27.0
10,09,2009,23.5
10,10,2009,19.0
10,11,2009,23.5
10,12,2009,23.0
10,13,2009,21.5
10,14,2009,24.0
10,15,2009,25.5
10,16,2009,22.0
10,17,2009,20.0
10,18,2009,19.5
10,19,2009,18.0
10,20,2009,18.0
10,21,2009,21.0
10,22,2009,21.0
10,23,2009,18.0
10,24,2009,21.0
10,25,2009,20.5
10,26,2009,19.0
10,27,2009,17.5
10,28,2009,20.0
10,29,2009,20.5
10,30,2009,17.0
10,31,2009,18.5
11,01,2009,17.5
11,02,2009,17.0
11,03,2009,16.0
11,04,2009,17.0
11,05,2009,17.5
11,06,2009,17.5
11,07,2009,17.5
11,08,2009,17.5
11,09,2009,18.5
11,10,2009,18.5
11,11,2009,20.0
11,12,2009,18.0
11,13,2009,19.5
11,14,2009,18.5
11,15,2009,18.0
11,16,2009,19.0
11,17,2009,17.5
11,18,2009,15.5
11,19,2009,17.0
11,20,2009,18.0
11,21,2009,16.5
11,22,2009,18.0
11,23,2009,17.0
11,24,2009,16.5
11,25,2009,14.0
11,26,2009,14.0
11,27,2009,12.5
11,28,2009,17.0
11,29,2009,18.5
11,30,2009,19.5
12,01,2009,9.5
12,02,2009,13.0
12,03,2009,7.0
12,04,2009,4.5
12,05,2009,7.0
12,06,2009,13.5
12,07,2009,15.0
12,08,2009,19.5
12,09,2009,18.0
12,10,2009,9.5
12,11,2009,10.0
12,12,2009,12.0
12,13,2009,16.5
12,14,2009,17.0
12,15,2009,14.5
12,16,2009,9.5
12,17,2009,13.5
12,18,2009,16.0
12,19,2009,11.0
12,20,2009,12.0
12,21,2009,13.0
12,22,2009,13.5
12,23,2009,16.5
12,24,2009,15.0
12,25,2009,8.5
12,26,2009,8.0
12,27,2009,10.0
12,28,2009,7.0
12,29,2009,8.0
12,30,2009,13.0
12,31,2009,14.5
01,01,2010,9.5
01,02,2010,7.5
01,03,2010,6.5
01,04,2010,6.5
01,05,2010,6.0
01,06,2010,10.0
01,07,2010,10.0
01,08,2010,2.0
01,09,2010,6.0
01,10,2010,1.5
01,11,2010,6.0
01,12,2010,6.5
01,13,2010,10.5
01,14,2010,12.0
01,15,2010,14.5
01,16,2010,13.5
01,17,2010,15.0
01,18,2010,14.5
01,19,2010,16.0
01,20,2010,19.5
01,21,2010,20.0
01,22,2010,20.0
01,23,2010,17.5
01,24,2010,15.0
01,25,2010,13.5
01,26,2010,12.5
01,27,2010,14.0
01,28,2010,19.0
01,29,2010,14.0
01,30,2010,10.5
01,31,2010,8.5
02,01,2010,10.0
02,02,2010,9.5
02,03,2010,12.5
02,04,2010,14.0
02,05,2010,15.5
02,06,2010,15.5
02,07,2010,13.5
02,08,2010,8.5
02,09,2010,8.5
02,10,2010,6.5
02,11,2010,10.5
02,12,2010,11.0
02,13,2010,13.0
02,14,2010,13.0
02,15,2010,7.0
02,16,2010,9.5
02,17,2010,9.5
02,18,2010,7.5
02,19,2010,12.0
02,20,2010,13.5
02,21,2010,16.5
02,22,2010,17.0
02,23,2010,12.0
02,24,2010,9.0
02,25,2010,11.0
02,26,2010,11.5
02,27,2010,12.0
02,28,2010,13.5
03,01,2010,16.5
03,02,2010,10.5
03,03,2010,13.0
03,04,2010,14.0
03,05,2010,14.5
03,06,2010,17.5
03,07,2010,20.5
03,08,2010,21.5
03,09,2010,20.5
03,10,2010,22.5
03,11,2010,18.5
03,12,2010,15.5
03,13,2010,15.0
03,14,2010,15.0
03,15,2010,15.5
03,16,2010,11.5
03,17,2010,14.5
03,18,2010,16.5
03,19,2010,17.0
03,20,2010,16.0
03,21,2010,14.0
03,22,2010,16.0
03,23,2010,17.5
03,24,2010,19.0
03,25,2010,17.0
03,26,2010,20.0
03,27,2010,22.0
03,28,2010,16.5
03,29,2010,18.5
03,30,2010,17.5
03,31,2010,19.5
04,01,2010,25.0
04,02,2010,25.5
04,03,2010,23.0
04,04,2010,24.5
04,05,2010,25.0
04,06,2010,25.0
04,07,2010,25.0
04,08,2010,21.5
04,09,2010,18.0
04,10,2010,20.5
04,11,2010,19.5
04,12,2010,20.0
04,13,2010,20.0
04,14,2010,19.5
04,15,2010,20.0
04,16,2010,21.0
04,17,2010,21.0
04,18,2010,20.5
04,19,2010,18.5
04,20,2010,19.0
04,21,2010,20.0
04,22,2010,25.0
04,23,2010,23.0
04,24,2010,22.0
04,25,2010,21.5
04,26,2010,21.0
04,27,2010,19.5
04,28,2010,22.5
04,29,2010,24.0
04,30,2010,26.0
05,01,2010,23.5
05,02,2010,22.0
05,03,2010,21.5
05,04,2010,22.5
05,05,2010,24.5
05,06,2010,23.0
05,07,2010,23.5
05,08,2010,24.5
05,09,2010,28.5
05,10,2010,26.5
05,11,2010,26.0
05,12,2010,26.5
05,13,2010,27.0
05,14,2010,25.5
05,15,2010,26.0
05,16,2010,27.0
05,17,2010,25.5
05,18,2010,24.0
05,19,2010,21.0
05,20,2010,25.0
05,21,2010,25.5
05,22,2010,28.5
05,23,2010,28.5
05,24,2010,26.5
05,25,2010,26.5
05,26,2010,26.0
05,27,2010,21.0
05,28,2010,21.0
05,29,2010,25.0
05,30,2010,24.5
05,31,2010,24.5
06,01,2010,27.0
06,02,2010,27.5
06,03,2010,25.0
06,04,2010,26.5
06,05,2010,27.5
06,06,2010,28.5
06,07,2010,26.5
06,08,2010,26.5
06,09,2010,26.5
06,10,2010,27.0
06,11,2010,28.0
06,12,2010,28.0
06,13,2010,29.0
06,14,2010,29.0
06,15,2010,28.0
06,16,2010,26.5
06,17,2010,26.5
06,18,2010,27.0
06,19,2010,29.5
06,20,2010,28.0
06,21,2010,26.5
06,22,2010,27.5
06,23,2010,26.5
06,24,2010,27.5
06,25,2010,29.0
06,26,2010,29.5
06,27,2010,29.0
06,28,2010,28.0
06,29,2010,28.5
06,30,2010,22.5
07,01,2010,22.5
07,02,2010,25.5
07,03,2010,26.5
07,04,2010,26.5
07,05,2010,26.5
07,06,2010,25.0
07,07,2010,25.0
07,08,2010,26.0
07,09,2010,24.5
07,10,2010,25.5
07,11,2010,26.5
07,12,2010,28.0
07,13,2010,29.0
07,14,2010,27.5
07,15,2010,27.5
07,16,2010,27.5
07,17,2010,26.5
07,18,2010,27.5
07,19,2010,27.5
07,20,2010,28.0
07,21,2010,27.5
07,22,2010,27.0
07,23,2010,24.5
07,24,2010,25.5
07,25,2010,24.5
07,26,2010,24.0
07,27,2010,27.0
07,28,2010,24.5
07,29,2010,26.5
07,30,2010,25.0
07,31,2010,26.5
08,01,2010,25.5
08,02,2010,25.0
08,03,2010,27.0
08,04,2010,28.0
08,05,2010,27.0
08,06,2010,26.5
08,07,2010,27.0
08,08,2010,28.0
08,09,2010,28.5
08,10,2010,28.5
08,11,2010,28.0
08,12,2010,28.5
08,13,2010,27.0
08,14,2010,27.5
08,15,2010,28.0
08,16,2010,26.5
08,17,2010,27.0
08,18,2010,28.5
08,19,2010,28.0
08,20,2010,27.5
08,21,2010,28.5
08,22,2010,28.0
08,23,2010,29.5
08,24,2010,28.5
08,25,2010,26.0
08,26,2010,25.0
08,27,2010,26.0
08,28,2010,27.0
08,29,2010,27.5
08,30,2010,28.5
08,31,2010,28.0
09,01,2010,28.0
09,02,2010,28.5
09,03,2010,27.5
09,04,2010,25.0
09,05,2010,25.0
09,06,2010,26.0
09,07,2010,26.0
09,08,2010,27.0
09,09,2010,26.0
09,10,2010,27.5
09,11,2010,27.5
09,12,2010,28.0
09,13,2010,27.0
09,14,2010,27.0
09,15,2010,27.0
09,16,2010,26.0
09,17,2010,23.0
09,18,2010,22.5
09,19,2010,23.0
09,20,2010,25.0
09,21,2010,25.5
09,22,2010,25.0
09,23,2010,25.5
09,24,2010,24.0
09,25,2010,23.0
09,26,2010,23.5
09,27,2010,20.5
09,28,2010,22.5
09,29,2010,23.5
09,30,2010,25.0
10,01,2010,24.0
10,02,2010,21.0
10,03,2010,22.5
10,04,2010,22.0
10,05,2010,19.5
10,06,2010,20.0
10,07,2010,20.5
10,08,2010,19.0
10,09,2010,21.0
10,10,2010,22.5
10,11,2010,22.0
10,12,2010,21.0
10,13,2010,22.5
10,14,2010,17.5
10,15,2010,20.0
10,16,2010,20.0
10,17,2010,17.5
10,18,2010,20.0
10,19,2010,21.0
10,20,2010,20.0
10,21,2010,21.0
10,22,2010,23.0
10,23,2010,24.0
10,24,2010,21.0
10,25,2010,23.0
10,26,2010,22.0
10,27,2010,22.0
10,28,2010,18.0
10,29,2010,15.0
10,30,2010,17.0
10,31,2010,20.5
11,01,2010,22.5
11,02,2010,20.0
11,03,2010,18.0
11,04,2010,17.0
11,05,2010,12.5
11,06,2010,13.5
11,07,2010,15.5
11,08,2010,18.0
11,09,2010,12.5
11,10,2010,15.5
11,11,2010,14.0
11,12,2010,16.5
11,13,2010,14.5
11,14,2010,15.0
11,15,2010,17.5
11,16,2010,17.5
11,17,2010,17.0
11,18,2010,15.0
11,19,2010,13.5
11,20,2010,16.0
11,21,2010,21.0
11,22,2010,20.0
11,23,2010,19.0
11,24,2010,20.0
11,25,2010,22.5
11,26,2010,15.0
11,27,2010,11.0
11,28,2010,13.0
11,29,2010,18.0
11,30,2010,14.0
12,01,2010,9.5
12,02,2010,11.0
12,03,2010,15.0
12,04,2010,15.5
12,05,2010,14.0
12,06,2010,10.0
12,07,2010,14.5
12,08,2010,14.5
12,09,2010,12.0
12,10,2010,15.0
12,11,2010,18.0
12,12,2010,11.0
12,13,2010,10.0
12,14,2010,12.0
12,15,2010,16.0
12,16,2010,18.0
12,17,2010,13.5
12,18,2010,11.0
12,19,2010,14.5
12,20,2010,17.5
12,21,2010,18.5
12,22,2010,17.0
12,23,2010,17.0
12,24,2010,16.5
12,25,2010,13.5
12,26,2010,6.5
12,27,2010,9.0
12,28,2010,11.0
12,29,2010,17.5
12,30,2010,17.5
12,31,2010,17.5
01,01,2011,13.0
01,02,2011,11.0
01,03,2011,12.5
01,04,2011,16.5
01,05,2011,15.5
01,06,2011,18.0
01,07,2011,17.5
01,08,2011,17.0
01,09,2011,18.0
01,10,2011,14.0
01,11,2011,16.0
01,12,2011,7.0
01,13,2011,5.0
01,14,2011,7.0
01,15,2011,9.0
01,16,2011,14.5
01,17,2011,15.0
01,18,2011,17.5
01,19,2011,13.0
01,20,2011,15.5
01,21,2011,8.0
01,22,2011,11.5
01,23,2011,12.0
01,24,2011,10.0
01,25,2011,11.5
01,26,2011,11.0
01,27,2011,9.5
01,28,2011,14.5
01,29,2011,17.0
01,30,2011,17.5
01,31,2011,15.0
02,01,2011,16.0
02,02,2011,1.0
02,03,2011,1.0
02,04,2011,2.5
02,05,2011,7.0
02,06,2011,11.5
02,07,2011,10.0
02,08,2011,12.0
02,09,2011,9.5
02,10,2011,5.0
02,11,2011,5.0
02,12,2011,5.0
02,13,2011,12.0
02,14,2011,14.5
02,15,2011,19.0
02,16,2011,19.5
02,17,2011,20.5
02,18,2011,21.5
02,19,2011,20.5
02,20,2011,21.0
02,21,2011,23.0
02,22,2011,22.5
02,23,2011,22.5
02,24,2011,27.0
02,25,2011,23.0
02,26,2011,23.0
02,27,2011,25.5
02,28,2011,21.5
03,01,2011,16.0
03,02,2011,18.5
03,03,2011,19.0
03,04,2011,20.0
03,05,2011,17.0
03,06,2011,14.5
03,07,2011,19.0
03,08,2011,20.0
03,09,2011,18.5
03,10,2011,15.5
03,11,2011,18.0
03,12,2011,20.5
03,13,2011,20.5
03,14,2011,23.5
03,15,2011,24.0
03,16,2011,23.0
03,17,2011,23.0
03,18,2011,23.5
03,19,2011,22.0
03,20,2011,22.5
03,21,2011,24.0
03,22,2011,24.5
03,23,2011,22.5
03,24,2011,23.0
03,25,2011,24.0
03,26,2011,25.5
03,27,2011,25.5
03,28,2011,23.5
03,29,2011,25.0
03,30,2011,21.5
03,31,2011,23.5
04,01,2011,26.5
04,02,2011,26.5
04,03,2011,28.5
04,04,2011,29.5
04,05,2011,18.0
04,06,2011,21.5
04,07,2011,25.5
04,08,2011,29.5
04,09,2011,29.5
04,10,2011,29.5
04,11,2011,25.0
04,12,2011,23.0
04,13,2011,23.0
04,14,2011,26.0
04,15,2011,25.0
04,16,2011,22.5
04,17,2011,24.0
04,18,2011,26.0
04,19,2011,27.0
04,20,2011,28.5
04,21,2011,30.0
04,22,2011,28.0
04,23,2011,28.5
04,24,2011,29.5
04,25,2011,30.0
04,26,2011,31.0
04,27,2011,27.5
04,28,2011,24.0
04,29,2011,25.5
04,30,2011,29.5
05,01,2011,31.5
05,02,2011,19.5
05,03,2011,20.5
05,04,2011,19.5
05,05,2011,23.0
05,06,2011,26.0
05,07,2011,27.0
05,08,2011,29.5
05,09,2011,29.0
05,10,2011,29.0
05,11,2011,29.5
05,12,2011,28.5
05,13,2011,29.0
05,14,2011,24.0
05,15,2011,22.5
05,16,2011,20.0
05,17,2011,24.5
05,18,2011,23.0
05,19,2011,27.5
05,20,2011,29.5
05,21,2011,29.5
05,22,2011,30.5
05,23,2011,32.0
05,24,2011,30.5
05,25,2011,31.0
05,26,2011,31.0
05,27,2011,31.5
05,28,2011,30.5
05,29,2011,31.5
05,30,2011,31.0
05,31,2011,30.5
06,01,2011,29.5
06,02,2011,27.5
06,03,2011,28.5
06,04,2011,27.0
06,05,2011,27.0
06,06,2011,27.0
06,07,2011,26.5
06,08,2011,27.5
06,09,2011,28.5
06,10,2011,29.0
06,11,2011,29.5
06,12,2011,30.5
06,13,2011,30.0
06,14,2011,30.5
06,15,2011,32.0
06,16,2011,31.5
06,17,2011,31.5
06,18,2011,32.5
06,19,2011,32.0
06,20,2011,31.5
06,21,2011,32.5
06,22,2011,26.5
06,23,2011,25.5
06,24,2011,26.0
06,25,2011,28.5
06,26,2011,28.5
06,27,2011,29.0
06,28,2011,26.0
06,29,2011,27.5
06,30,2011,22.0
07,01,2011,25.0
07,02,2011,24.5
07,03,2011,26.0
07,04,2011,26.0
07,05,2011,24.5
07,06,2011,25.5
07,07,2011,26.5
07,08,2011,27.5
07,09,2011,27.5
07,10,2011,28.5
07,11,2011,28.5
07,12,2011,28.5
07,13,2011,27.0
07,14,2011,28.0
07,15,2011,27.5
07,16,2011,28.0
07,17,2011,29.5
07,18,2011,27.5
07,19,2011,28.5
07,20,2011,28.0
07,21,2011,27.5
07,22,2011,28.5
07,23,2011,29.0
07,24,2011,28.0
07,25,2011,26.5
07,26,2011,27.5
07,27,2011,27.5
07,28,2011,28.0
07,29,2011,28.0
07,30,2011,28.5
07,31,2011,28.5
08,01,2011,27.0
08,02,2011,28.0
08,03,2011,28.0
08,04,2011,28.5
08,05,2011,29.5
08,06,2011,28.5
08,07,2011,30.0
08,08,2011,30.0
08,09,2011,29.5
08,10,2011,30.0
08,11,2011,30.5
08,12,2011,30.5
08,13,2011,30.5
08,14,2011,29.5
08,15,2011,28.5
08,16,2011,28.5
08,17,2011,28.5
08,18,2011,27.5
08,19,2011,28.5
08,20,2011,28.0
08,21,2011,27.5
08,22,2011,27.5
08,23,2011,29.5
08,24,2011,30.0
08,25,2011,29.0
08,26,2011,27.5
08,27,2011,27.5
08,28,2011,29.5
08,29,2011,28.5
08,30,2011,28.5
08,31,2011,28.0
09,01,2011,29.5
09,02,2011,29.5
09,03,2011,29.0
09,04,2011,30.0
09,05,2011,28.0
09,06,2011,27.5
09,07,2011,23.0
09,08,2011,24.0
09,09,2011,25.5
09,10,2011,25.5
09,11,2011,27.5
09,12,2011,28.5
09,13,2011,27.5
09,14,2011,28.0
09,15,2011,29.5
09,16,2011,28.5
09,17,2011,28.5
09,18,2011,27.5
09,19,2011,26.5
09,20,2011,26.5
09,21,2011,27.0
09,22,2011,27.0
09,23,2011,26.0
09,24,2011,27.5
09,25,2011,27.0
09,26,2011,29.0
09,27,2011,27.5
09,28,2011,28.0
09,29,2011,27.0
09,30,2011,24.0
10,01,2011,25.5
10,02,2011,22.5
10,03,2011,20.5
10,04,2011,21.5
10,05,2011,22.5
10,06,2011,24.5
10,07,2011,29.0
10,08,2011,23.5
10,09,2011,25.5
10,10,2011,22.0
10,11,2011,21.0
10,12,2011,22.5
10,13,2011,25.0
10,14,2011,25.0
10,15,2011,22.5
10,16,2011,21.5
10,17,2011,19.5
10,18,2011,21.5
10,19,2011,20.5
10,20,2011,19.0
10,21,2011,20.0
10,22,2011,22.5
10,23,2011,22.0
10,24,2011,21.0
10,25,2011,21.5
10,26,2011,21.0
10,27,2011,20.0
10,28,2011,20.5
10,29,2011,15.0
10,30,2011,16.0
10,31,2011,18.0
11,01,2011,19.0
11,02,2011,20.0
11,03,2011,19.0
11,04,2011,14.5
11,05,2011,18.5
11,06,2011,21.5
11,07,2011,22.5
11,08,2011,25.5
11,09,2011,16.0
11,10,2011,14.0
11,11,2011,12.5
11,12,2011,16.5
11,13,2011,19.0
11,14,2011,20.5
11,15,2011,21.0
11,16,2011,21.0
11,17,2011,17.0
11,18,2011,17.0
11,19,2011,21.0
11,20,2011,21.0
11,21,2011,22.0
11,22,2011,20.5
11,23,2011,17.5
11,24,2011,16.0
11,25,2011,17.0
11,26,2011,18.0
11,27,2011,13.5
11,28,2011,11.5
11,29,2011,14.0
11,30,2011,15.0
12,01,2011,15.0
12,02,2011,17.0
12,03,2011,19.0
12,04,2011,19.5
12,05,2011,13.5
12,06,2011,6.5
12,07,2011,8.5
12,08,2011,9.5
12,09,2011,14.0
12,10,2011,11.0
12,11,2011,10.5
12,12,2011,11.0
12,13,2011,14.0
12,14,2011,18.5
12,15,2011,15.5
12,16,2011,15.5
12,17,2011,14.5
12,18,2011,18.0
12,19,2011,12.5
12,20,2011,13.5
12,21,2011,10.5
12,22,2011,6.5
12,23,2011,7.5
12,24,2011,8.0
12,25,2011,6.0
12,26,2011,11.5
12,27,2011,11.5
12,28,2011,11.5
12,29,2011,17.0
12,30,2011,15.0
12,31,2011,13.0
