Id:,6030
Estación:,PEÑA COLORADA-COL
Posición:,19.3597222222N -104.084722222W
Variable:,Precipitación (mm)
Fecha Inicial:,01/01/2002
Fecha Final:,07/01/2013
No Dato:,nan
Mes,Día,Anio,Datos
01,01,2002,0.0
01,02,2002,0.0
01,03,2002,0.0
01,04,2002,0.0
01,05,2002,0.0
01,06,2002,0.0
01,07,2002,0.0
01,08,2002,0.0
01,09,2002,0.0
01,10,2002,0.0
01,11,2002,30.0
01,12,2002,185.0
01,13,2002,0.0
01,14,2002,0.0
01,15,2002,0.0
01,16,2002,0.0
01,17,2002,0.0
01,18,2002,0.0
01,19,2002,0.0
01,20,2002,0.0
01,21,2002,0.0
01,22,2002,0.0
01,23,2002,0.0
01,24,2002,0.0
01,25,2002,0.0
01,26,2002,0.0
01,27,2002,0.0
01,28,2002,0.0
01,29,2002,0.0
01,30,2002,0.0
01,31,2002,0.0
02,01,2002,0.0
02,02,2002,0.0
02,03,2002,0.0
02,04,2002,0.0
02,05,2002,0.0
02,06,2002,0.0
02,07,2002,0.0
02,08,2002,0.0
02,09,2002,0.0
02,10,2002,0.0
02,11,2002,1.4
02,12,2002,4.4
02,13,2002,0.0
02,14,2002,0.0
02,15,2002,0.0
02,16,2002,0.0
02,17,2002,0.0
02,18,2002,0.0
02,19,2002,0.0
02,20,2002,0.0
02,21,2002,0.0
02,22,2002,0.0
02,23,2002,0.0
02,24,2002,0.0
02,25,2002,0.0
02,26,2002,0.0
02,27,2002,0.0
02,28,2002,0.0
03,01,2002,0.0
03,02,2002,0.0
03,03,2002,0.0
03,04,2002,0.0
03,05,2002,0.0
03,06,2002,0.0
03,07,2002,0.0
03,08,2002,0.0
03,09,2002,0.0
03,10,2002,0.0
03,11,2002,0.0
03,12,2002,0.0
03,13,2002,0.0
03,14,2002,0.0
03,15,2002,0.0
03,16,2002,0.0
03,17,2002,0.0
03,18,2002,0.0
03,19,2002,0.0
03,20,2002,0.0
03,21,2002,0.0
03,22,2002,0.0
03,23,2002,0.0
03,24,2002,0.0
03,25,2002,0.0
03,26,2002,0.0
03,27,2002,0.0
03,28,2002,0.0
03,29,2002,0.0
03,30,2002,0.0
03,31,2002,0.0
04,01,2002,0.0
04,02,2002,0.0
04,03,2002,0.0
04,04,2002,0.0
04,05,2002,0.0
04,06,2002,0.0
04,07,2002,0.0
04,08,2002,0.0
04,09,2002,0.0
04,10,2002,0.0
04,11,2002,0.0
04,12,2002,0.0
04,13,2002,0.0
04,14,2002,0.0
04,15,2002,0.0
04,16,2002,0.0
04,17,2002,0.0
04,18,2002,0.0
04,19,2002,0.0
04,20,2002,0.0
04,21,2002,0.0
04,22,2002,0.0
04,23,2002,0.0
04,24,2002,0.0
04,25,2002,0.0
04,26,2002,0.0
04,27,2002,0.0
04,28,2002,0.0
04,29,2002,0.0
04,30,2002,0.0
05,01,2002,0.0
05,02,2002,0.0
05,03,2002,0.0
05,04,2002,0.0
05,05,2002,0.0
05,06,2002,0.0
05,07,2002,0.0
05,08,2002,0.0
05,09,2002,0.0
05,10,2002,0.0
05,11,2002,0.0
05,12,2002,0.0
05,13,2002,0.0
05,14,2002,0.0
05,15,2002,0.0
05,16,2002,0.0
05,17,2002,0.0
05,18,2002,0.0
05,19,2002,0.0
05,20,2002,0.0
05,21,2002,0.0
05,22,2002,0.0
05,23,2002,0.0
05,24,2002,0.0
05,25,2002,0.0
05,26,2002,0.0
05,27,2002,0.0
05,28,2002,0.0
05,29,2002,0.0
05,30,2002,0.0
05,31,2002,0.0
06,01,2002,0.0
06,02,2002,0.0
06,03,2002,0.0
06,04,2002,0.0
06,05,2002,0.0
06,06,2002,19.0
06,07,2002,39.2
06,08,2002,12.0
06,09,2002,39.2
06,10,2002,0.0
06,11,2002,0.0
06,12,2002,0.0
06,13,2002,0.0
06,14,2002,0.0
06,15,2002,0.0
06,16,2002,0.0
06,17,2002,0.0
06,18,2002,0.0
06,19,2002,48.0
06,20,2002,4.0
06,21,2002,0.0
06,22,2002,0.0
06,23,2002,0.0
06,24,2002,0.0
06,25,2002,0.0
06,26,2002,0.0
06,27,2002,0.0
06,28,2002,0.0
06,29,2002,2.5
06,30,2002,0.0
07,01,2002,0.0
07,02,2002,7.0
07,03,2002,0.0
07,04,2002,0.0
07,05,2002,10.0
07,06,2002,12.0
07,07,2002,1.0
07,08,2002,0.0
07,09,2002,0.0
07,10,2002,0.0
07,11,2002,5.6
07,12,2002,0.0
07,13,2002,0.0
07,14,2002,0.0
07,15,2002,6.8
07,16,2002,1.8
07,17,2002,0.0
07,18,2002,0.0
07,19,2002,4.5
07,20,2002,3.2
07,21,2002,0.0
07,22,2002,0.0
07,23,2002,0.0
07,24,2002,0.0
07,25,2002,0.0
07,26,2002,1.9
07,27,2002,0.0
07,28,2002,0.0
07,29,2002,0.0
07,30,2002,8.7
07,31,2002,2.5
08,01,2002,0.0
08,02,2002,0.0
08,03,2002,38.0
08,04,2002,0.0
08,05,2002,35.5
08,06,2002,0.0
08,07,2002,2.0
08,08,2002,8.5
08,09,2002,0.0
08,10,2002,10.5
08,11,2002,0.0
08,12,2002,5.3
08,13,2002,8.0
08,14,2002,10.5
08,15,2002,3.4
08,16,2002,1.0
08,17,2002,0.0
08,18,2002,0.0
08,19,2002,3.8
08,20,2002,0.0
08,21,2002,4.8
08,22,2002,1.5
08,23,2002,0.0
08,24,2002,0.0
08,25,2002,23.0
08,26,2002,3.5
08,27,2002,0.0
08,28,2002,8.2
08,29,2002,23.0
08,30,2002,0.0
08,31,2002,0.0
09,01,2002,8.5
09,02,2002,13.5
09,03,2002,2.5
09,04,2002,10.5
09,05,2002,8.4
09,06,2002,5.6
09,07,2002,0.0
09,08,2002,0.0
09,09,2002,1.0
09,10,2002,9.6
09,11,2002,8.0
09,12,2002,4.5
09,13,2002,0.0
09,14,2002,0.0
09,15,2002,2.8
09,16,2002,3.8
09,17,2002,10.0
09,18,2002,0.0
09,19,2002,0.0
09,20,2002,4.8
09,21,2002,23.0
09,22,2002,2.0
09,23,2002,0.0
09,24,2002,0.0
09,25,2002,4.5
09,26,2002,6.8
09,27,2002,0.0
09,28,2002,0.0
09,29,2002,0.0
09,30,2002,0.0
10,01,2002,8.0
10,02,2002,2.8
10,03,2002,4.8
10,04,2002,0.0
10,05,2002,1.0
10,06,2002,0.0
10,07,2002,0.0
10,08,2002,0.0
10,09,2002,0.0
10,10,2002,1.5
10,11,2002,0.0
10,12,2002,6.5
10,13,2002,18.0
10,14,2002,0.0
10,15,2002,0.0
10,16,2002,0.0
10,17,2002,1.0
10,18,2002,0.0
10,19,2002,1.8
10,20,2002,0.0
10,21,2002,0.0
10,22,2002,0.0
10,23,2002,0.0
10,24,2002,15.2
10,25,2002,108.0
10,26,2002,1.0
10,27,2002,0.0
10,28,2002,21.0
10,29,2002,0.0
10,30,2002,0.0
10,31,2002,0.0
11,01,2002,0.0
11,02,2002,20.0
11,03,2002,147.0
11,04,2002,30.0
11,05,2002,70.0
11,06,2002,0.0
11,07,2002,0.0
11,08,2002,0.0
11,09,2002,0.0
11,10,2002,0.0
11,11,2002,0.0
11,12,2002,35.0
11,13,2002,0.0
11,14,2002,10.0
11,15,2002,0.0
11,16,2002,0.0
11,17,2002,0.0
11,18,2002,0.0
11,19,2002,0.0
11,20,2002,0.0
11,21,2002,0.0
11,22,2002,0.0
11,23,2002,0.0
11,24,2002,0.0
11,25,2002,0.0
11,26,2002,0.0
11,27,2002,0.0
11,28,2002,0.0
11,29,2002,0.0
11,30,2002,0.0
12,01,2002,0.0
12,02,2002,0.0
12,03,2002,0.0
12,04,2002,0.0
12,05,2002,0.0
12,06,2002,0.0
12,07,2002,0.0
12,08,2002,0.0
12,09,2002,0.0
12,10,2002,0.0
12,11,2002,0.0
12,12,2002,0.0
12,13,2002,0.0
12,14,2002,0.0
12,15,2002,0.0
12,16,2002,0.0
12,17,2002,0.0
12,18,2002,0.0
12,19,2002,0.0
12,20,2002,0.0
12,21,2002,0.0
12,22,2002,0.0
12,23,2002,0.0
12,24,2002,0.0
12,25,2002,0.0
12,26,2002,0.0
12,27,2002,0.0
12,28,2002,0.0
12,29,2002,0.0
12,30,2002,0.0
12,31,2002,0.0
01,01,2003,0.0
01,02,2003,0.0
01,03,2003,0.0
01,04,2003,0.0
01,05,2003,0.0
01,06,2003,0.0
01,07,2003,0.0
01,08,2003,0.0
01,09,2003,0.0
01,10,2003,0.0
01,11,2003,0.0
01,12,2003,0.0
01,13,2003,0.0
01,14,2003,3.0
01,15,2003,0.0
01,16,2003,0.0
01,17,2003,0.0
01,18,2003,0.0
01,19,2003,0.0
01,20,2003,0.0
01,21,2003,0.0
01,22,2003,0.0
01,23,2003,0.0
01,24,2003,0.0
01,25,2003,0.0
01,26,2003,0.0
01,27,2003,0.0
01,28,2003,0.0
01,29,2003,0.0
01,30,2003,0.0
01,31,2003,0.0
02,01,2003,0.0
02,02,2003,0.0
02,03,2003,0.0
02,04,2003,0.0
02,05,2003,0.0
02,06,2003,0.0
02,07,2003,0.0
02,08,2003,0.0
02,09,2003,0.0
02,10,2003,0.0
02,11,2003,0.0
02,12,2003,0.0
02,13,2003,0.0
02,14,2003,0.0
02,15,2003,0.0
02,16,2003,0.0
02,17,2003,0.0
02,18,2003,0.0
02,19,2003,0.0
02,20,2003,0.0
02,21,2003,0.0
02,22,2003,0.0
02,23,2003,0.0
02,24,2003,0.0
02,25,2003,0.0
02,26,2003,0.0
02,27,2003,0.0
02,28,2003,0.0
03,01,2003,0.0
03,02,2003,0.0
03,03,2003,0.0
03,04,2003,0.0
03,05,2003,0.0
03,06,2003,0.0
03,07,2003,0.0
03,08,2003,0.0
03,09,2003,0.0
03,10,2003,0.0
03,11,2003,0.0
03,12,2003,0.0
03,13,2003,0.0
03,14,2003,0.0
03,15,2003,0.0
03,16,2003,0.0
03,17,2003,0.0
03,18,2003,0.0
03,19,2003,0.0
03,20,2003,0.0
03,21,2003,0.0
03,22,2003,0.0
03,23,2003,0.0
03,24,2003,0.0
03,25,2003,0.0
03,26,2003,0.0
03,27,2003,0.0
03,28,2003,0.0
03,29,2003,0.0
03,30,2003,0.0
03,31,2003,0.0
04,01,2003,0.0
04,02,2003,0.0
04,03,2003,0.0
04,04,2003,0.0
04,05,2003,0.0
04,06,2003,0.0
04,07,2003,0.0
04,08,2003,0.0
04,09,2003,0.0
04,10,2003,0.0
04,11,2003,0.0
04,12,2003,0.0
04,13,2003,0.0
04,14,2003,0.0
04,15,2003,0.0
04,16,2003,0.0
04,17,2003,0.0
04,18,2003,0.0
04,19,2003,0.0
04,20,2003,0.0
04,21,2003,0.0
04,22,2003,0.0
04,23,2003,0.0
04,24,2003,0.0
04,25,2003,0.0
04,26,2003,0.0
04,27,2003,0.0
04,28,2003,0.0
04,29,2003,0.0
04,30,2003,0.0
05,01,2003,0.0
05,02,2003,0.0
05,03,2003,0.0
05,04,2003,0.0
05,05,2003,0.0
05,06,2003,0.0
05,07,2003,0.0
05,08,2003,0.0
05,09,2003,0.0
05,10,2003,0.0
05,11,2003,0.0
05,12,2003,0.0
05,13,2003,0.0
05,14,2003,0.0
05,15,2003,0.0
05,16,2003,0.0
05,17,2003,0.0
05,18,2003,0.0
05,19,2003,0.0
05,20,2003,0.0
05,21,2003,0.0
05,22,2003,8.0
05,23,2003,1.5
05,24,2003,0.0
05,25,2003,0.0
05,26,2003,0.0
05,27,2003,0.0
05,28,2003,0.0
05,29,2003,0.0
05,30,2003,0.0
05,31,2003,0.0
06,01,2003,0.0
06,02,2003,38.0
06,03,2003,0.0
06,04,2003,0.0
06,05,2003,0.0
06,06,2003,0.0
06,07,2003,0.0
06,08,2003,0.0
06,09,2003,37.2
06,10,2003,87.5
06,11,2003,0.0
06,12,2003,0.0
06,13,2003,0.0
06,14,2003,23.5
06,15,2003,10.0
06,16,2003,0.0
06,17,2003,17.5
06,18,2003,0.0
06,19,2003,12.0
06,20,2003,31.0
06,21,2003,38.5
06,22,2003,11.0
06,23,2003,0.0
06,24,2003,19.0
06,25,2003,0.0
06,26,2003,0.0
06,27,2003,10.5
06,28,2003,30.0
06,29,2003,15.0
06,30,2003,0.0
07,01,2003,0.0
07,02,2003,0.0
07,03,2003,0.0
07,04,2003,0.0
07,05,2003,0.0
07,06,2003,0.0
07,07,2003,30.0
07,08,2003,0.0
07,09,2003,0.0
07,10,2003,0.0
07,11,2003,0.0
07,12,2003,0.0
07,13,2003,0.0
07,14,2003,1.9
07,15,2003,0.0
07,16,2003,65.0
07,17,2003,32.0
07,18,2003,0.0
07,19,2003,62.0
07,20,2003,0.0
07,21,2003,0.0
07,22,2003,397.0
07,23,2003,0.0
07,24,2003,0.0
07,25,2003,0.0
07,26,2003,110.0
07,27,2003,180.0
07,28,2003,105.0
07,29,2003,382.0
07,30,2003,196.0
07,31,2003,146.0
08,01,2003,192.0
08,02,2003,56.0
08,03,2003,0.0
08,04,2003,90.0
08,05,2003,10.4
08,06,2003,0.0
08,07,2003,0.0
08,08,2003,0.0
08,09,2003,0.0
08,10,2003,10.8
08,11,2003,16.0
08,12,2003,0.0
08,13,2003,0.0
08,14,2003,56.0
08,15,2003,13.0
08,16,2003,0.0
08,17,2003,0.0
08,18,2003,0.32
08,19,2003,3.6
08,20,2003,6.0
08,21,2003,0.0
08,22,2003,0.0
08,23,2003,0.0
08,24,2003,0.0
08,25,2003,36.0
08,26,2003,0.0
08,27,2003,38.8
08,28,2003,2.1
08,29,2003,2.3
08,30,2003,1.8
08,31,2003,0.0
09,01,2003,8.6
09,02,2003,6.2
09,03,2003,0.0
09,04,2003,9.1
09,05,2003,0.0
09,06,2003,0.0
09,07,2003,8.2
09,08,2003,0.0
09,09,2003,15.5
09,10,2003,16.8
09,11,2003,0.0
09,12,2003,0.0
09,13,2003,3.0
09,14,2003,0.0
09,15,2003,0.0
09,16,2003,0.0
09,17,2003,0.0
09,18,2003,8.5
09,19,2003,2.8
09,20,2003,9.5
09,21,2003,10.0
09,22,2003,0.5
09,23,2003,7.0
09,24,2003,40.8
09,25,2003,11.0
09,26,2003,3.0
09,27,2003,13.0
09,28,2003,0.0
09,29,2003,3.5
09,30,2003,0.0
10,01,2003,25.7
10,02,2003,10.0
10,03,2003,0.0
10,04,2003,38.0
10,05,2003,0.0
10,06,2003,415.0
10,07,2003,355.0
10,08,2003,25.0
10,09,2003,0.2
10,10,2003,7.2
10,11,2003,0.0
10,12,2003,0.0
10,13,2003,0.0
10,14,2003,0.0
10,15,2003,3.4
10,16,2003,29.0
10,17,2003,0.0
10,18,2003,0.0
10,19,2003,11.0
10,20,2003,0.0
10,21,2003,3.5
10,22,2003,8.0
10,23,2003,13.5
10,24,2003,50.0
10,25,2003,7.8
10,26,2003,0.0
10,27,2003,0.0
10,28,2003,0.0
10,29,2003,0.0
10,30,2003,0.0
10,31,2003,0.0
11,01,2003,0.0
11,02,2003,0.0
11,03,2003,0.0
11,04,2003,0.0
11,05,2003,0.0
11,06,2003,0.0
11,07,2003,0.0
11,08,2003,0.0
11,09,2003,0.0
11,10,2003,0.0
11,11,2003,0.0
11,12,2003,0.0
11,13,2003,0.0
11,14,2003,0.0
11,15,2003,5.0
11,16,2003,0.0
11,17,2003,0.0
11,18,2003,0.0
11,19,2003,0.0
11,20,2003,0.0
11,21,2003,0.0
11,22,2003,0.0
11,23,2003,0.0
11,24,2003,0.0
11,25,2003,0.0
11,26,2003,0.0
11,27,2003,0.0
11,28,2003,0.0
11,29,2003,0.0
11,30,2003,0.0
12,01,2003,0.0
12,02,2003,0.0
12,03,2003,0.0
12,04,2003,0.0
12,05,2003,0.0
12,06,2003,0.0
12,07,2003,0.0
12,08,2003,0.0
12,09,2003,0.0
12,10,2003,0.0
12,11,2003,0.0
12,12,2003,0.0
12,13,2003,0.0
12,14,2003,0.0
12,15,2003,0.0
12,16,2003,0.0
12,17,2003,0.0
12,18,2003,0.0
12,19,2003,0.0
12,20,2003,0.0
12,21,2003,0.0
12,22,2003,0.0
12,23,2003,0.0
12,24,2003,0.0
12,25,2003,0.0
12,26,2003,0.0
12,27,2003,0.0
12,28,2003,0.0
12,29,2003,0.0
12,30,2003,0.0
12,31,2003,0.0
01,01,2004,0.0
01,02,2004,0.0
01,03,2004,0.0
01,04,2004,0.0
01,05,2004,0.0
01,06,2004,0.0
01,07,2004,0.0
01,08,2004,0.0
01,09,2004,0.0
01,10,2004,0.0
01,11,2004,55.0
01,12,2004,0.0
01,13,2004,45.0
01,14,2004,15.5
01,15,2004,25.8
01,16,2004,0.0
01,17,2004,0.0
01,18,2004,0.0
01,19,2004,0.0
01,20,2004,0.0
01,21,2004,0.0
01,22,2004,0.0
01,23,2004,0.0
01,24,2004,0.0
01,25,2004,0.0
01,26,2004,0.0
01,27,2004,0.0
01,28,2004,0.0
01,29,2004,8.5
01,30,2004,0.0
01,31,2004,0.0
02,01,2004,0.0
02,02,2004,0.0
02,03,2004,0.0
02,04,2004,0.0
02,05,2004,0.0
02,06,2004,0.0
02,07,2004,0.0
02,08,2004,0.0
02,09,2004,0.0
02,10,2004,0.0
02,11,2004,0.0
02,12,2004,0.0
02,13,2004,0.0
02,14,2004,0.0
02,15,2004,0.0
02,16,2004,0.0
02,17,2004,0.0
02,18,2004,0.0
02,19,2004,0.0
02,20,2004,0.0
02,21,2004,0.0
02,22,2004,0.0
02,23,2004,0.0
02,24,2004,0.0
02,25,2004,0.0
02,26,2004,0.0
02,27,2004,0.0
02,28,2004,0.0
02,29,2004,0.0
03,01,2004,0.0
03,02,2004,0.0
03,03,2004,0.0
03,04,2004,0.0
03,05,2004,0.0
03,06,2004,0.0
03,07,2004,0.0
03,08,2004,0.0
03,09,2004,0.0
03,10,2004,0.0
03,11,2004,0.0
03,12,2004,0.0
03,13,2004,0.0
03,14,2004,0.0
03,15,2004,0.0
03,16,2004,0.0
03,17,2004,0.0
03,18,2004,0.0
03,19,2004,0.0
03,20,2004,0.0
03,21,2004,0.0
03,22,2004,0.0
03,23,2004,0.0
03,24,2004,0.0
03,25,2004,0.0
03,26,2004,0.0
03,27,2004,0.0
03,28,2004,0.0
03,29,2004,0.0
03,30,2004,0.0
03,31,2004,0.0
04,01,2004,0.0
04,02,2004,0.0
04,03,2004,0.0
04,04,2004,0.0
04,05,2004,0.0
04,06,2004,0.0
04,07,2004,0.0
04,08,2004,0.0
04,09,2004,0.0
04,10,2004,0.0
04,11,2004,0.0
04,12,2004,0.0
04,13,2004,0.0
04,14,2004,0.0
04,15,2004,0.0
04,16,2004,0.0
04,17,2004,0.0
04,18,2004,0.0
04,19,2004,0.0
04,20,2004,0.0
04,21,2004,0.0
04,22,2004,0.0
04,23,2004,0.0
04,24,2004,0.0
04,25,2004,0.0
04,26,2004,0.0
04,27,2004,0.0
04,28,2004,0.0
04,29,2004,0.0
04,30,2004,0.0
05,01,2004,0.0
05,02,2004,0.0
05,03,2004,0.0
05,04,2004,0.0
05,05,2004,0.0
05,06,2004,0.0
05,07,2004,0.0
05,08,2004,0.0
05,09,2004,0.0
05,10,2004,0.0
05,11,2004,0.0
05,12,2004,0.0
05,13,2004,0.0
05,14,2004,0.0
05,15,2004,0.0
05,16,2004,0.0
05,17,2004,0.0
05,18,2004,0.0
05,19,2004,0.0
05,20,2004,0.0
05,21,2004,0.0
05,22,2004,0.5
05,23,2004,0.0
05,24,2004,0.0
05,25,2004,192.0
05,26,2004,0.2
05,27,2004,60.0
05,28,2004,0.0
05,29,2004,0.0
05,30,2004,0.0
05,31,2004,40.0
06,01,2004,0.0
06,02,2004,270.0
06,03,2004,20.0
06,04,2004,220.0
06,05,2004,260.0
06,06,2004,50.0
06,07,2004,30.0
06,08,2004,0.0
06,09,2004,0.0
06,10,2004,40.0
06,11,2004,20.0
06,12,2004,30.0
06,13,2004,0.0
06,14,2004,0.0
06,15,2004,0.0
06,16,2004,100.0
06,17,2004,105.0
06,18,2004,0.0
06,19,2004,0.0
06,20,2004,0.0
06,21,2004,45.0
06,22,2004,0.0
06,23,2004,30.0
06,24,2004,190.0
06,25,2004,0.0
06,26,2004,32.0
06,27,2004,0.0
06,28,2004,20.0
06,29,2004,0.0
06,30,2004,0.0
07,01,2004,0.0
07,02,2004,1.8
07,03,2004,0.0
07,04,2004,2.5
07,05,2004,1.0
07,06,2004,20.0
07,07,2004,0.0
07,08,2004,17.0
07,09,2004,0.0
07,10,2004,0.0
07,11,2004,6.0
07,12,2004,0.0
07,13,2004,0.0
07,14,2004,12.5
07,15,2004,19.8
07,16,2004,37.0
07,17,2004,8.0
07,18,2004,15.5
07,19,2004,0.0
07,20,2004,3.5
07,21,2004,64.0
07,22,2004,0.0
07,23,2004,7.5
07,24,2004,0.0
07,25,2004,8.4
07,26,2004,6.9
07,27,2004,0.0
07,28,2004,0.0
07,29,2004,4.2
07,30,2004,0.0
07,31,2004,0.0
08,01,2004,30.0
08,02,2004,59.5
08,03,2004,0.0
08,04,2004,78.0
08,05,2004,0.0
08,06,2004,0.0
08,07,2004,108.0
08,08,2004,0.0
08,09,2004,0.0
08,10,2004,23.5
08,11,2004,0.0
08,12,2004,0.0
08,13,2004,180.0
08,14,2004,109.0
08,15,2004,138.0
08,16,2004,0.0
08,17,2004,0.0
08,18,2004,85.0
08,19,2004,0.0
08,20,2004,0.0
08,21,2004,114.0
08,22,2004,0.0
08,23,2004,43.0
08,24,2004,19.5
08,25,2004,0.0
08,26,2004,85.0
08,27,2004,0.0
08,28,2004,0.0
08,29,2004,22.0
08,30,2004,70.0
08,31,2004,0.0
09,01,2004,16.0
09,02,2004,0.0
09,03,2004,45.0
09,04,2004,311.5
09,05,2004,43.0
09,06,2004,11.0
09,07,2004,9.0
09,08,2004,4.5
09,09,2004,0.0
09,10,2004,0.0
09,11,2004,3.1
09,12,2004,2.5
09,13,2004,4.0
09,14,2004,0.0
09,15,2004,10.5
09,16,2004,24.0
09,17,2004,8.5
09,18,2004,29.5
09,19,2004,15.0
09,20,2004,27.0
09,21,2004,15.5
09,22,2004,8.0
09,23,2004,29.0
09,24,2004,14.0
09,25,2004,21.0
09,26,2004,13.0
09,27,2004,0.0
09,28,2004,0.0
09,29,2004,5.5
09,30,2004,0.0
10,01,2004,0.0
10,02,2004,0.0
10,03,2004,0.0
10,04,2004,50.0
10,05,2004,0.0
10,06,2004,0.0
10,07,2004,0.0
10,08,2004,100.0
10,09,2004,0.0
10,10,2004,0.0
10,11,2004,0.0
10,12,2004,0.0
10,13,2004,0.0
10,14,2004,0.0
10,15,2004,0.0
10,16,2004,0.0
10,17,2004,0.0
10,18,2004,0.0
10,19,2004,0.0
10,20,2004,0.0
10,21,2004,0.0
10,22,2004,0.0
10,23,2004,0.0
10,24,2004,0.0
10,25,2004,0.0
10,26,2004,0.0
10,27,2004,0.0
10,28,2004,0.0
10,29,2004,0.0
10,30,2004,0.0
10,31,2004,0.0
11,01,2004,0.0
11,02,2004,0.0
11,03,2004,0.0
11,04,2004,0.0
11,05,2004,0.0
11,06,2004,0.0
11,07,2004,0.0
11,08,2004,0.0
11,09,2004,0.0
11,10,2004,0.0
11,11,2004,0.0
11,12,2004,0.0
11,13,2004,0.0
11,14,2004,0.0
11,15,2004,0.0
11,16,2004,0.0
11,17,2004,20.0
11,18,2004,0.0
11,19,2004,0.0
11,20,2004,0.0
11,21,2004,0.0
11,22,2004,0.0
11,23,2004,0.0
11,24,2004,0.0
11,25,2004,0.0
11,26,2004,0.0
11,27,2004,0.0
11,28,2004,0.0
11,29,2004,0.0
11,30,2004,0.0
12,01,2004,null
12,02,2004,null
12,03,2004,null
12,04,2004,null
12,05,2004,null
12,06,2004,null
12,07,2004,null
12,08,2004,null
12,09,2004,null
12,10,2004,null
12,11,2004,null
12,12,2004,null
12,13,2004,null
12,14,2004,null
12,15,2004,null
12,16,2004,null
12,17,2004,null
12,18,2004,null
12,19,2004,null
12,20,2004,null
12,21,2004,null
12,22,2004,null
12,23,2004,null
12,24,2004,null
12,25,2004,null
12,26,2004,null
12,27,2004,null
12,28,2004,null
12,29,2004,null
12,30,2004,null
12,31,2004,null
01,01,2005,0.0
01,02,2005,0.0
01,03,2005,0.0
01,04,2005,0.0
01,05,2005,0.0
01,06,2005,0.0
01,07,2005,0.0
01,08,2005,0.0
01,09,2005,0.0
01,10,2005,0.0
01,11,2005,0.0
01,12,2005,0.0
01,13,2005,0.0
01,14,2005,0.0
01,15,2005,0.0
01,16,2005,0.0
01,17,2005,0.0
01,18,2005,0.0
01,19,2005,0.0
01,20,2005,0.0
01,21,2005,0.0
01,22,2005,0.0
01,23,2005,20.5
01,24,2005,0.0
01,25,2005,0.0
01,26,2005,0.0
01,27,2005,0.0
01,28,2005,0.0
01,29,2005,0.0
01,30,2005,0.0
01,31,2005,0.0
02,01,2005,0.0
02,02,2005,0.0
02,03,2005,0.0
02,04,2005,0.0
02,05,2005,0.7
02,06,2005,0.0
02,07,2005,0.0
02,08,2005,0.0
02,09,2005,0.0
02,10,2005,0.0
02,11,2005,0.0
02,12,2005,0.0
02,13,2005,0.0
02,14,2005,0.0
02,15,2005,0.0
02,16,2005,0.0
02,17,2005,0.0
02,18,2005,0.0
02,19,2005,0.0
02,20,2005,0.0
02,21,2005,0.0
02,22,2005,0.0
02,23,2005,0.0
02,24,2005,0.0
02,25,2005,40.0
02,26,2005,0.0
02,27,2005,0.0
02,28,2005,0.0
03,01,2005,0.0
03,02,2005,0.0
03,03,2005,0.0
03,04,2005,0.0
03,05,2005,0.0
03,06,2005,0.0
03,07,2005,0.0
03,08,2005,0.0
03,09,2005,0.0
03,10,2005,0.0
03,11,2005,0.0
03,12,2005,0.0
03,13,2005,0.0
03,14,2005,0.0
03,15,2005,0.0
03,16,2005,0.0
03,17,2005,0.0
03,18,2005,0.0
03,19,2005,0.0
03,20,2005,0.0
03,21,2005,0.0
03,22,2005,0.0
03,23,2005,0.0
03,24,2005,0.0
03,25,2005,0.0
03,26,2005,0.0
03,27,2005,0.0
03,28,2005,0.0
03,29,2005,0.0
03,30,2005,0.0
03,31,2005,0.0
04,01,2005,0.0
04,02,2005,0.0
04,03,2005,0.0
04,04,2005,0.0
04,05,2005,0.0
04,06,2005,0.0
04,07,2005,0.0
04,08,2005,0.0
04,09,2005,0.0
04,10,2005,0.0
04,11,2005,0.0
04,12,2005,0.0
04,13,2005,0.0
04,14,2005,0.0
04,15,2005,0.0
04,16,2005,0.0
04,17,2005,0.0
04,18,2005,0.0
04,19,2005,0.0
04,20,2005,0.0
04,21,2005,0.0
04,22,2005,0.0
04,23,2005,0.0
04,24,2005,0.0
04,25,2005,0.0
04,26,2005,0.0
04,27,2005,0.0
04,28,2005,0.0
04,29,2005,0.0
04,30,2005,0.0
05,01,2005,0.0
05,02,2005,0.0
05,03,2005,0.0
05,04,2005,0.0
05,05,2005,0.0
05,06,2005,0.0
05,07,2005,0.0
05,08,2005,0.0
05,09,2005,0.0
05,10,2005,0.0
05,11,2005,0.0
05,12,2005,0.0
05,13,2005,0.0
05,14,2005,0.0
05,15,2005,0.0
05,16,2005,0.0
05,17,2005,0.0
05,18,2005,0.0
05,19,2005,0.0
05,20,2005,0.0
05,21,2005,0.0
05,22,2005,0.0
05,23,2005,0.0
05,24,2005,0.0
05,25,2005,0.0
05,26,2005,0.0
05,27,2005,0.0
05,28,2005,0.0
05,29,2005,0.0
05,30,2005,0.0
05,31,2005,0.0
06,01,2005,0.0
06,02,2005,0.0
06,03,2005,0.0
06,04,2005,0.0
06,05,2005,0.0
06,06,2005,0.0
06,07,2005,0.0
06,08,2005,0.0
06,09,2005,0.0
06,10,2005,0.0
06,11,2005,0.0
06,12,2005,0.0
06,13,2005,0.0
06,14,2005,0.0
06,15,2005,0.0
06,16,2005,0.0
06,17,2005,0.0
06,18,2005,0.0
06,19,2005,0.0
06,20,2005,0.0
06,21,2005,0.0
06,22,2005,0.0
06,23,2005,0.0
06,24,2005,0.0
06,25,2005,0.0
06,26,2005,0.0
06,27,2005,0.0
06,28,2005,0.0
06,29,2005,0.0
06,30,2005,0.0
07,01,2005,0.0
07,02,2005,10.0
07,03,2005,3.5
07,04,2005,13.0
07,05,2005,10.5
07,06,2005,0.0
07,07,2005,0.0
07,08,2005,20.0
07,09,2005,7.0
07,10,2005,8.0
07,11,2005,0.0
07,12,2005,20.0
07,13,2005,12.5
07,14,2005,1.0
07,15,2005,0.0
07,16,2005,47.0
07,17,2005,0.0
07,18,2005,0.0
07,19,2005,0.0
07,20,2005,10.0
07,21,2005,0.0
07,22,2005,20.0
07,23,2005,12.5
07,24,2005,33.0
07,25,2005,2.5
07,26,2005,10.0
07,27,2005,0.0
07,28,2005,18.5
07,29,2005,0.0
07,30,2005,30.0
07,31,2005,1.9
08,01,2005,0.0
08,02,2005,0.0
08,03,2005,0.0
08,04,2005,0.0
08,05,2005,28.5
08,06,2005,0.0
08,07,2005,35.0
08,08,2005,0.0
08,09,2005,0.0
08,10,2005,0.0
08,11,2005,10.0
08,12,2005,20.0
08,13,2005,12.5
08,14,2005,0.0
08,15,2005,17.0
08,16,2005,5.0
08,17,2005,3.0
08,18,2005,0.0
08,19,2005,0.0
08,20,2005,29.0
08,21,2005,0.0
08,22,2005,0.0
08,23,2005,24.0
08,24,2005,0.0
08,25,2005,0.0
08,26,2005,1.0
08,27,2005,2.0
08,28,2005,8.0
08,29,2005,3.0
08,30,2005,13.0
08,31,2005,1.9
09,01,2005,3.0
09,02,2005,null
09,03,2005,null
09,04,2005,1.0
09,05,2005,0.0
09,06,2005,null
09,07,2005,null
09,08,2005,null
09,09,2005,0.0
09,10,2005,1.0
09,11,2005,0.0
09,12,2005,12.0
09,13,2005,0.0
09,14,2005,0.0
09,15,2005,null
09,16,2005,null
09,17,2005,null
09,18,2005,0.0
09,19,2005,null
09,20,2005,null
09,21,2005,null
09,22,2005,null
09,23,2005,0.0
09,24,2005,null
09,25,2005,null
09,26,2005,null
09,27,2005,null
09,28,2005,null
09,29,2005,null
09,30,2005,null
10,01,2005,0.0
10,02,2005,0.0
10,03,2005,0.0
10,04,2005,0.0
10,05,2005,16.0
10,06,2005,16.0
10,07,2005,10.0
10,08,2005,0.0
10,09,2005,50.0
10,10,2005,0.0
10,11,2005,0.0
10,12,2005,0.0
10,13,2005,0.0
10,14,2005,0.0
10,15,2005,0.0
10,16,2005,0.0
10,17,2005,0.0
10,18,2005,0.0
10,19,2005,0.0
10,20,2005,0.0
10,21,2005,0.0
10,22,2005,0.0
10,23,2005,0.0
10,24,2005,0.0
10,25,2005,0.0
10,26,2005,0.0
10,27,2005,0.0
10,28,2005,0.0
10,29,2005,0.0
10,30,2005,0.0
10,31,2005,0.0
11,01,2005,0.0
11,02,2005,0.0
11,03,2005,0.0
11,04,2005,0.0
11,05,2005,0.0
11,06,2005,0.0
11,07,2005,0.0
11,08,2005,0.0
11,09,2005,0.0
11,10,2005,0.0
11,11,2005,0.0
11,12,2005,0.0
11,13,2005,0.0
11,14,2005,0.0
11,15,2005,0.0
11,16,2005,0.0
11,17,2005,0.0
11,18,2005,0.0
11,19,2005,0.0
11,20,2005,0.0
11,21,2005,0.0
11,22,2005,0.0
11,23,2005,0.0
11,24,2005,0.0
11,25,2005,10.0
11,26,2005,0.0
11,27,2005,0.0
11,28,2005,0.0
11,29,2005,0.0
11,30,2005,0.0
12,01,2005,0.0
12,02,2005,0.0
12,03,2005,0.0
12,04,2005,0.0
12,05,2005,0.0
12,06,2005,0.0
12,07,2005,0.0
12,08,2005,0.0
12,09,2005,0.0
12,10,2005,0.0
12,11,2005,0.0
12,12,2005,0.0
12,13,2005,0.0
12,14,2005,0.0
12,15,2005,0.0
12,16,2005,0.0
12,17,2005,0.0
12,18,2005,0.0
12,19,2005,0.0
12,20,2005,0.0
12,21,2005,0.0
12,22,2005,0.0
12,23,2005,0.0
12,24,2005,0.0
12,25,2005,0.0
12,26,2005,0.0
12,27,2005,0.0
12,28,2005,0.0
12,29,2005,0.0
12,30,2005,0.0
12,31,2005,0.0
01,01,2006,0.0
01,02,2006,0.0
01,03,2006,0.0
01,04,2006,0.0
01,05,2006,0.0
01,06,2006,0.0
01,07,2006,0.0
01,08,2006,0.0
01,09,2006,0.0
01,10,2006,0.0
01,11,2006,0.0
01,12,2006,0.0
01,13,2006,0.0
01,14,2006,0.0
01,15,2006,0.0
01,16,2006,0.0
01,17,2006,0.0
01,18,2006,0.0
01,19,2006,0.0
01,20,2006,0.0
01,21,2006,0.0
01,22,2006,0.0
01,23,2006,0.0
01,24,2006,0.0
01,25,2006,0.0
01,26,2006,0.0
01,27,2006,0.0
01,28,2006,0.0
01,29,2006,0.0
01,30,2006,0.0
01,31,2006,0.0
02,01,2006,0.0
02,02,2006,0.0
02,03,2006,0.0
02,04,2006,0.0
02,05,2006,0.0
02,06,2006,0.0
02,07,2006,0.0
02,08,2006,0.0
02,09,2006,0.0
02,10,2006,0.0
02,11,2006,0.0
02,12,2006,0.0
02,13,2006,0.0
02,14,2006,0.0
02,15,2006,0.0
02,16,2006,0.0
02,17,2006,0.0
02,18,2006,0.0
02,19,2006,0.0
02,20,2006,0.0
02,21,2006,0.0
02,22,2006,0.0
02,23,2006,0.0
02,24,2006,0.0
02,25,2006,0.0
02,26,2006,0.0
02,27,2006,0.0
02,28,2006,0.0
03,01,2006,0.0
03,02,2006,0.0
03,03,2006,0.0
03,04,2006,0.0
03,05,2006,0.0
03,06,2006,0.0
03,07,2006,0.0
03,08,2006,0.0
03,09,2006,0.0
03,10,2006,0.0
03,11,2006,0.0
03,12,2006,0.0
03,13,2006,0.0
03,14,2006,0.0
03,15,2006,0.0
03,16,2006,0.0
03,17,2006,0.0
03,18,2006,0.0
03,19,2006,0.0
03,20,2006,0.0
03,21,2006,0.0
03,22,2006,0.0
03,23,2006,0.0
03,24,2006,0.0
03,25,2006,0.0
03,26,2006,0.0
03,27,2006,0.0
03,28,2006,0.0
03,29,2006,0.0
03,30,2006,0.0
03,31,2006,0.0
04,01,2006,0.0
04,02,2006,0.0
04,03,2006,0.0
04,04,2006,0.0
04,05,2006,0.0
04,06,2006,0.0
04,07,2006,0.0
04,08,2006,0.0
04,09,2006,0.0
04,10,2006,0.0
04,11,2006,0.0
04,12,2006,0.0
04,13,2006,0.0
04,14,2006,0.0
04,15,2006,0.0
04,16,2006,0.0
04,17,2006,0.0
04,18,2006,0.0
04,19,2006,0.0
04,20,2006,0.0
04,21,2006,0.0
04,22,2006,0.0
04,23,2006,0.0
04,24,2006,0.0
04,25,2006,0.0
04,26,2006,0.0
04,27,2006,0.0
04,28,2006,0.0
04,29,2006,0.0
04,30,2006,0.0
05,01,2006,0.0
05,02,2006,0.0
05,03,2006,0.0
05,04,2006,0.0
05,05,2006,0.0
05,06,2006,0.0
05,07,2006,0.0
05,08,2006,0.0
05,09,2006,0.0
05,10,2006,0.0
05,11,2006,0.0
05,12,2006,0.0
05,13,2006,0.0
05,14,2006,0.0
05,15,2006,0.0
05,16,2006,0.0
05,17,2006,0.0
05,18,2006,0.0
05,19,2006,0.0
05,20,2006,0.0
05,21,2006,0.0
05,22,2006,0.0
05,23,2006,0.0
05,24,2006,0.0
05,25,2006,0.0
05,26,2006,0.0
05,27,2006,0.0
05,28,2006,0.0
05,29,2006,0.0
05,30,2006,0.0
05,31,2006,0.0
06,01,2006,20.0
06,02,2006,11.0
06,03,2006,18.0
06,04,2006,20.0
06,05,2006,0.0
06,06,2006,0.0
06,07,2006,0.0
06,08,2006,0.0
06,09,2006,0.0
06,10,2006,0.0
06,11,2006,0.0
06,12,2006,0.0
06,13,2006,3.0
06,14,2006,0.0
06,15,2006,11.5
06,16,2006,2.5
06,17,2006,3.0
06,18,2006,18.0
06,19,2006,0.0
06,20,2006,8.0
06,21,2006,4.5
06,22,2006,0.0
06,23,2006,0.0
06,24,2006,11.5
06,25,2006,20.0
06,26,2006,31.5
06,27,2006,5.0
06,28,2006,0.0
06,29,2006,7.0
06,30,2006,0.0
07,01,2006,4.0
07,02,2006,0.0
07,03,2006,4.5
07,04,2006,0.0
07,05,2006,0.0
07,06,2006,0.0
07,07,2006,61.0
07,08,2006,0.0
07,09,2006,62.5
07,10,2006,34.0
07,11,2006,5.0
07,12,2006,13.0
07,13,2006,0.0
07,14,2006,4.5
07,15,2006,0.0
07,16,2006,0.0
07,17,2006,24.5
07,18,2006,4.0
07,19,2006,4.0
07,20,2006,64.5
07,21,2006,3.0
07,22,2006,5.0
07,23,2006,40.0
07,24,2006,24.0
07,25,2006,18.5
07,26,2006,3.0
07,27,2006,0.0
07,28,2006,0.0
07,29,2006,8.0
07,30,2006,3.5
07,31,2006,0.0
08,01,2006,80.0
08,02,2006,0.0
08,03,2006,0.0
08,04,2006,0.0
08,05,2006,0.0
08,06,2006,0.0
08,07,2006,18.0
08,08,2006,21.0
08,09,2006,0.0
08,10,2006,14.5
08,11,2006,4.5
08,12,2006,0.0
08,13,2006,18.0
08,14,2006,54.0
08,15,2006,35.0
08,16,2006,0.0
08,17,2006,0.0
08,18,2006,0.0
08,19,2006,0.0
08,20,2006,27.0
08,21,2006,0.0
08,22,2006,0.0
08,23,2006,0.0
08,24,2006,20.0
08,25,2006,0.0
08,26,2006,2.0
08,27,2006,5.0
08,28,2006,0.0
08,29,2006,0.0
08,30,2006,40.0
08,31,2006,21.0
09,01,2006,0.0
09,02,2006,0.0
09,03,2006,104.5
09,04,2006,4.0
09,05,2006,20.0
09,06,2006,0.0
09,07,2006,0.0
09,08,2006,0.0
09,09,2006,0.0
09,10,2006,0.0
09,11,2006,0.0
09,12,2006,0.0
09,13,2006,0.0
09,14,2006,0.0
09,15,2006,205.0
09,16,2006,0.0
09,17,2006,0.0
09,18,2006,0.0
09,19,2006,0.0
09,20,2006,20.5
09,21,2006,11.5
09,22,2006,2.0
09,23,2006,0.0
09,24,2006,17.0
09,25,2006,15.0
09,26,2006,0.0
09,27,2006,4.5
09,28,2006,0.5
09,29,2006,0.0
09,30,2006,15.0
10,01,2006,40.0
10,02,2006,0.0
10,03,2006,20.0
10,04,2006,0.0
10,05,2006,0.0
10,06,2006,0.0
10,07,2006,0.0
10,08,2006,0.0
10,09,2006,0.0
10,10,2006,37.0
10,11,2006,0.0
10,12,2006,26.6
10,13,2006,6.5
10,14,2006,20.0
10,15,2006,3.0
10,16,2006,0.0
10,17,2006,0.0
10,18,2006,0.0
10,19,2006,0.0
10,20,2006,0.0
10,21,2006,0.0
10,22,2006,6.0
10,23,2006,26.0
10,24,2006,3.0
10,25,2006,13.0
10,26,2006,0.0
10,27,2006,0.0
10,28,2006,0.0
10,29,2006,0.0
10,30,2006,0.0
10,31,2006,3.0
11,01,2006,0.0
11,02,2006,0.0
11,03,2006,0.0
11,04,2006,0.0
11,05,2006,0.0
11,06,2006,0.0
11,07,2006,0.0
11,08,2006,15.0
11,09,2006,0.0
11,10,2006,3.0
11,11,2006,0.0
11,12,2006,0.0
11,13,2006,0.0
11,14,2006,0.7
11,15,2006,0.0
11,16,2006,0.0
11,17,2006,0.0
11,18,2006,0.0
11,19,2006,0.0
11,20,2006,0.0
11,21,2006,0.0
11,22,2006,0.0
11,23,2006,0.0
11,24,2006,0.0
11,25,2006,0.0
11,26,2006,0.0
11,27,2006,0.0
11,28,2006,0.0
11,29,2006,0.0
11,30,2006,0.0
12,01,2006,0.0
12,02,2006,0.0
12,03,2006,0.0
12,04,2006,0.0
12,05,2006,0.0
12,06,2006,0.0
12,07,2006,0.0
12,08,2006,13.0
12,09,2006,0.0
12,10,2006,0.0
12,11,2006,0.0
12,12,2006,0.0
12,13,2006,0.0
12,14,2006,0.0
12,15,2006,0.0
12,16,2006,0.0
12,17,2006,0.0
12,18,2006,0.0
12,19,2006,0.0
12,20,2006,0.0
12,21,2006,0.0
12,22,2006,0.0
12,23,2006,0.0
12,24,2006,0.0
12,25,2006,0.0
12,26,2006,0.0
12,27,2006,0.0
12,28,2006,0.0
12,29,2006,0.0
12,30,2006,0.0
12,31,2006,0.0
01,01,2007,null
01,02,2007,null
01,03,2007,null
01,04,2007,null
01,05,2007,null
01,06,2007,null
01,07,2007,null
01,08,2007,null
01,09,2007,null
01,10,2007,null
01,11,2007,null
01,12,2007,null
01,13,2007,null
01,14,2007,null
01,15,2007,null
01,16,2007,null
01,17,2007,null
01,18,2007,null
01,19,2007,null
01,20,2007,null
01,21,2007,null
01,22,2007,null
01,23,2007,null
01,24,2007,null
01,25,2007,null
01,26,2007,null
01,27,2007,null
01,28,2007,null
01,29,2007,null
01,30,2007,null
01,31,2007,null
02,01,2007,null
02,02,2007,null
02,03,2007,null
02,04,2007,null
02,05,2007,null
02,06,2007,null
02,07,2007,null
02,08,2007,null
02,09,2007,null
02,10,2007,null
02,11,2007,null
02,12,2007,null
02,13,2007,null
02,14,2007,null
02,15,2007,null
02,16,2007,null
02,17,2007,null
02,18,2007,null
02,19,2007,null
02,20,2007,null
02,21,2007,null
02,22,2007,null
02,23,2007,null
02,24,2007,null
02,25,2007,null
02,26,2007,null
02,27,2007,null
02,28,2007,null
03,01,2007,null
03,02,2007,null
03,03,2007,null
03,04,2007,null
03,05,2007,null
03,06,2007,null
03,07,2007,null
03,08,2007,null
03,09,2007,null
03,10,2007,null
03,11,2007,null
03,12,2007,null
03,13,2007,null
03,14,2007,null
03,15,2007,null
03,16,2007,null
03,17,2007,null
03,18,2007,null
03,19,2007,null
03,20,2007,null
03,21,2007,null
03,22,2007,null
03,23,2007,null
03,24,2007,null
03,25,2007,null
03,26,2007,null
03,27,2007,null
03,28,2007,null
03,29,2007,null
03,30,2007,null
03,31,2007,null
04,01,2007,null
04,02,2007,null
04,03,2007,null
04,04,2007,null
04,05,2007,null
04,06,2007,null
04,07,2007,null
04,08,2007,null
04,09,2007,null
04,10,2007,null
04,11,2007,null
04,12,2007,null
04,13,2007,null
04,14,2007,null
04,15,2007,null
04,16,2007,null
04,17,2007,null
04,18,2007,null
04,19,2007,null
04,20,2007,null
04,21,2007,null
04,22,2007,null
04,23,2007,null
04,24,2007,null
04,25,2007,null
04,26,2007,null
04,27,2007,null
04,28,2007,null
04,29,2007,null
04,30,2007,null
05,01,2007,null
05,02,2007,null
05,03,2007,null
05,04,2007,null
05,05,2007,null
05,06,2007,null
05,07,2007,null
05,08,2007,null
05,09,2007,null
05,10,2007,null
05,11,2007,null
05,12,2007,null
05,13,2007,null
05,14,2007,null
05,15,2007,null
05,16,2007,null
05,17,2007,null
05,18,2007,null
05,19,2007,null
05,20,2007,null
05,21,2007,null
05,22,2007,null
05,23,2007,null
05,24,2007,null
05,25,2007,null
05,26,2007,null
05,27,2007,null
05,28,2007,null
05,29,2007,null
05,30,2007,null
05,31,2007,null
06,01,2007,null
06,02,2007,null
06,03,2007,null
06,04,2007,null
06,05,2007,null
06,06,2007,null
06,07,2007,null
06,08,2007,null
06,09,2007,null
06,10,2007,null
06,11,2007,null
06,12,2007,null
06,13,2007,null
06,14,2007,null
06,15,2007,null
06,16,2007,null
06,17,2007,null
06,18,2007,null
06,19,2007,null
06,20,2007,null
06,21,2007,null
06,22,2007,null
06,23,2007,null
06,24,2007,null
06,25,2007,null
06,26,2007,null
06,27,2007,null
06,28,2007,null
06,29,2007,null
06,30,2007,null
07,01,2007,null
07,02,2007,null
07,03,2007,null
07,04,2007,null
07,05,2007,null
07,06,2007,null
07,07,2007,null
07,08,2007,null
07,09,2007,null
07,10,2007,null
07,11,2007,null
07,12,2007,null
07,13,2007,null
07,14,2007,null
07,15,2007,null
07,16,2007,null
07,17,2007,null
07,18,2007,null
07,19,2007,null
07,20,2007,null
07,21,2007,null
07,22,2007,null
07,23,2007,null
07,24,2007,null
07,25,2007,null
07,26,2007,null
07,27,2007,null
07,28,2007,null
07,29,2007,null
07,30,2007,null
07,31,2007,null
08,01,2007,null
08,02,2007,null
08,03,2007,null
08,04,2007,null
08,05,2007,null
08,06,2007,null
08,07,2007,null
08,08,2007,null
08,09,2007,null
08,10,2007,null
08,11,2007,null
08,12,2007,null
08,13,2007,null
08,14,2007,null
08,15,2007,null
08,16,2007,null
08,17,2007,null
08,18,2007,null
08,19,2007,null
08,20,2007,null
08,21,2007,null
08,22,2007,null
08,23,2007,null
08,24,2007,null
08,25,2007,null
08,26,2007,null
08,27,2007,null
08,28,2007,null
08,29,2007,null
08,30,2007,null
08,31,2007,null
09,01,2007,null
09,02,2007,null
09,03,2007,null
09,04,2007,null
09,05,2007,null
09,06,2007,null
09,07,2007,null
09,08,2007,null
09,09,2007,null
09,10,2007,null
09,11,2007,null
09,12,2007,null
09,13,2007,null
09,14,2007,null
09,15,2007,null
09,16,2007,null
09,17,2007,null
09,18,2007,null
09,19,2007,null
09,20,2007,null
09,21,2007,null
09,22,2007,null
09,23,2007,null
09,24,2007,null
09,25,2007,null
09,26,2007,null
09,27,2007,null
09,28,2007,null
09,29,2007,null
09,30,2007,null
10,01,2007,13.0
10,02,2007,0.0
10,03,2007,0.5
10,04,2007,2.0
10,05,2007,2.5
10,06,2007,0.0
10,07,2007,0.0
10,08,2007,5.5
10,09,2007,0.0
10,10,2007,7.0
10,11,2007,40.0
10,12,2007,2.0
10,13,2007,0.0
10,14,2007,0.0
10,15,2007,0.0
10,16,2007,0.0
10,17,2007,6.0
10,18,2007,1.0
10,19,2007,0.0
10,20,2007,0.0
10,21,2007,0.0
10,22,2007,0.0
10,23,2007,0.0
10,24,2007,0.0
10,25,2007,0.0
10,26,2007,0.0
10,27,2007,0.0
10,28,2007,0.0
10,29,2007,0.0
10,30,2007,0.0
10,31,2007,0.0
11,01,2007,0.0
11,02,2007,0.0
11,03,2007,0.0
11,04,2007,0.0
11,05,2007,0.0
11,06,2007,0.0
11,07,2007,0.0
11,08,2007,0.0
11,09,2007,0.0
11,10,2007,0.0
11,11,2007,0.0
11,12,2007,0.0
11,13,2007,0.0
11,14,2007,0.0
11,15,2007,0.0
11,16,2007,0.0
11,17,2007,0.0
11,18,2007,0.0
11,19,2007,0.0
11,20,2007,0.0
11,21,2007,0.0
11,22,2007,0.0
11,23,2007,0.0
11,24,2007,0.0
11,25,2007,0.0
11,26,2007,0.0
11,27,2007,0.0
11,28,2007,0.0
11,29,2007,0.0
11,30,2007,0.0
12,01,2007,0.0
12,02,2007,0.0
12,03,2007,0.0
12,04,2007,0.0
12,05,2007,20.0
12,06,2007,10.0
12,07,2007,0.0
12,08,2007,0.0
12,09,2007,0.0
12,10,2007,0.0
12,11,2007,0.0
12,12,2007,0.0
12,13,2007,0.0
12,14,2007,0.0
12,15,2007,0.0
12,16,2007,0.0
12,17,2007,0.0
12,18,2007,0.0
12,19,2007,0.0
12,20,2007,0.0
12,21,2007,0.0
12,22,2007,0.0
12,23,2007,0.0
12,24,2007,0.0
12,25,2007,0.0
12,26,2007,0.0
12,27,2007,0.0
12,28,2007,0.0
12,29,2007,0.0
12,30,2007,0.0
12,31,2007,0.0
01,01,2008,0.0
01,02,2008,0.0
01,03,2008,0.0
01,04,2008,0.0
01,05,2008,0.0
01,06,2008,0.0
01,07,2008,0.0
01,08,2008,0.0
01,09,2008,0.0
01,10,2008,0.0
01,11,2008,0.0
01,12,2008,0.0
01,13,2008,0.0
01,14,2008,0.0
01,15,2008,0.0
01,16,2008,0.0
01,17,2008,0.0
01,18,2008,0.0
01,19,2008,0.0
01,20,2008,0.0
01,21,2008,0.0
01,22,2008,0.0
01,23,2008,0.0
01,24,2008,0.0
01,25,2008,0.0
01,26,2008,0.0
01,27,2008,0.0
01,28,2008,0.0
01,29,2008,0.0
01,30,2008,0.0
01,31,2008,0.0
02,01,2008,0.0
02,02,2008,0.0
02,03,2008,0.0
02,04,2008,0.0
02,05,2008,0.0
02,06,2008,0.0
02,07,2008,0.0
02,08,2008,0.0
02,09,2008,0.0
02,10,2008,0.0
02,11,2008,0.0
02,12,2008,0.0
02,13,2008,0.0
02,14,2008,0.0
02,15,2008,0.0
02,16,2008,0.0
02,17,2008,0.0
02,18,2008,0.0
02,19,2008,0.0
02,20,2008,0.0
02,21,2008,0.0
02,22,2008,0.0
02,23,2008,0.0
02,24,2008,0.0
02,25,2008,0.0
02,26,2008,0.0
02,27,2008,0.0
02,28,2008,0.0
02,29,2008,0.0
03,01,2008,0.0
03,02,2008,0.0
03,03,2008,0.0
03,04,2008,0.0
03,05,2008,0.0
03,06,2008,0.0
03,07,2008,0.0
03,08,2008,0.0
03,09,2008,0.0
03,10,2008,0.0
03,11,2008,0.0
03,12,2008,0.0
03,13,2008,0.0
03,14,2008,0.0
03,15,2008,0.0
03,16,2008,0.0
03,17,2008,0.0
03,18,2008,0.0
03,19,2008,0.0
03,20,2008,0.0
03,21,2008,0.0
03,22,2008,0.0
03,23,2008,0.0
03,24,2008,0.0
03,25,2008,0.0
03,26,2008,0.0
03,27,2008,0.0
03,28,2008,0.0
03,29,2008,0.0
03,30,2008,0.0
03,31,2008,0.0
04,01,2008,0.0
04,02,2008,0.0
04,03,2008,0.0
04,04,2008,0.0
04,05,2008,0.0
04,06,2008,0.0
04,07,2008,0.0
04,08,2008,0.0
04,09,2008,0.0
04,10,2008,0.0
04,11,2008,0.0
04,12,2008,0.0
04,13,2008,0.0
04,14,2008,0.0
04,15,2008,0.0
04,16,2008,0.0
04,17,2008,0.0
04,18,2008,0.0
04,19,2008,0.0
04,20,2008,0.0
04,21,2008,0.0
04,22,2008,0.0
04,23,2008,0.0
04,24,2008,0.0
04,25,2008,0.0
04,26,2008,0.0
04,27,2008,0.0
04,28,2008,0.0
04,29,2008,0.0
04,30,2008,0.0
05,01,2008,0.0
05,02,2008,0.0
05,03,2008,0.0
05,04,2008,0.0
05,05,2008,0.0
05,06,2008,0.0
05,07,2008,0.0
05,08,2008,0.0
05,09,2008,0.0
05,10,2008,0.0
05,11,2008,0.0
05,12,2008,0.0
05,13,2008,0.0
05,14,2008,0.0
05,15,2008,0.0
05,16,2008,0.0
05,17,2008,0.0
05,18,2008,0.0
05,19,2008,0.0
05,20,2008,0.0
05,21,2008,0.0
05,22,2008,0.0
05,23,2008,0.0
05,24,2008,0.0
05,25,2008,0.0
05,26,2008,0.0
05,27,2008,0.0
05,28,2008,0.0
05,29,2008,0.0
05,30,2008,0.0
05,31,2008,0.0
06,01,2008,0.0
06,02,2008,0.0
06,03,2008,0.0
06,04,2008,0.0
06,05,2008,0.0
06,06,2008,0.0
06,07,2008,0.0
06,08,2008,0.0
06,09,2008,20.0
06,10,2008,5.0
06,11,2008,0.0
06,12,2008,2.0
06,13,2008,0.0
06,14,2008,26.0
06,15,2008,0.0
06,16,2008,0.0
06,17,2008,0.0
06,18,2008,14.0
06,19,2008,0.0
06,20,2008,20.0
06,21,2008,15.0
06,22,2008,6.0
06,23,2008,0.0
06,24,2008,39.0
06,25,2008,0.0
06,26,2008,57.0
06,27,2008,0.0
06,28,2008,0.0
06,29,2008,0.0
06,30,2008,10.5
07,01,2008,0.0
07,02,2008,13.0
07,03,2008,33.0
07,04,2008,15.0
07,05,2008,0.0
07,06,2008,62.0
07,07,2008,3.0
07,08,2008,42.0
07,09,2008,10.0
07,10,2008,2.0
07,11,2008,4.5
07,12,2008,0.0
07,13,2008,4.0
07,14,2008,0.0
07,15,2008,24.0
07,16,2008,39.0
07,17,2008,6.0
07,18,2008,0.0
07,19,2008,13.0
07,20,2008,2.0
07,21,2008,2.0
07,22,2008,8.0
07,23,2008,0.0
07,24,2008,33.0
07,25,2008,50.0
07,26,2008,61.0
07,27,2008,2.0
07,28,2008,0.0
07,29,2008,0.0
07,30,2008,0.0
07,31,2008,2.0
08,01,2008,0.0
08,02,2008,15.0
08,03,2008,12.5
08,04,2008,0.0
08,05,2008,15.0
08,06,2008,7.0
08,07,2008,2.0
08,08,2008,31.0
08,09,2008,0.0
08,10,2008,0.0
08,11,2008,6.0
08,12,2008,16.0
08,13,2008,0.0
08,14,2008,13.0
08,15,2008,0.0
08,16,2008,14.5
08,17,2008,0.0
08,18,2008,0.0
08,19,2008,26.0
08,20,2008,29.0
08,21,2008,40.0
08,22,2008,0.0
08,23,2008,12.0
08,24,2008,0.0
08,25,2008,0.0
08,26,2008,2.0
08,27,2008,53.0
08,28,2008,15.0
08,29,2008,46.0
08,30,2008,21.0
08,31,2008,0.0
09,01,2008,20.0
09,02,2008,23.0
09,03,2008,0.0
09,04,2008,22.0
09,05,2008,18.0
09,06,2008,0.0
09,07,2008,9.0
09,08,2008,11.0
09,09,2008,57.0
09,10,2008,0.0
09,11,2008,0.0
09,12,2008,0.0
09,13,2008,34.0
09,14,2008,28.0
09,15,2008,25.0
09,16,2008,0.0
09,17,2008,0.0
09,18,2008,4.0
09,19,2008,21.0
09,20,2008,30.0
09,21,2008,20.0
09,22,2008,0.0
09,23,2008,0.0
09,24,2008,12.0
09,25,2008,0.0
09,26,2008,2.0
09,27,2008,17.0
09,28,2008,40.0
09,29,2008,0.0
09,30,2008,0.0
10,01,2008,0.0
10,02,2008,1.0
10,03,2008,0.0
10,04,2008,1.0
10,05,2008,0.0
10,06,2008,1.0
10,07,2008,0.0
10,08,2008,0.0
10,09,2008,0.0
10,10,2008,0.0
10,11,2008,11.0
10,12,2008,0.0
10,13,2008,0.0
10,14,2008,3.0
10,15,2008,1.0
10,16,2008,0.0
10,17,2008,0.0
10,18,2008,0.0
10,19,2008,15.0
10,20,2008,25.0
10,21,2008,3.0
10,22,2008,0.0
10,23,2008,2.0
10,24,2008,11.0
10,25,2008,0.0
10,26,2008,0.0
10,27,2008,0.0
10,28,2008,0.0
10,29,2008,0.0
10,30,2008,0.0
10,31,2008,0.0
11,01,2008,0.0
11,02,2008,1.0
11,03,2008,0.0
11,04,2008,0.0
11,05,2008,0.0
11,06,2008,0.0
11,07,2008,0.0
11,08,2008,0.0
11,09,2008,0.0
11,10,2008,0.0
11,11,2008,0.0
11,12,2008,0.0
11,13,2008,0.0
11,14,2008,0.0
11,15,2008,0.0
11,16,2008,0.0
11,17,2008,0.0
11,18,2008,0.0
11,19,2008,0.0
11,20,2008,0.0
11,21,2008,0.0
11,22,2008,0.0
11,23,2008,0.0
11,24,2008,0.0
11,25,2008,0.0
11,26,2008,0.0
11,27,2008,0.0
11,28,2008,0.0
11,29,2008,0.0
11,30,2008,0.0
12,01,2008,null
12,02,2008,null
12,03,2008,null
12,04,2008,null
12,05,2008,null
12,06,2008,null
12,07,2008,null
12,08,2008,null
12,09,2008,null
12,10,2008,null
12,11,2008,null
12,12,2008,null
12,13,2008,null
12,14,2008,null
12,15,2008,null
12,16,2008,null
12,17,2008,null
12,18,2008,null
12,19,2008,null
12,20,2008,null
12,21,2008,null
12,22,2008,null
12,23,2008,null
12,24,2008,null
12,25,2008,null
12,26,2008,null
12,27,2008,null
12,28,2008,null
12,29,2008,null
12,30,2008,null
12,31,2008,null
01,01,2009,0.0
01,02,2009,0.0
01,03,2009,0.0
01,04,2009,0.0
01,05,2009,0.0
01,06,2009,0.0
01,07,2009,0.0
01,08,2009,0.0
01,09,2009,0.0
01,10,2009,0.0
01,11,2009,0.0
01,12,2009,0.0
01,13,2009,0.0
01,14,2009,0.0
01,15,2009,2.0
01,16,2009,0.0
01,17,2009,0.0
01,18,2009,0.0
01,19,2009,0.0
01,20,2009,0.0
01,21,2009,0.0
01,22,2009,0.0
01,23,2009,0.0
01,24,2009,0.0
01,25,2009,0.0
01,26,2009,0.0
01,27,2009,0.0
01,28,2009,0.0
01,29,2009,0.0
01,30,2009,0.0
01,31,2009,0.0
02,01,2009,0.0
02,02,2009,0.0
02,03,2009,0.0
02,04,2009,0.0
02,05,2009,0.0
02,06,2009,0.0
02,07,2009,0.0
02,08,2009,0.0
02,09,2009,0.0
02,10,2009,0.0
02,11,2009,0.0
02,12,2009,0.0
02,13,2009,0.0
02,14,2009,0.0
02,15,2009,0.0
02,16,2009,0.0
02,17,2009,0.0
02,18,2009,0.0
02,19,2009,0.0
02,20,2009,0.0
02,21,2009,0.0
02,22,2009,0.0
02,23,2009,0.0
02,24,2009,0.0
02,25,2009,0.0
02,26,2009,0.0
02,27,2009,0.0
02,28,2009,0.0
03,01,2009,0.0
03,02,2009,0.0
03,03,2009,0.0
03,04,2009,0.0
03,05,2009,0.0
03,06,2009,0.0
03,07,2009,0.0
03,08,2009,0.0
03,09,2009,0.0
03,10,2009,0.0
03,11,2009,0.0
03,12,2009,0.0
03,13,2009,0.0
03,14,2009,0.0
03,15,2009,0.0
03,16,2009,0.0
03,17,2009,0.0
03,18,2009,0.0
03,19,2009,0.0
03,20,2009,0.0
03,21,2009,0.0
03,22,2009,0.0
03,23,2009,0.0
03,24,2009,0.0
03,25,2009,0.0
03,26,2009,0.0
03,27,2009,0.0
03,28,2009,0.0
03,29,2009,0.0
03,30,2009,0.0
03,31,2009,0.0
04,01,2009,0.0
04,02,2009,0.0
04,03,2009,0.0
04,04,2009,0.0
04,05,2009,0.0
04,06,2009,0.0
04,07,2009,0.0
04,08,2009,0.0
04,09,2009,0.0
04,10,2009,0.0
04,11,2009,0.0
04,12,2009,0.0
04,13,2009,0.0
04,14,2009,0.0
04,15,2009,0.0
04,16,2009,0.0
04,17,2009,0.0
04,18,2009,0.0
04,19,2009,0.0
04,20,2009,0.0
04,21,2009,0.0
04,22,2009,0.0
04,23,2009,0.0
04,24,2009,0.0
04,25,2009,0.0
04,26,2009,0.0
04,27,2009,0.0
04,28,2009,0.0
04,29,2009,0.0
04,30,2009,0.0
05,01,2009,0.0
05,02,2009,0.0
05,03,2009,0.0
05,04,2009,0.0
05,05,2009,0.0
05,06,2009,0.0
05,07,2009,0.0
05,08,2009,0.0
05,09,2009,0.0
05,10,2009,0.0
05,11,2009,0.0
05,12,2009,0.0
05,13,2009,0.0
05,14,2009,0.0
05,15,2009,0.0
05,16,2009,0.0
05,17,2009,0.0
05,18,2009,2.0
05,19,2009,0.0
05,20,2009,0.0
05,21,2009,0.0
05,22,2009,0.0
05,23,2009,0.0
05,24,2009,0.0
05,25,2009,0.0
05,26,2009,0.0
05,27,2009,0.0
05,28,2009,0.0
05,29,2009,0.0
05,30,2009,0.0
05,31,2009,0.0
06,01,2009,0.0
06,02,2009,0.0
06,03,2009,0.0
06,04,2009,0.0
06,05,2009,0.0
06,06,2009,0.0
06,07,2009,0.0
06,08,2009,0.0
06,09,2009,0.0
06,10,2009,0.0
06,11,2009,0.0
06,12,2009,0.0
06,13,2009,0.0
06,14,2009,0.0
06,15,2009,0.0
06,16,2009,0.0
06,17,2009,0.0
06,18,2009,41.0
06,19,2009,0.0
06,20,2009,0.0
06,21,2009,23.0
06,22,2009,13.0
06,23,2009,1.0
06,24,2009,0.0
06,25,2009,0.0
06,26,2009,0.0
06,27,2009,0.0
06,28,2009,35.0
06,29,2009,2.0
06,30,2009,0.0
07,01,2009,0.0
07,02,2009,2.0
07,03,2009,4.9
07,04,2009,5.0
07,05,2009,0.0
07,06,2009,0.0
07,07,2009,0.0
07,08,2009,0.0
07,09,2009,0.0
07,10,2009,40.0
07,11,2009,0.0
07,12,2009,15.0
07,13,2009,0.0
07,14,2009,0.0
07,15,2009,0.0
07,16,2009,0.0
07,17,2009,0.0
07,18,2009,0.0
07,19,2009,0.0
07,20,2009,0.0
07,21,2009,14.0
07,22,2009,0.0
07,23,2009,44.0
07,24,2009,0.0
07,25,2009,0.0
07,26,2009,0.0
07,27,2009,0.0
07,28,2009,2.0
07,29,2009,0.0
07,30,2009,0.0
07,31,2009,55.0
08,01,2009,0.0
08,02,2009,0.0
08,03,2009,0.0
08,04,2009,0.0
08,05,2009,0.0
08,06,2009,20.0
08,07,2009,0.0
08,08,2009,0.0
08,09,2009,40.0
08,10,2009,0.0
08,11,2009,0.0
08,12,2009,0.0
08,13,2009,50.0
08,14,2009,0.0
08,15,2009,0.0
08,16,2009,19.0
08,17,2009,20.0
08,18,2009,8.0
08,19,2009,16.0
08,20,2009,0.0
08,21,2009,11.0
08,22,2009,0.0
08,23,2009,8.0
08,24,2009,0.0
08,25,2009,50.0
08,26,2009,0.0
08,27,2009,0.0
08,28,2009,48.0
08,29,2009,0.0
08,30,2009,20.0
08,31,2009,0.0
09,01,2009,3.0
09,02,2009,0.0
09,03,2009,0.0
09,04,2009,0.0
09,05,2009,15.0
09,06,2009,6.0
09,07,2009,4.0
09,08,2009,0.0
09,09,2009,53.0
09,10,2009,40.0
09,11,2009,0.0
09,12,2009,0.0
09,13,2009,0.0
09,14,2009,0.0
09,15,2009,8.0
09,16,2009,3.0
09,17,2009,48.0
09,18,2009,0.0
09,19,2009,0.0
09,20,2009,31.0
09,21,2009,0.0
09,22,2009,0.0
09,23,2009,18.0
09,24,2009,0.0
09,25,2009,0.0
09,26,2009,20.0
09,27,2009,25.0
09,28,2009,0.0
09,29,2009,20.0
09,30,2009,0.0
10,01,2009,0.0
10,02,2009,0.0
10,03,2009,0.0
10,04,2009,0.0
10,05,2009,0.0
10,06,2009,0.0
10,07,2009,29.0
10,08,2009,0.0
10,09,2009,19.0
10,10,2009,0.0
10,11,2009,10.0
10,12,2009,0.0
10,13,2009,0.0
10,14,2009,0.0
10,15,2009,5.0
10,16,2009,18.0
10,17,2009,0.0
10,18,2009,0.0
10,19,2009,0.0
10,20,2009,18.0
10,21,2009,20.0
10,22,2009,5.0
10,23,2009,0.0
10,24,2009,5.0
10,25,2009,0.0
10,26,2009,0.0
10,27,2009,25.0
10,28,2009,3.0
10,29,2009,0.0
10,30,2009,0.0
10,31,2009,0.0
11,01,2009,0.0
11,02,2009,0.0
11,03,2009,0.0
11,04,2009,0.0
11,05,2009,0.0
11,06,2009,0.0
11,07,2009,0.0
11,08,2009,0.0
11,09,2009,0.0
11,10,2009,0.0
11,11,2009,0.0
11,12,2009,0.0
11,13,2009,0.0
11,14,2009,0.0
11,15,2009,0.0
11,16,2009,0.0
11,17,2009,0.0
11,18,2009,0.0
11,19,2009,0.0
11,20,2009,0.0
11,21,2009,0.0
11,22,2009,0.0
11,23,2009,0.0
11,24,2009,0.0
11,25,2009,0.0
11,26,2009,0.0
11,27,2009,0.0
11,28,2009,0.0
11,29,2009,0.0
11,30,2009,0.0
12,01,2009,0.0
12,02,2009,5.0
12,03,2009,0.0
12,04,2009,0.0
12,05,2009,28.0
12,06,2009,0.0
12,07,2009,0.0
12,08,2009,0.0
12,09,2009,0.0
12,10,2009,0.0
12,11,2009,32.0
12,12,2009,0.0
12,13,2009,0.0
12,14,2009,0.0
12,15,2009,0.0
12,16,2009,0.0
12,17,2009,0.0
12,18,2009,0.0
12,19,2009,0.0
12,20,2009,0.0
12,21,2009,0.0
12,22,2009,0.0
12,23,2009,0.0
12,24,2009,0.0
12,25,2009,0.0
12,26,2009,0.0
12,27,2009,0.0
12,28,2009,0.0
12,29,2009,0.0
12,30,2009,0.0
12,31,2009,0.0
01,01,2010,0.0
01,02,2010,0.0
01,03,2010,0.0
01,04,2010,0.0
01,05,2010,0.0
01,06,2010,1.0
01,07,2010,5.0
01,08,2010,0.0
01,09,2010,0.0
01,10,2010,0.0
01,11,2010,0.0
01,12,2010,0.0
01,13,2010,0.0
01,14,2010,0.0
01,15,2010,0.0
01,16,2010,0.0
01,17,2010,0.0
01,18,2010,0.0
01,19,2010,0.0
01,20,2010,0.0
01,21,2010,0.0
01,22,2010,0.0
01,23,2010,0.0
01,24,2010,0.0
01,25,2010,0.0
01,26,2010,0.0
01,27,2010,0.0
01,28,2010,0.0
01,29,2010,0.0
01,30,2010,0.0
01,31,2010,0.0
02,01,2010,22.0
02,02,2010,65.0
02,03,2010,62.0
02,04,2010,0.0
02,05,2010,0.0
02,06,2010,0.0
02,07,2010,0.0
02,08,2010,10.0
02,09,2010,0.0
02,10,2010,0.0
02,11,2010,2.0
02,12,2010,0.0
02,13,2010,0.0
02,14,2010,0.0
02,15,2010,0.0
02,16,2010,3.0
02,17,2010,10.0
02,18,2010,28.0
02,19,2010,0.0
02,20,2010,0.0
02,21,2010,0.0
02,22,2010,0.0
02,23,2010,0.0
02,24,2010,0.0
02,25,2010,0.0
02,26,2010,0.0
02,27,2010,0.0
02,28,2010,0.0
03,01,2010,0.0
03,02,2010,0.0
03,03,2010,0.0
03,04,2010,0.0
03,05,2010,0.0
03,06,2010,0.0
03,07,2010,0.0
03,08,2010,0.0
03,09,2010,0.0
03,10,2010,0.0
03,11,2010,0.0
03,12,2010,0.0
03,13,2010,0.0
03,14,2010,0.0
03,15,2010,0.0
03,16,2010,0.0
03,17,2010,0.0
03,18,2010,0.0
03,19,2010,0.0
03,20,2010,0.0
03,21,2010,0.0
03,22,2010,0.0
03,23,2010,0.0
03,24,2010,0.0
03,25,2010,0.0
03,26,2010,0.0
03,27,2010,0.0
03,28,2010,0.0
03,29,2010,0.0
03,30,2010,0.0
03,31,2010,0.0
04,01,2010,0.0
04,02,2010,0.0
04,03,2010,0.0
04,04,2010,0.0
04,05,2010,0.0
04,06,2010,0.0
04,07,2010,0.0
04,08,2010,0.0
04,09,2010,0.0
04,10,2010,0.0
04,11,2010,0.0
04,12,2010,0.0
04,13,2010,0.0
04,14,2010,0.0
04,15,2010,0.0
04,16,2010,0.0
04,17,2010,0.0
04,18,2010,0.0
04,19,2010,0.0
04,20,2010,0.0
04,21,2010,0.0
04,22,2010,0.0
04,23,2010,0.0
04,24,2010,0.0
04,25,2010,0.0
04,26,2010,0.0
04,27,2010,0.0
04,28,2010,0.0
04,29,2010,0.0
04,30,2010,0.0
05,01,2010,0.0
05,02,2010,0.0
05,03,2010,0.0
05,04,2010,0.0
05,05,2010,0.0
05,06,2010,0.0
05,07,2010,0.0
05,08,2010,0.0
05,09,2010,0.0
05,10,2010,0.0
05,11,2010,0.0
05,12,2010,0.0
05,13,2010,0.0
05,14,2010,0.0
05,15,2010,0.0
05,16,2010,0.0
05,17,2010,0.0
05,18,2010,0.0
05,19,2010,0.0
05,20,2010,0.0
05,21,2010,0.0
05,22,2010,0.0
05,23,2010,0.0
05,24,2010,0.0
05,25,2010,0.0
05,26,2010,0.0
05,27,2010,0.0
05,28,2010,0.0
05,29,2010,0.0
05,30,2010,0.0
05,31,2010,0.0
06,01,2010,0.0
06,02,2010,0.0
06,03,2010,0.0
06,04,2010,0.0
06,05,2010,0.0
06,06,2010,0.0
06,07,2010,0.0
06,08,2010,0.0
06,09,2010,0.0
06,10,2010,0.0
06,11,2010,0.0
06,12,2010,5.0
06,13,2010,0.0
06,14,2010,0.0
06,15,2010,0.0
06,16,2010,20.0
06,17,2010,12.0
06,18,2010,3.0
06,19,2010,0.0
06,20,2010,17.0
06,21,2010,0.0
06,22,2010,3.0
06,23,2010,0.0
06,24,2010,42.0
06,25,2010,0.0
06,26,2010,0.0
06,27,2010,0.0
06,28,2010,0.0
06,29,2010,0.3
06,30,2010,60.0
07,01,2010,60.0
07,02,2010,22.0
07,03,2010,2.0
07,04,2010,8.0
07,05,2010,10.0
07,06,2010,23.0
07,07,2010,0.0
07,08,2010,0.0
07,09,2010,8.0
07,10,2010,0.0
07,11,2010,4.0
07,12,2010,0.0
07,13,2010,0.0
07,14,2010,15.0
07,15,2010,28.0
07,16,2010,2.0
07,17,2010,0.0
07,18,2010,22.0
07,19,2010,8.0
07,20,2010,23.0
07,21,2010,20.0
07,22,2010,15.0
07,23,2010,10.0
07,24,2010,46.0
07,25,2010,12.0
07,26,2010,0.0
07,27,2010,15.0
07,28,2010,3.0
07,29,2010,5.0
07,30,2010,0.0
07,31,2010,0.0
08,01,2010,0.0
08,02,2010,0.0
08,03,2010,47.0
08,04,2010,39.0
08,05,2010,20.0
08,06,2010,0.0
08,07,2010,0.0
08,08,2010,5.0
08,09,2010,22.0
08,10,2010,7.0
08,11,2010,16.0
08,12,2010,8.0
08,13,2010,15.0
08,14,2010,40.0
08,15,2010,10.0
08,16,2010,0.0
08,17,2010,59.0
08,18,2010,10.0
08,19,2010,30.0
08,20,2010,20.0
08,21,2010,15.0
08,22,2010,40.0
08,23,2010,10.0
08,24,2010,19.0
08,25,2010,6.0
08,26,2010,0.0
08,27,2010,0.0
08,28,2010,0.0
08,29,2010,4.0
08,30,2010,10.0
08,31,2010,8.0
09,01,2010,3.0
09,02,2010,19.0
09,03,2010,4.0
09,04,2010,5.0
09,05,2010,3.0
09,06,2010,63.0
09,07,2010,23.0
09,08,2010,20.0
09,09,2010,1.0
09,10,2010,15.0
09,11,2010,0.0
09,12,2010,0.0
09,13,2010,10.0
09,14,2010,0.0
09,15,2010,0.0
09,16,2010,60.0
09,17,2010,33.0
09,18,2010,25.0
09,19,2010,23.0
09,20,2010,45.0
09,21,2010,5.0
09,22,2010,0.0
09,23,2010,18.0
09,24,2010,0.0
09,25,2010,0.0
09,26,2010,0.0
09,27,2010,56.0
09,28,2010,0.0
09,29,2010,0.0
09,30,2010,0.0
10,01,2010,8.0
10,02,2010,0.0
10,03,2010,0.0
10,04,2010,0.0
10,05,2010,10.0
10,06,2010,8.0
10,07,2010,0.0
10,08,2010,0.0
10,09,2010,0.0
10,10,2010,0.0
10,11,2010,0.0
10,12,2010,0.0
10,13,2010,13.0
10,14,2010,0.0
10,15,2010,0.0
10,16,2010,0.0
10,17,2010,0.0
10,18,2010,0.0
10,19,2010,0.0
10,20,2010,0.0
10,21,2010,0.0
10,22,2010,0.0
10,23,2010,0.0
10,24,2010,0.0
10,25,2010,0.0
10,26,2010,0.0
10,27,2010,0.0
10,28,2010,0.0
10,29,2010,0.0
10,30,2010,0.0
10,31,2010,0.0
11,01,2010,0.0
11,02,2010,0.0
11,03,2010,0.0
11,04,2010,0.0
11,05,2010,0.0
11,06,2010,0.0
11,07,2010,0.0
11,08,2010,0.0
11,09,2010,0.0
11,10,2010,0.0
11,11,2010,0.0
11,12,2010,0.0
11,13,2010,0.0
11,14,2010,0.0
11,15,2010,0.0
11,16,2010,0.0
11,17,2010,0.0
11,18,2010,0.0
11,19,2010,0.0
11,20,2010,0.0
11,21,2010,0.0
11,22,2010,0.0
11,23,2010,0.0
11,24,2010,0.0
11,25,2010,0.0
11,26,2010,0.0
11,27,2010,0.0
11,28,2010,0.0
11,29,2010,0.0
11,30,2010,0.0
12,01,2010,0.0
12,02,2010,0.0
12,03,2010,0.0
12,04,2010,0.0
12,05,2010,0.0
12,06,2010,0.0
12,07,2010,0.0
12,08,2010,0.0
12,09,2010,0.0
12,10,2010,0.0
12,11,2010,0.0
12,12,2010,0.0
12,13,2010,0.0
12,14,2010,0.0
12,15,2010,0.0
12,16,2010,0.0
12,17,2010,0.0
12,18,2010,0.0
12,19,2010,0.0
12,20,2010,0.0
12,21,2010,0.0
12,22,2010,0.0
12,23,2010,0.0
12,24,2010,0.0
12,25,2010,0.0
12,26,2010,0.0
12,27,2010,0.0
12,28,2010,0.0
12,29,2010,0.0
12,30,2010,0.0
12,31,2010,0.0
01,01,2011,0.0
01,02,2011,0.0
01,03,2011,0.0
01,04,2011,0.0
01,05,2011,0.0
01,06,2011,0.0
01,07,2011,0.0
01,08,2011,0.0
01,09,2011,0.0
01,10,2011,0.0
01,11,2011,0.0
01,12,2011,0.0
01,13,2011,0.0
01,14,2011,0.0
01,15,2011,0.0
01,16,2011,0.0
01,17,2011,0.0
01,18,2011,0.0
01,19,2011,0.0
01,20,2011,0.0
01,21,2011,0.0
01,22,2011,0.0
01,23,2011,0.0
01,24,2011,0.0
01,25,2011,0.0
01,26,2011,0.0
01,27,2011,0.0
01,28,2011,0.0
01,29,2011,0.0
01,30,2011,0.0
01,31,2011,0.0
02,01,2011,0.0
02,02,2011,0.0
02,03,2011,0.0
02,04,2011,0.0
02,05,2011,0.0
02,06,2011,0.0
02,07,2011,0.0
02,08,2011,0.0
02,09,2011,0.0
02,10,2011,0.0
02,11,2011,0.0
02,12,2011,0.0
02,13,2011,0.0
02,14,2011,0.0
02,15,2011,0.0
02,16,2011,0.0
02,17,2011,0.0
02,18,2011,0.0
02,19,2011,0.0
02,20,2011,0.0
02,21,2011,0.0
02,22,2011,0.0
02,23,2011,0.0
02,24,2011,0.0
02,25,2011,0.0
02,26,2011,0.0
02,27,2011,0.0
02,28,2011,0.0
03,01,2011,0.0
03,02,2011,0.0
03,03,2011,0.0
03,04,2011,0.0
03,05,2011,0.0
03,06,2011,0.0
03,07,2011,0.0
03,08,2011,0.0
03,09,2011,0.0
03,10,2011,0.0
03,11,2011,0.0
03,12,2011,0.0
03,13,2011,0.0
03,14,2011,0.0
03,15,2011,0.0
03,16,2011,0.0
03,17,2011,0.0
03,18,2011,0.0
03,19,2011,0.0
03,20,2011,0.0
03,21,2011,0.0
03,22,2011,0.0
03,23,2011,0.0
03,24,2011,0.0
03,25,2011,0.0
03,26,2011,0.0
03,27,2011,0.0
03,28,2011,0.0
03,29,2011,0.0
03,30,2011,0.0
03,31,2011,0.0
04,01,2011,0.0
04,02,2011,0.0
04,03,2011,0.0
04,04,2011,0.0
04,05,2011,0.0
04,06,2011,0.0
04,07,2011,0.0
04,08,2011,0.0
04,09,2011,0.0
04,10,2011,0.0
04,11,2011,0.0
04,12,2011,0.0
04,13,2011,0.0
04,14,2011,0.0
04,15,2011,0.0
04,16,2011,0.0
04,17,2011,0.0
04,18,2011,0.0
04,19,2011,0.0
04,20,2011,0.0
04,21,2011,0.0
04,22,2011,0.0
04,23,2011,0.0
04,24,2011,0.0
04,25,2011,0.0
04,26,2011,0.0
04,27,2011,0.0
04,28,2011,0.0
04,29,2011,0.0
04,30,2011,0.0
05,01,2011,0.0
05,02,2011,0.0
05,03,2011,0.0
05,04,2011,0.0
05,05,2011,0.0
05,06,2011,0.0
05,07,2011,0.0
05,08,2011,0.0
05,09,2011,0.0
05,10,2011,0.0
05,11,2011,0.0
05,12,2011,0.0
05,13,2011,0.0
05,14,2011,0.0
05,15,2011,0.0
05,16,2011,0.0
05,17,2011,0.0
05,18,2011,0.0
05,19,2011,0.0
05,20,2011,0.0
05,21,2011,0.0
05,22,2011,0.0
05,23,2011,0.0
05,24,2011,0.0
05,25,2011,0.0
05,26,2011,0.0
05,27,2011,0.0
05,28,2011,0.0
05,29,2011,0.0
05,30,2011,0.0
05,31,2011,0.0
06,01,2011,0.0
06,02,2011,0.0
06,03,2011,0.0
06,04,2011,2.0
06,05,2011,15.0
06,06,2011,0.0
06,07,2011,0.0
06,08,2011,0.0
06,09,2011,0.0
06,10,2011,0.0
06,11,2011,0.0
06,12,2011,0.0
06,13,2011,15.0
06,14,2011,0.0
06,15,2011,0.0
06,16,2011,0.0
06,17,2011,0.0
06,18,2011,0.0
06,19,2011,0.0
06,20,2011,21.0
06,21,2011,30.0
06,22,2011,20.0
06,23,2011,0.0
06,24,2011,0.0
06,25,2011,20.0
06,26,2011,17.0
06,27,2011,18.0
06,28,2011,10.0
06,29,2011,8.0
06,30,2011,17.0
07,01,2011,31.0
07,02,2011,8.0
07,03,2011,2.0
07,04,2011,15.0
07,05,2011,5.0
07,06,2011,40.0
07,07,2011,0.0
07,08,2011,16.0
07,09,2011,40.0
07,10,2011,18.0
07,11,2011,3.0
07,12,2011,8.0
07,13,2011,15.0
07,14,2011,56.0
07,15,2011,3.0
07,16,2011,5.0
07,17,2011,20.0
07,18,2011,0.0
07,19,2011,0.0
07,20,2011,0.0
07,21,2011,2.0
07,22,2011,0.0
07,23,2011,8.0
07,24,2011,6.0
07,25,2011,12.0
07,26,2011,11.0
07,27,2011,14.0
07,28,2011,0.0
07,29,2011,0.0
07,30,2011,6.0
07,31,2011,15.0
08,01,2011,5.0
08,02,2011,15.0
08,03,2011,18.0
08,04,2011,10.0
08,05,2011,0.0
08,06,2011,15.0
08,07,2011,10.0
08,08,2011,0.0
08,09,2011,15.0
08,10,2011,30.0
08,11,2011,23.0
08,12,2011,0.0
08,13,2011,4.0
08,14,2011,12.0
08,15,2011,0.0
08,16,2011,0.0
08,17,2011,10.0
08,18,2011,0.0
08,19,2011,10.0
08,20,2011,0.0
08,21,2011,29.0
08,22,2011,63.0
08,23,2011,23.0
08,24,2011,0.0
08,25,2011,5.0
08,26,2011,0.0
08,27,2011,15.0
08,28,2011,22.0
08,29,2011,7.0
08,30,2011,17.0
08,31,2011,15.0
09,01,2011,15.0
09,02,2011,20.0
09,03,2011,22.0
09,04,2011,10.0
09,05,2011,8.0
09,06,2011,10.0
09,07,2011,25.0
09,08,2011,0.0
09,09,2011,0.0
09,10,2011,0.0
09,11,2011,0.0
09,12,2011,0.0
09,13,2011,0.0
09,14,2011,0.0
09,15,2011,15.0
09,16,2011,14.0
09,17,2011,8.0
09,18,2011,3.0
09,19,2011,0.0
09,20,2011,0.0
09,21,2011,0.0
09,22,2011,0.0
09,23,2011,0.0
09,24,2011,0.0
09,25,2011,11.0
09,26,2011,0.0
09,27,2011,5.0
09,28,2011,2.0
09,29,2011,10.0
09,30,2011,15.0
10,01,2011,60.0
10,02,2011,5.0
10,03,2011,10.0
10,04,2011,17.0
10,05,2011,20.0
10,06,2011,0.0
10,07,2011,0.0
10,08,2011,0.0
10,09,2011,30.0
10,10,2011,75.0
10,11,2011,63.0
10,12,2011,36.0
10,13,2011,0.0
10,14,2011,0.0
10,15,2011,0.0
10,16,2011,0.0
10,17,2011,0.0
10,18,2011,0.0
10,19,2011,17.0
10,20,2011,0.0
10,21,2011,0.0
10,22,2011,0.0
10,23,2011,0.0
10,24,2011,0.0
10,25,2011,0.0
10,26,2011,0.0
10,27,2011,0.0
10,28,2011,0.0
10,29,2011,0.0
10,30,2011,0.0
10,31,2011,0.0
11,01,2011,0.0
11,02,2011,0.0
11,03,2011,0.0
11,04,2011,0.0
11,05,2011,0.0
11,06,2011,0.0
11,07,2011,0.0
11,08,2011,0.0
11,09,2011,0.0
11,10,2011,0.0
11,11,2011,0.0
11,12,2011,0.0
11,13,2011,0.0
11,14,2011,0.0
11,15,2011,0.0
11,16,2011,0.0
11,17,2011,0.0
11,18,2011,0.0
11,19,2011,0.0
11,20,2011,0.0
11,21,2011,0.0
11,22,2011,0.0
11,23,2011,0.0
11,24,2011,0.0
11,25,2011,0.0
11,26,2011,0.0
11,27,2011,0.0
11,28,2011,0.0
11,29,2011,0.0
11,30,2011,0.0
12,01,2011,0.0
12,02,2011,0.0
12,03,2011,0.0
12,04,2011,0.0
12,05,2011,0.0
12,06,2011,0.0
12,07,2011,0.0
12,08,2011,0.0
12,09,2011,0.0
12,10,2011,0.0
12,11,2011,0.0
12,12,2011,0.0
12,13,2011,0.0
12,14,2011,0.0
12,15,2011,0.0
12,16,2011,0.0
12,17,2011,0.0
12,18,2011,0.0
12,19,2011,0.0
12,20,2011,0.0
12,21,2011,0.0
12,22,2011,0.0
12,23,2011,0.0
12,24,2011,0.0
12,25,2011,0.0
12,26,2011,0.0
12,27,2011,0.0
12,28,2011,0.0
12,29,2011,0.0
12,30,2011,0.0
12,31,2011,0.0
01,01,2012,0.0
01,02,2012,0.0
01,03,2012,0.0
01,04,2012,0.0
01,05,2012,0.0
01,06,2012,0.0
01,07,2012,0.0
01,08,2012,0.0
01,09,2012,0.0
01,10,2012,0.0
01,11,2012,0.0
01,12,2012,0.0
01,13,2012,0.0
01,14,2012,0.0
01,15,2012,0.0
01,16,2012,0.0
01,17,2012,0.0
01,18,2012,0.0
01,19,2012,0.0
01,20,2012,0.0
01,21,2012,0.0
01,22,2012,0.0
01,23,2012,0.0
01,24,2012,0.0
01,25,2012,0.0
01,26,2012,0.0
01,27,2012,0.0
01,28,2012,0.0
01,29,2012,0.0
01,30,2012,0.0
01,31,2012,0.0
02,01,2012,0.0
02,02,2012,0.0
02,03,2012,0.0
02,04,2012,0.0
02,05,2012,0.0
02,06,2012,0.0
02,07,2012,0.0
02,08,2012,0.0
02,09,2012,5.0
02,10,2012,42.0
02,11,2012,23.0
02,12,2012,5.0
02,13,2012,17.0
02,14,2012,0.0
02,15,2012,0.0
02,16,2012,0.0
02,17,2012,0.0
02,18,2012,0.0
02,19,2012,0.0
02,20,2012,0.0
02,21,2012,0.0
02,22,2012,0.0
02,23,2012,0.0
02,24,2012,0.0
02,25,2012,0.0
02,26,2012,0.0
02,27,2012,0.0
02,28,2012,0.0
02,29,2012,0.0
03,01,2012,0.0
03,02,2012,0.0
03,03,2012,0.0
03,04,2012,0.0
03,05,2012,0.0
03,06,2012,0.0
03,07,2012,0.0
03,08,2012,0.0
03,09,2012,0.0
03,10,2012,0.0
03,11,2012,0.0
03,12,2012,0.0
03,13,2012,0.0
03,14,2012,0.0
03,15,2012,0.0
03,16,2012,0.0
03,17,2012,0.0
03,18,2012,0.0
03,19,2012,0.0
03,20,2012,0.0
03,21,2012,0.0
03,22,2012,0.0
03,23,2012,0.0
03,24,2012,0.0
03,25,2012,0.0
03,26,2012,0.0
03,27,2012,0.0
03,28,2012,0.0
03,29,2012,0.0
03,30,2012,0.0
03,31,2012,0.0
04,01,2012,0.0
04,02,2012,0.0
04,03,2012,0.0
04,04,2012,0.0
04,05,2012,0.0
04,06,2012,0.0
04,07,2012,0.0
04,08,2012,0.0
04,09,2012,0.0
04,10,2012,0.0
04,11,2012,0.0
04,12,2012,0.0
04,13,2012,0.0
04,14,2012,0.0
04,15,2012,0.0
04,16,2012,0.0
04,17,2012,0.0
04,18,2012,0.0
04,19,2012,0.0
04,20,2012,0.0
04,21,2012,0.0
04,22,2012,0.0
04,23,2012,0.0
04,24,2012,0.0
04,25,2012,0.0
04,26,2012,0.0
04,27,2012,0.0
04,28,2012,0.0
04,29,2012,0.0
04,30,2012,0.0
05,01,2012,0.0
05,02,2012,0.0
05,03,2012,0.0
05,04,2012,0.0
05,05,2012,0.0
05,06,2012,0.0
05,07,2012,0.0
05,08,2012,0.0
05,09,2012,0.0
05,10,2012,0.0
05,11,2012,0.0
05,12,2012,0.0
05,13,2012,0.0
05,14,2012,0.0
05,15,2012,0.0
05,16,2012,0.0
05,17,2012,0.0
05,18,2012,0.0
05,19,2012,0.0
05,20,2012,0.0
05,21,2012,0.0
05,22,2012,0.0
05,23,2012,0.0
05,24,2012,20.0
05,25,2012,10.0
05,26,2012,0.0
05,27,2012,0.0
05,28,2012,0.0
05,29,2012,0.0
05,30,2012,0.0
05,31,2012,0.0
06,01,2012,0.0
06,02,2012,0.0
06,03,2012,18.0
06,04,2012,0.0
06,05,2012,0.0
06,06,2012,0.0
06,07,2012,10.0
06,08,2012,2.0
06,09,2012,0.0
06,10,2012,0.0
06,11,2012,0.0
06,12,2012,0.0
06,13,2012,0.0
06,14,2012,0.0
06,15,2012,0.0
06,16,2012,20.0
06,17,2012,18.0
06,18,2012,0.0
06,19,2012,0.0
06,20,2012,43.0
06,21,2012,18.0
06,22,2012,20.0
06,23,2012,0.0
06,24,2012,42.0
06,25,2012,22.0
06,26,2012,30.0
06,27,2012,15.0
06,28,2012,0.0
06,29,2012,0.0
06,30,2012,0.0
07,01,2012,0.0
07,02,2012,0.0
07,03,2012,2.0
07,04,2012,37.0
07,05,2012,0.0
07,06,2012,0.0
07,07,2012,0.0
07,08,2012,45.0
07,09,2012,0.0
07,10,2012,0.0
07,11,2012,0.0
07,12,2012,4.0
07,13,2012,6.0
07,14,2012,5.0
07,15,2012,10.0
07,16,2012,0.0
07,17,2012,11.0
07,18,2012,0.0
07,19,2012,0.0
07,20,2012,0.0
07,21,2012,0.0
07,22,2012,24.0
07,23,2012,0.0
07,24,2012,5.0
07,25,2012,0.0
07,26,2012,0.0
07,27,2012,16.0
07,28,2012,0.0
07,29,2012,6.0
07,30,2012,9.0
07,31,2012,18.0
08,01,2012,2.0
08,02,2012,0.0
08,03,2012,4.0
08,04,2012,0.0
08,05,2012,13.0
08,06,2012,4.0
08,07,2012,12.0
08,08,2012,40.0
08,09,2012,0.0
08,10,2012,0.0
08,11,2012,11.0
08,12,2012,2.0
08,13,2012,13.0
08,14,2012,15.0
08,15,2012,0.0
08,16,2012,0.0
08,17,2012,25.0
08,18,2012,25.0
08,19,2012,32.0
08,20,2012,16.0
08,21,2012,27.0
08,22,2012,15.0
08,23,2012,0.0
08,24,2012,0.0
08,25,2012,11.0
08,26,2012,0.0
08,27,2012,0.0
08,28,2012,0.0
08,29,2012,14.0
08,30,2012,0.0
08,31,2012,0.0
09,01,2012,0.0
09,02,2012,0.0
09,03,2012,0.0
09,04,2012,0.0
09,05,2012,0.0
09,06,2012,5.0
09,07,2012,0.0
09,08,2012,0.0
09,09,2012,10.0
09,10,2012,4.0
09,11,2012,17.0
09,12,2012,0.0
09,13,2012,0.0
09,14,2012,0.0
09,15,2012,5.0
09,16,2012,0.0
09,17,2012,10.0
09,18,2012,15.0
09,19,2012,40.0
09,20,2012,2.0
09,21,2012,20.0
09,22,2012,49.0
09,23,2012,0.0
09,24,2012,0.0
09,25,2012,0.0
09,26,2012,0.0
09,27,2012,0.0
09,28,2012,0.0
09,29,2012,0.0
09,30,2012,0.0
10,01,2012,17.0
10,02,2012,0.0
10,03,2012,0.0
10,04,2012,0.0
10,05,2012,0.0
10,06,2012,0.0
10,07,2012,0.0
10,08,2012,0.0
10,09,2012,0.0
10,10,2012,0.0
10,11,2012,0.0
10,12,2012,0.0
10,13,2012,0.0
10,14,2012,30.0
10,15,2012,12.0
10,16,2012,3.0
10,17,2012,0.0
10,18,2012,0.0
10,19,2012,0.0
10,20,2012,15.0
10,21,2012,0.0
10,22,2012,0.0
10,23,2012,30.0
10,24,2012,0.0
10,25,2012,0.0
10,26,2012,0.0
10,27,2012,0.0
10,28,2012,0.0
10,29,2012,0.0
10,30,2012,0.0
10,31,2012,0.0
11,01,2012,0.0
11,02,2012,0.0
11,03,2012,22.0
11,04,2012,0.0
11,05,2012,0.0
11,06,2012,0.0
11,07,2012,0.0
11,08,2012,0.0
11,09,2012,0.0
11,10,2012,0.0
11,11,2012,0.0
11,12,2012,0.0
11,13,2012,0.0
11,14,2012,0.0
11,15,2012,0.0
11,16,2012,0.0
11,17,2012,0.0
11,18,2012,0.0
11,19,2012,0.0
11,20,2012,0.0
11,21,2012,0.0
11,22,2012,0.0
11,23,2012,0.0
11,24,2012,0.0
11,25,2012,0.0
11,26,2012,0.0
11,27,2012,0.0
11,28,2012,0.0
11,29,2012,0.0
11,30,2012,0.0
12,01,2012,0.0
12,02,2012,0.0
12,03,2012,0.0
12,04,2012,0.0
12,05,2012,0.0
12,06,2012,0.0
12,07,2012,0.0
12,08,2012,0.0
12,09,2012,0.0
12,10,2012,0.0
12,11,2012,0.0
12,12,2012,0.0
12,13,2012,0.0
12,14,2012,0.0
12,15,2012,0.0
12,16,2012,0.0
12,17,2012,0.0
12,18,2012,0.0
12,19,2012,0.0
12,20,2012,0.0
12,21,2012,0.0
12,22,2012,0.0
12,23,2012,0.0
12,24,2012,0.0
12,25,2012,0.0
12,26,2012,0.0
12,27,2012,0.0
12,28,2012,0.0
12,29,2012,0.0
12,30,2012,48.0
12,31,2012,0.0
01,01,2013,null
01,02,2013,null
01,03,2013,null
01,04,2013,null
01,05,2013,null
01,06,2013,null
01,07,2013,null
01,08,2013,null
01,09,2013,null
01,10,2013,null
01,11,2013,null
01,12,2013,null
01,13,2013,null
01,14,2013,null
01,15,2013,null
01,16,2013,null
01,17,2013,null
01,18,2013,null
01,19,2013,null
01,20,2013,null
01,21,2013,null
01,22,2013,null
01,23,2013,null
01,24,2013,null
01,25,2013,null
01,26,2013,null
01,27,2013,null
01,28,2013,null
01,29,2013,null
01,30,2013,null
01,31,2013,null
02,01,2013,null
02,02,2013,null
02,03,2013,null
02,04,2013,null
02,05,2013,null
02,06,2013,null
02,07,2013,null
02,08,2013,null
02,09,2013,null
02,10,2013,null
02,11,2013,null
02,12,2013,null
02,13,2013,null
02,14,2013,null
02,15,2013,null
02,16,2013,null
02,17,2013,null
02,18,2013,null
02,19,2013,null
02,20,2013,null
02,21,2013,null
02,22,2013,null
02,23,2013,null
02,24,2013,null
02,25,2013,null
02,26,2013,null
02,27,2013,null
02,28,2013,null
03,01,2013,null
03,02,2013,null
03,03,2013,null
03,04,2013,null
03,05,2013,null
03,06,2013,null
03,07,2013,null
03,08,2013,null
03,09,2013,null
03,10,2013,null
03,11,2013,null
03,12,2013,null
03,13,2013,null
03,14,2013,null
03,15,2013,null
03,16,2013,null
03,17,2013,null
03,18,2013,null
03,19,2013,null
03,20,2013,null
03,21,2013,null
03,22,2013,null
03,23,2013,null
03,24,2013,null
03,25,2013,null
03,26,2013,null
03,27,2013,null
03,28,2013,null
03,29,2013,null
03,30,2013,null
03,31,2013,null
04,01,2013,0.0
04,02,2013,0.0
04,03,2013,0.0
04,04,2013,0.0
04,05,2013,0.0
04,06,2013,0.0
04,07,2013,0.0
04,08,2013,0.0
04,09,2013,0.0
04,10,2013,0.0
04,11,2013,0.0
04,12,2013,0.0
04,13,2013,0.0
04,14,2013,0.0
04,15,2013,0.0
04,16,2013,0.0
04,17,2013,0.0
04,18,2013,0.0
04,19,2013,0.0
04,20,2013,0.0
04,21,2013,0.0
04,22,2013,0.0
04,23,2013,0.0
04,24,2013,0.0
04,25,2013,0.0
04,26,2013,0.0
04,27,2013,0.0
04,28,2013,0.0
04,29,2013,0.0
04,30,2013,0.0
05,01,2013,0.0
05,02,2013,0.0
05,03,2013,0.0
05,04,2013,0.0
05,05,2013,0.0
05,06,2013,0.0
05,07,2013,0.0
05,08,2013,0.0
05,09,2013,0.0
05,10,2013,0.0
05,11,2013,0.0
05,12,2013,0.0
05,13,2013,0.0
05,14,2013,0.0
05,15,2013,0.0
05,16,2013,0.0
05,17,2013,0.0
05,18,2013,0.0
05,19,2013,0.0
05,20,2013,0.0
05,21,2013,0.0
05,22,2013,0.0
05,23,2013,0.0
05,24,2013,0.0
05,25,2013,0.0
05,26,2013,0.0
05,27,2013,0.0
05,28,2013,0.0
05,29,2013,0.0
05,30,2013,0.0
05,31,2013,0.0
06,01,2013,0.0
06,02,2013,0.0
06,03,2013,0.0
06,04,2013,0.0
06,05,2013,0.0
06,06,2013,0.0
06,07,2013,0.0
06,08,2013,0.0
06,09,2013,0.0
06,10,2013,0.0
06,11,2013,0.0
06,12,2013,0.0
06,13,2013,0.0
06,14,2013,2.0
06,15,2013,0.0
06,16,2013,11.0
06,17,2013,0.0
06,18,2013,21.0
06,19,2013,0.0
06,20,2013,0.0
06,21,2013,0.0
06,22,2013,0.0
06,23,2013,0.0
06,24,2013,0.0
06,25,2013,0.0
06,26,2013,0.0
06,27,2013,41.0
06,28,2013,0.0
06,29,2013,14.0
06,30,2013,0.0
