Id:,32177
Estación:,NUEVO TAMPICO-ZAC
Posición:,24.9833333333N -102.61W
Variable:,Precipitación (mm)
Fecha Inicial:,09/01/1995
Fecha Final:,01/01/2013
No Dato:,nan
Mes,Día,Anio,Datos
09,01,1995,0.5
09,02,1995,13.0
09,03,1995,0.0
09,04,1995,0.0
09,05,1995,0.0
09,06,1995,0.0
09,07,1995,0.0
09,08,1995,0.0
09,09,1995,0.0
09,10,1995,0.0
09,11,1995,0.0
09,12,1995,0.5
09,13,1995,75.0
09,14,1995,0.0
09,15,1995,0.0
09,16,1995,0.0
09,17,1995,0.0
09,18,1995,0.0
09,19,1995,9.0
09,20,1995,14.0
09,21,1995,8.0
09,22,1995,16.0
09,23,1995,0.0
09,24,1995,0.0
09,25,1995,0.0
09,26,1995,0.0
09,27,1995,0.0
09,28,1995,0.0
09,29,1995,0.0
09,30,1995,0.0
10,01,1995,0.0
10,02,1995,0.0
10,03,1995,0.0
10,04,1995,0.0
10,05,1995,0.0
10,06,1995,0.0
10,07,1995,0.0
10,08,1995,0.0
10,09,1995,0.0
10,10,1995,0.0
10,11,1995,0.0
10,12,1995,0.0
10,13,1995,0.0
10,14,1995,0.0
10,15,1995,0.0
10,16,1995,0.0
10,17,1995,0.0
10,18,1995,0.0
10,19,1995,0.0
10,20,1995,0.0
10,21,1995,0.0
10,22,1995,0.0
10,23,1995,0.0
10,24,1995,0.0
10,25,1995,0.0
10,26,1995,0.0
10,27,1995,0.0
10,28,1995,10.0
10,29,1995,10.0
10,30,1995,0.0
10,31,1995,0.0
11,01,1995,0.0
11,02,1995,0.0
11,03,1995,23.0
11,04,1995,0.0
11,05,1995,0.0
11,06,1995,0.0
11,07,1995,0.0
11,08,1995,0.0
11,09,1995,0.0
11,10,1995,0.0
11,11,1995,0.0
11,12,1995,0.0
11,13,1995,0.0
11,14,1995,0.0
11,15,1995,0.0
11,16,1995,0.0
11,17,1995,0.0
11,18,1995,0.0
11,19,1995,0.0
11,20,1995,0.0
11,21,1995,0.0
11,22,1995,0.0
11,23,1995,0.0
11,24,1995,0.0
11,25,1995,0.0
11,26,1995,0.0
11,27,1995,0.0
11,28,1995,0.0
11,29,1995,0.0
11,30,1995,0.0
12,01,1995,0.0
12,02,1995,0.0
12,03,1995,0.0
12,04,1995,0.0
12,05,1995,0.0
12,06,1995,0.0
12,07,1995,0.0
12,08,1995,0.0
12,09,1995,0.0
12,10,1995,0.0
12,11,1995,0.0
12,12,1995,0.0
12,13,1995,0.0
12,14,1995,0.0
12,15,1995,0.0
12,16,1995,0.0
12,17,1995,0.0
12,18,1995,0.0
12,19,1995,0.0
12,20,1995,0.0
12,21,1995,0.0
12,22,1995,0.0
12,23,1995,0.0
12,24,1995,4.0
12,25,1995,8.0
12,26,1995,0.0
12,27,1995,0.0
12,28,1995,0.0
12,29,1995,0.0
12,30,1995,0.0
12,31,1995,0.0
01,01,1996,2.8
01,02,1996,0.0
01,03,1996,0.0
01,04,1996,0.0
01,05,1996,0.0
01,06,1996,0.0
01,07,1996,0.0
01,08,1996,0.0
01,09,1996,0.0
01,10,1996,0.0
01,11,1996,0.0
01,12,1996,0.0
01,13,1996,0.0
01,14,1996,0.0
01,15,1996,0.0
01,16,1996,0.0
01,17,1996,0.0
01,18,1996,0.0
01,19,1996,0.0
01,20,1996,0.0
01,21,1996,0.0
01,22,1996,0.0
01,23,1996,0.0
01,24,1996,0.0
01,25,1996,0.0
01,26,1996,0.0
01,27,1996,0.0
01,28,1996,0.0
01,29,1996,0.0
01,30,1996,0.0
01,31,1996,0.0
02,01,1996,0.0
02,02,1996,0.0
02,03,1996,0.0
02,04,1996,0.0
02,05,1996,0.0
02,06,1996,0.0
02,07,1996,0.0
02,08,1996,0.0
02,09,1996,0.0
02,10,1996,0.0
02,11,1996,40.0
02,12,1996,18.0
02,13,1996,0.0
02,14,1996,0.0
02,15,1996,0.0
02,16,1996,0.0
02,17,1996,0.0
02,18,1996,0.0
02,19,1996,0.0
02,20,1996,0.0
02,21,1996,0.0
02,22,1996,0.0
02,23,1996,0.0
02,24,1996,0.0
02,25,1996,0.0
02,26,1996,0.0
02,27,1996,0.0
02,28,1996,0.0
02,29,1996,0.0
03,01,1996,0.0
03,02,1996,0.0
03,03,1996,0.0
03,04,1996,0.0
03,05,1996,0.0
03,06,1996,0.0
03,07,1996,0.0
03,08,1996,0.0
03,09,1996,0.0
03,10,1996,0.0
03,11,1996,0.0
03,12,1996,0.0
03,13,1996,0.0
03,14,1996,0.0
03,15,1996,0.0
03,16,1996,0.0
03,17,1996,0.0
03,18,1996,0.0
03,19,1996,0.0
03,20,1996,0.0
03,21,1996,0.0
03,22,1996,0.0
03,23,1996,0.0
03,24,1996,0.0
03,25,1996,0.0
03,26,1996,0.0
03,27,1996,0.0
03,28,1996,0.0
03,29,1996,0.0
03,30,1996,0.0
03,31,1996,0.0
04,01,1996,0.0
04,02,1996,0.0
04,03,1996,0.0
04,04,1996,0.0
04,05,1996,0.0
04,06,1996,0.0
04,07,1996,0.0
04,08,1996,0.0
04,09,1996,0.0
04,10,1996,0.0
04,11,1996,0.0
04,12,1996,0.0
04,13,1996,0.0
04,14,1996,0.0
04,15,1996,0.0
04,16,1996,0.0
04,17,1996,0.0
04,18,1996,0.0
04,19,1996,0.0
04,20,1996,0.0
04,21,1996,0.0
04,22,1996,0.0
04,23,1996,0.0
04,24,1996,0.0
04,25,1996,0.0
04,26,1996,0.0
04,27,1996,0.0
04,28,1996,0.0
04,29,1996,0.0
04,30,1996,0.0
05,01,1996,0.0
05,02,1996,0.0
05,03,1996,0.0
05,04,1996,0.0
05,05,1996,0.0
05,06,1996,0.0
05,07,1996,0.0
05,08,1996,0.0
05,09,1996,0.0
05,10,1996,0.0
05,11,1996,0.0
05,12,1996,0.0
05,13,1996,0.0
05,14,1996,0.0
05,15,1996,0.0
05,16,1996,0.0
05,17,1996,0.0
05,18,1996,0.0
05,19,1996,0.0
05,20,1996,0.0
05,21,1996,0.0
05,22,1996,13.0
05,23,1996,0.0
05,24,1996,0.0
05,25,1996,0.0
05,26,1996,0.0
05,27,1996,0.0
05,28,1996,0.0
05,29,1996,0.0
05,30,1996,0.0
05,31,1996,0.0
06,01,1996,0.0
06,02,1996,0.0
06,03,1996,0.0
06,04,1996,0.0
06,05,1996,0.0
06,06,1996,0.0
06,07,1996,0.0
06,08,1996,0.0
06,09,1996,0.0
06,10,1996,28.0
06,11,1996,0.0
06,12,1996,0.0
06,13,1996,10.0
06,14,1996,0.0
06,15,1996,24.0
06,16,1996,0.0
06,17,1996,0.0
06,18,1996,0.0
06,19,1996,0.0
06,20,1996,0.0
06,21,1996,0.0
06,22,1996,0.0
06,23,1996,0.0
06,24,1996,0.0
06,25,1996,10.0
06,26,1996,0.0
06,27,1996,0.0
06,28,1996,0.0
06,29,1996,0.0
06,30,1996,0.0
07,01,1996,0.0
07,02,1996,0.0
07,03,1996,0.0
07,04,1996,0.0
07,05,1996,9.0
07,06,1996,0.0
07,07,1996,0.0
07,08,1996,0.0
07,09,1996,0.0
07,10,1996,0.0
07,11,1996,43.0
07,12,1996,0.0
07,13,1996,0.0
07,14,1996,10.0
07,15,1996,0.0
07,16,1996,0.0
07,17,1996,0.0
07,18,1996,0.0
07,19,1996,0.0
07,20,1996,0.0
07,21,1996,0.0
07,22,1996,0.0
07,23,1996,0.0
07,24,1996,0.0
07,25,1996,1.8
07,26,1996,0.0
07,27,1996,0.0
07,28,1996,0.0
07,29,1996,0.0
07,30,1996,0.0
07,31,1996,0.0
08,01,1996,0.0
08,02,1996,0.0
08,03,1996,2.6
08,04,1996,16.4
08,05,1996,0.0
08,06,1996,0.2
08,07,1996,0.0
08,08,1996,0.0
08,09,1996,0.0
08,10,1996,0.0
08,11,1996,0.0
08,12,1996,6.1
08,13,1996,0.4
08,14,1996,0.0
08,15,1996,4.4
08,16,1996,0.0
08,17,1996,0.0
08,18,1996,0.0
08,19,1996,0.0
08,20,1996,2.1
08,21,1996,0.0
08,22,1996,0.0
08,23,1996,1.2
08,24,1996,0.5
08,25,1996,0.0
08,26,1996,0.0
08,27,1996,0.0
08,28,1996,1.4
08,29,1996,0.0
08,30,1996,0.0
08,31,1996,4.6
09,01,1996,0.0
09,02,1996,0.0
09,03,1996,0.0
09,04,1996,0.0
09,05,1996,0.0
09,06,1996,0.0
09,07,1996,0.0
09,08,1996,0.5
09,09,1996,0.2
09,10,1996,0.2
09,11,1996,0.0
09,12,1996,0.0
09,13,1996,4.6
09,14,1996,0.0
09,15,1996,0.0
09,16,1996,0.0
09,17,1996,5.6
09,18,1996,13.3
09,19,1996,9.4
09,20,1996,0.0
09,21,1996,0.0
09,22,1996,0.0
09,23,1996,0.0
09,24,1996,0.0
09,25,1996,0.0
09,26,1996,0.0
09,27,1996,0.0
09,28,1996,2.1
09,29,1996,1.0
09,30,1996,0.0
10,01,1996,0.0
10,02,1996,3.1
10,03,1996,12.2
10,04,1996,6.2
10,05,1996,3.0
10,06,1996,0.0
10,07,1996,0.0
10,08,1996,0.0
10,09,1996,0.0
10,10,1996,0.0
10,11,1996,0.0
10,12,1996,0.0
10,13,1996,0.0
10,14,1996,0.0
10,15,1996,0.0
10,16,1996,0.0
10,17,1996,0.0
10,18,1996,0.0
10,19,1996,0.0
10,20,1996,0.0
10,21,1996,0.0
10,22,1996,0.0
10,23,1996,0.0
10,24,1996,0.0
10,25,1996,0.0
10,26,1996,0.0
10,27,1996,0.0
10,28,1996,0.0
10,29,1996,0.0
10,30,1996,0.0
10,31,1996,0.0
11,01,1996,0.0
11,02,1996,0.0
11,03,1996,0.0
11,04,1996,0.0
11,05,1996,0.0
11,06,1996,0.0
11,07,1996,0.0
11,08,1996,0.0
11,09,1996,0.0
11,10,1996,0.0
11,11,1996,0.0
11,12,1996,0.0
11,13,1996,0.0
11,14,1996,0.0
11,15,1996,0.0
11,16,1996,0.0
11,17,1996,0.0
11,18,1996,0.0
11,19,1996,0.0
11,20,1996,0.0
11,21,1996,0.0
11,22,1996,0.0
11,23,1996,0.0
11,24,1996,0.0
11,25,1996,0.0
11,26,1996,0.3
11,27,1996,6.8
11,28,1996,0.3
11,29,1996,0.0
11,30,1996,0.0
12,01,1996,0.0
12,02,1996,0.0
12,03,1996,0.0
12,04,1996,0.0
12,05,1996,0.0
12,06,1996,0.0
12,07,1996,0.0
12,08,1996,0.0
12,09,1996,0.0
12,10,1996,0.0
12,11,1996,0.0
12,12,1996,0.0
12,13,1996,0.0
12,14,1996,0.0
12,15,1996,0.0
12,16,1996,0.0
12,17,1996,0.0
12,18,1996,0.0
12,19,1996,0.0
12,20,1996,0.0
12,21,1996,0.0
12,22,1996,0.0
12,23,1996,0.0
12,24,1996,0.0
12,25,1996,0.0
12,26,1996,0.0
12,27,1996,0.0
12,28,1996,0.0
12,29,1996,0.0
12,30,1996,0.0
12,31,1996,0.0
01,01,1997,0.0
01,02,1997,0.0
01,03,1997,0.0
01,04,1997,0.0
01,05,1997,0.0
01,06,1997,0.0
01,07,1997,0.2
01,08,1997,0.0
01,09,1997,0.0
01,10,1997,0.0
01,11,1997,0.0
01,12,1997,0.0
01,13,1997,0.0
01,14,1997,0.0
01,15,1997,0.0
01,16,1997,0.0
01,17,1997,1.5
01,18,1997,3.2
01,19,1997,1.5
01,20,1997,0.0
01,21,1997,0.0
01,22,1997,0.0
01,23,1997,0.0
01,24,1997,0.0
01,25,1997,0.0
01,26,1997,0.0
01,27,1997,0.0
01,28,1997,0.0
01,29,1997,0.0
01,30,1997,0.0
01,31,1997,0.0
02,01,1997,6.2
02,02,1997,0.0
02,03,1997,0.0
02,04,1997,0.0
02,05,1997,0.0
02,06,1997,0.0
02,07,1997,0.0
02,08,1997,0.0
02,09,1997,0.0
02,10,1997,0.0
02,11,1997,0.0
02,12,1997,0.0
02,13,1997,0.0
02,14,1997,0.0
02,15,1997,0.0
02,16,1997,0.0
02,17,1997,0.0
02,18,1997,0.0
02,19,1997,0.0
02,20,1997,0.0
02,21,1997,0.0
02,22,1997,0.0
02,23,1997,0.0
02,24,1997,0.0
02,25,1997,0.0
02,26,1997,0.0
02,27,1997,0.0
02,28,1997,0.0
03,01,1997,0.0
03,02,1997,0.0
03,03,1997,0.0
03,04,1997,0.0
03,05,1997,0.0
03,06,1997,0.0
03,07,1997,0.0
03,08,1997,0.0
03,09,1997,0.0
03,10,1997,5.0
03,11,1997,0.5
03,12,1997,0.0
03,13,1997,0.0
03,14,1997,0.0
03,15,1997,0.0
03,16,1997,0.0
03,17,1997,0.0
03,18,1997,0.0
03,19,1997,0.0
03,20,1997,0.0
03,21,1997,0.0
03,22,1997,0.0
03,23,1997,0.0
03,24,1997,0.0
03,25,1997,0.0
03,26,1997,0.0
03,27,1997,0.0
03,28,1997,0.0
03,29,1997,0.0
03,30,1997,0.5
03,31,1997,0.0
04,01,1997,0.0
04,02,1997,0.3
04,03,1997,0.0
04,04,1997,0.0
04,05,1997,0.0
04,06,1997,0.0
04,07,1997,4.0
04,08,1997,8.0
04,09,1997,0.0
04,10,1997,0.0
04,11,1997,0.0
04,12,1997,0.0
04,13,1997,1.6
04,14,1997,0.0
04,15,1997,0.0
04,16,1997,0.0
04,17,1997,0.4
04,18,1997,0.0
04,19,1997,0.0
04,20,1997,0.0
04,21,1997,0.0
04,22,1997,0.0
04,23,1997,0.0
04,24,1997,0.0
04,25,1997,0.0
04,26,1997,1.1
04,27,1997,0.0
04,28,1997,0.0
04,29,1997,0.0
04,30,1997,0.0
05,01,1997,0.0
05,02,1997,0.0
05,03,1997,0.0
05,04,1997,0.0
05,05,1997,0.0
05,06,1997,0.0
05,07,1997,0.0
05,08,1997,0.0
05,09,1997,0.0
05,10,1997,0.0
05,11,1997,0.0
05,12,1997,0.0
05,13,1997,2.5
05,14,1997,0.0
05,15,1997,0.0
05,16,1997,0.0
05,17,1997,0.0
05,18,1997,0.0
05,19,1997,1.2
05,20,1997,2.4
05,21,1997,0.0
05,22,1997,0.0
05,23,1997,0.0
05,24,1997,0.0
05,25,1997,0.0
05,26,1997,0.0
05,27,1997,0.2
05,28,1997,0.0
05,29,1997,0.0
05,30,1997,0.0
05,31,1997,0.0
06,01,1997,0.0
06,02,1997,0.0
06,03,1997,0.0
06,04,1997,0.0
06,05,1997,0.0
06,06,1997,0.0
06,07,1997,0.0
06,08,1997,0.0
06,09,1997,0.0
06,10,1997,0.0
06,11,1997,0.0
06,12,1997,0.0
06,13,1997,0.0
06,14,1997,0.3
06,15,1997,0.0
06,16,1997,0.0
06,17,1997,6.8
06,18,1997,0.0
06,19,1997,0.5
06,20,1997,0.0
06,21,1997,1.7
06,22,1997,0.0
06,23,1997,0.0
06,24,1997,0.0
06,25,1997,0.0
06,26,1997,9.9
06,27,1997,0.0
06,28,1997,0.0
06,29,1997,4.0
06,30,1997,0.0
07,01,1997,0.0
07,02,1997,0.0
07,03,1997,0.0
07,04,1997,0.0
07,05,1997,0.0
07,06,1997,0.0
07,07,1997,0.0
07,08,1997,10.8
07,09,1997,2.5
07,10,1997,13.0
07,11,1997,4.5
07,12,1997,0.0
07,13,1997,0.0
07,14,1997,0.0
07,15,1997,0.0
07,16,1997,0.0
07,17,1997,0.0
07,18,1997,0.0
07,19,1997,9.7
07,20,1997,0.7
07,21,1997,0.0
07,22,1997,3.8
07,23,1997,0.0
07,24,1997,0.0
07,25,1997,0.0
07,26,1997,1.5
07,27,1997,0.8
07,28,1997,0.0
07,29,1997,0.5
07,30,1997,5.8
07,31,1997,0.0
08,01,1997,0.0
08,02,1997,0.0
08,03,1997,1.1
08,04,1997,0.0
08,05,1997,0.0
08,06,1997,0.0
08,07,1997,0.5
08,08,1997,3.5
08,09,1997,5.5
08,10,1997,0.0
08,11,1997,0.0
08,12,1997,0.0
08,13,1997,2.1
08,14,1997,0.2
08,15,1997,1.0
08,16,1997,1.3
08,17,1997,0.0
08,18,1997,0.0
08,19,1997,0.0
08,20,1997,0.0
08,21,1997,0.0
08,22,1997,0.0
08,23,1997,0.0
08,24,1997,0.0
08,25,1997,0.0
08,26,1997,0.0
08,27,1997,0.0
08,28,1997,0.0
08,29,1997,0.0
08,30,1997,0.0
08,31,1997,0.0
09,01,1997,0.7
09,02,1997,0.7
09,03,1997,0.0
09,04,1997,0.0
09,05,1997,0.0
09,06,1997,0.0
09,07,1997,6.5
09,08,1997,0.0
09,09,1997,0.0
09,10,1997,0.0
09,11,1997,0.0
09,12,1997,0.0
09,13,1997,0.5
09,14,1997,0.0
09,15,1997,0.0
09,16,1997,0.0
09,17,1997,0.0
09,18,1997,0.0
09,19,1997,0.0
09,20,1997,2.1
09,21,1997,0.4
09,22,1997,13.7
09,23,1997,16.1
09,24,1997,1.3
09,25,1997,0.0
09,26,1997,0.0
09,27,1997,0.0
09,28,1997,0.0
09,29,1997,0.0
09,30,1997,0.0
10,01,1997,0.0
10,02,1997,0.0
10,03,1997,0.0
10,04,1997,0.0
10,05,1997,0.0
10,06,1997,3.8
10,07,1997,0.0
10,08,1997,0.5
10,09,1997,0.0
10,10,1997,13.2
10,11,1997,3.4
10,12,1997,0.0
10,13,1997,0.0
10,14,1997,0.0
10,15,1997,0.0
10,16,1997,0.0
10,17,1997,0.0
10,18,1997,0.0
10,19,1997,0.0
10,20,1997,0.0
10,21,1997,0.0
10,22,1997,0.0
10,23,1997,0.0
10,24,1997,0.0
10,25,1997,0.0
10,26,1997,0.0
10,27,1997,0.0
10,28,1997,4.1
10,29,1997,0.0
10,30,1997,0.0
10,31,1997,0.0
11,01,1997,0.0
11,02,1997,0.0
11,03,1997,0.0
11,04,1997,0.0
11,05,1997,0.0
11,06,1997,0.0
11,07,1997,4.5
11,08,1997,1.3
11,09,1997,0.0
11,10,1997,1.0
11,11,1997,9.8
11,12,1997,0.0
11,13,1997,0.0
11,14,1997,0.0
11,15,1997,0.0
11,16,1997,0.0
11,17,1997,0.0
11,18,1997,0.0
11,19,1997,0.0
11,20,1997,0.0
11,21,1997,0.0
11,22,1997,0.0
11,23,1997,0.0
11,24,1997,0.0
11,25,1997,0.0
11,26,1997,0.0
11,27,1997,0.0
11,28,1997,0.0
11,29,1997,0.0
11,30,1997,0.0
12,01,1997,0.0
12,02,1997,0.0
12,03,1997,0.0
12,04,1997,0.0
12,05,1997,0.0
12,06,1997,0.0
12,07,1997,0.0
12,08,1997,0.0
12,09,1997,0.0
12,10,1997,0.0
12,11,1997,0.7
12,12,1997,2.0
12,13,1997,0.0
12,14,1997,0.0
12,15,1997,0.0
12,16,1997,0.0
12,17,1997,0.0
12,18,1997,0.0
12,19,1997,0.0
12,20,1997,0.0
12,21,1997,0.0
12,22,1997,0.0
12,23,1997,0.0
12,24,1997,0.0
12,25,1997,0.0
12,26,1997,0.0
12,27,1997,0.0
12,28,1997,0.0
12,29,1997,0.0
12,30,1997,0.0
12,31,1997,0.0
01,01,1998,0.0
01,02,1998,0.0
01,03,1998,0.0
01,04,1998,0.0
01,05,1998,0.0
01,06,1998,0.0
01,07,1998,0.0
01,08,1998,0.0
01,09,1998,0.0
01,10,1998,0.0
01,11,1998,0.0
01,12,1998,0.0
01,13,1998,0.0
01,14,1998,0.0
01,15,1998,0.0
01,16,1998,0.0
01,17,1998,0.0
01,18,1998,0.0
01,19,1998,0.0
01,20,1998,0.0
01,21,1998,0.0
01,22,1998,0.0
01,23,1998,0.0
01,24,1998,0.0
01,25,1998,0.0
01,26,1998,0.0
01,27,1998,0.0
01,28,1998,0.0
01,29,1998,0.0
01,30,1998,0.0
01,31,1998,0.0
02,01,1998,0.0
02,02,1998,0.0
02,03,1998,0.0
02,04,1998,0.0
02,05,1998,0.0
02,06,1998,0.0
02,07,1998,0.0
02,08,1998,0.0
02,09,1998,0.0
02,10,1998,0.0
02,11,1998,0.0
02,12,1998,0.0
02,13,1998,1.0
02,14,1998,0.0
02,15,1998,0.0
02,16,1998,0.0
02,17,1998,0.0
02,18,1998,0.0
02,19,1998,0.0
02,20,1998,0.0
02,21,1998,0.0
02,22,1998,0.0
02,23,1998,0.0
02,24,1998,0.0
02,25,1998,0.0
02,26,1998,0.0
02,27,1998,0.0
02,28,1998,0.0
03,01,1998,0.0
03,02,1998,0.0
03,03,1998,0.0
03,04,1998,0.0
03,05,1998,0.0
03,06,1998,0.0
03,07,1998,0.0
03,08,1998,0.0
03,09,1998,0.0
03,10,1998,0.0
03,11,1998,0.0
03,12,1998,0.0
03,13,1998,0.0
03,14,1998,0.0
03,15,1998,0.0
03,16,1998,0.0
03,17,1998,0.0
03,18,1998,0.0
03,19,1998,0.0
03,20,1998,0.0
03,21,1998,0.0
03,22,1998,0.0
03,23,1998,0.0
03,24,1998,0.0
03,25,1998,0.0
03,26,1998,0.0
03,27,1998,0.0
03,28,1998,0.0
03,29,1998,0.0
03,30,1998,0.0
03,31,1998,0.0
04,01,1998,0.0
04,02,1998,0.0
04,03,1998,0.0
04,04,1998,0.0
04,05,1998,0.0
04,06,1998,0.0
04,07,1998,0.0
04,08,1998,0.0
04,09,1998,0.0
04,10,1998,0.0
04,11,1998,0.0
04,12,1998,0.0
04,13,1998,0.0
04,14,1998,0.0
04,15,1998,0.0
04,16,1998,0.0
04,17,1998,0.0
04,18,1998,0.0
04,19,1998,0.0
04,20,1998,0.0
04,21,1998,0.0
04,22,1998,0.0
04,23,1998,0.0
04,24,1998,0.0
04,25,1998,0.0
04,26,1998,0.0
04,27,1998,0.0
04,28,1998,0.0
04,29,1998,0.0
04,30,1998,0.0
05,01,1998,0.0
05,02,1998,0.0
05,03,1998,0.0
05,04,1998,0.0
05,05,1998,0.0
05,06,1998,0.0
05,07,1998,0.0
05,08,1998,0.0
05,09,1998,0.0
05,10,1998,0.0
05,11,1998,0.0
05,12,1998,0.0
05,13,1998,0.0
05,14,1998,0.0
05,15,1998,0.0
05,16,1998,0.0
05,17,1998,0.0
05,18,1998,0.0
05,19,1998,0.0
05,20,1998,0.0
05,21,1998,0.0
05,22,1998,0.0
05,23,1998,0.0
05,24,1998,0.0
05,25,1998,0.0
05,26,1998,0.0
05,27,1998,0.0
05,28,1998,0.0
05,29,1998,0.0
05,30,1998,0.0
05,31,1998,0.0
06,01,1998,0.0
06,02,1998,0.0
06,03,1998,0.0
06,04,1998,0.0
06,05,1998,0.0
06,06,1998,3.6
06,07,1998,0.0
06,08,1998,11.0
06,09,1998,1.5
06,10,1998,3.5
06,11,1998,0.0
06,12,1998,5.8
06,13,1998,0.0
06,14,1998,0.0
06,15,1998,0.3
06,16,1998,2.8
06,17,1998,0.0
06,18,1998,0.2
06,19,1998,0.0
06,20,1998,0.0
06,21,1998,0.0
06,22,1998,0.0
06,23,1998,0.0
06,24,1998,0.0
06,25,1998,0.0
06,26,1998,0.0
06,27,1998,12.0
06,28,1998,0.0
06,29,1998,0.0
06,30,1998,0.0
07,01,1998,0.3
07,02,1998,0.0
07,03,1998,0.0
07,04,1998,1.1
07,05,1998,0.0
07,06,1998,0.0
07,07,1998,0.0
07,08,1998,0.0
07,09,1998,0.4
07,10,1998,0.0
07,11,1998,0.0
07,12,1998,0.0
07,13,1998,0.0
07,14,1998,0.0
07,15,1998,1.0
07,16,1998,0.0
07,17,1998,0.0
07,18,1998,0.0
07,19,1998,10.5
07,20,1998,0.4
07,21,1998,0.0
07,22,1998,0.0
07,23,1998,0.0
07,24,1998,0.0
07,25,1998,0.0
07,26,1998,0.0
07,27,1998,2.2
07,28,1998,4.3
07,29,1998,9.2
07,30,1998,0.0
07,31,1998,0.0
08,01,1998,6.4
08,02,1998,0.0
08,03,1998,0.0
08,04,1998,0.0
08,05,1998,0.5
08,06,1998,5.7
08,07,1998,5.6
08,08,1998,2.5
08,09,1998,0.0
08,10,1998,0.0
08,11,1998,0.0
08,12,1998,0.0
08,13,1998,0.0
08,14,1998,0.0
08,15,1998,30.5
08,16,1998,22.8
08,17,1998,2.1
08,18,1998,4.5
08,19,1998,0.0
08,20,1998,0.0
08,21,1998,0.0
08,22,1998,0.0
08,23,1998,0.0
08,24,1998,1.4
08,25,1998,3.2
08,26,1998,0.5
08,27,1998,0.0
08,28,1998,0.0
08,29,1998,0.0
08,30,1998,0.0
08,31,1998,0.8
09,01,1998,2.4
09,02,1998,17.1
09,03,1998,0.0
09,04,1998,0.0
09,05,1998,1.5
09,06,1998,0.5
09,07,1998,0.0
09,08,1998,0.0
09,09,1998,0.0
09,10,1998,0.0
09,11,1998,0.0
09,12,1998,0.0
09,13,1998,0.0
09,14,1998,0.0
09,15,1998,1.8
09,16,1998,0.0
09,17,1998,0.0
09,18,1998,0.0
09,19,1998,0.0
09,20,1998,0.0
09,21,1998,0.0
09,22,1998,0.0
09,23,1998,0.0
09,24,1998,0.6
09,25,1998,0.0
09,26,1998,0.0
09,27,1998,0.0
09,28,1998,0.0
09,29,1998,0.0
09,30,1998,0.0
10,01,1998,0.2
10,02,1998,0.0
10,03,1998,0.0
10,04,1998,0.0
10,05,1998,0.0
10,06,1998,0.0
10,07,1998,0.0
10,08,1998,0.0
10,09,1998,0.0
10,10,1998,0.0
10,11,1998,0.0
10,12,1998,5.5
10,13,1998,0.0
10,14,1998,0.0
10,15,1998,0.0
10,16,1998,0.0
10,17,1998,0.0
10,18,1998,5.4
10,19,1998,0.0
10,20,1998,0.0
10,21,1998,0.0
10,22,1998,0.0
10,23,1998,0.0
10,24,1998,0.0
10,25,1998,0.0
10,26,1998,0.0
10,27,1998,0.0
10,28,1998,0.0
10,29,1998,0.0
10,30,1998,6.0
10,31,1998,0.0
11,01,1998,0.0
11,02,1998,0.0
11,03,1998,0.0
11,04,1998,0.0
11,05,1998,0.0
11,06,1998,0.0
11,07,1998,0.0
11,08,1998,0.0
11,09,1998,0.0
11,10,1998,0.0
11,11,1998,3.1
11,12,1998,4.9
11,13,1998,0.0
11,14,1998,0.0
11,15,1998,0.0
11,16,1998,0.0
11,17,1998,0.0
11,18,1998,0.0
11,19,1998,0.0
11,20,1998,0.0
11,21,1998,0.0
11,22,1998,0.0
11,23,1998,0.0
11,24,1998,0.0
11,25,1998,0.0
11,26,1998,0.0
11,27,1998,0.0
11,28,1998,0.0
11,29,1998,0.0
11,30,1998,0.0
12,01,1998,0.0
12,02,1998,0.0
12,03,1998,0.0
12,04,1998,0.0
12,05,1998,0.0
12,06,1998,0.0
12,07,1998,0.0
12,08,1998,0.0
12,09,1998,0.0
12,10,1998,0.0
12,11,1998,0.0
12,12,1998,0.0
12,13,1998,0.0
12,14,1998,0.0
12,15,1998,0.0
12,16,1998,0.0
12,17,1998,0.0
12,18,1998,0.0
12,19,1998,0.0
12,20,1998,0.0
12,21,1998,0.0
12,22,1998,0.0
12,23,1998,0.0
12,24,1998,0.0
12,25,1998,0.0
12,26,1998,0.0
12,27,1998,0.0
12,28,1998,0.0
12,29,1998,0.0
12,30,1998,0.0
12,31,1998,0.0
01,01,1999,0.0
01,02,1999,0.0
01,03,1999,0.0
01,04,1999,0.0
01,05,1999,0.0
01,06,1999,0.0
01,07,1999,0.0
01,08,1999,0.0
01,09,1999,0.0
01,10,1999,0.0
01,11,1999,0.0
01,12,1999,0.0
01,13,1999,0.0
01,14,1999,0.0
01,15,1999,0.0
01,16,1999,0.0
01,17,1999,0.0
01,18,1999,0.0
01,19,1999,0.0
01,20,1999,0.0
01,21,1999,0.0
01,22,1999,0.0
01,23,1999,0.0
01,24,1999,0.0
01,25,1999,0.0
01,26,1999,0.0
01,27,1999,0.0
01,28,1999,0.0
01,29,1999,0.0
01,30,1999,0.0
01,31,1999,0.0
02,01,1999,0.0
02,02,1999,0.0
02,03,1999,0.0
02,04,1999,0.0
02,05,1999,0.0
02,06,1999,0.0
02,07,1999,0.0
02,08,1999,0.0
02,09,1999,0.0
02,10,1999,0.0
02,11,1999,0.0
02,12,1999,0.0
02,13,1999,0.0
02,14,1999,0.0
02,15,1999,0.0
02,16,1999,0.0
02,17,1999,0.0
02,18,1999,0.0
02,19,1999,0.0
02,20,1999,0.0
02,21,1999,0.0
02,22,1999,0.0
02,23,1999,0.0
02,24,1999,0.0
02,25,1999,0.0
02,26,1999,0.0
02,27,1999,0.0
02,28,1999,0.0
03,01,1999,0.0
03,02,1999,0.0
03,03,1999,0.0
03,04,1999,0.0
03,05,1999,0.0
03,06,1999,0.0
03,07,1999,0.0
03,08,1999,0.0
03,09,1999,0.0
03,10,1999,0.0
03,11,1999,0.0
03,12,1999,0.0
03,13,1999,0.0
03,14,1999,0.0
03,15,1999,0.0
03,16,1999,0.0
03,17,1999,0.0
03,18,1999,0.0
03,19,1999,0.0
03,20,1999,0.0
03,21,1999,0.0
03,22,1999,0.0
03,23,1999,0.0
03,24,1999,0.0
03,25,1999,0.0
03,26,1999,0.0
03,27,1999,0.0
03,28,1999,0.0
03,29,1999,0.0
03,30,1999,0.0
03,31,1999,0.0
04,01,1999,0.0
04,02,1999,0.0
04,03,1999,0.0
04,04,1999,0.0
04,05,1999,0.0
04,06,1999,0.0
04,07,1999,0.0
04,08,1999,0.0
04,09,1999,0.0
04,10,1999,0.0
04,11,1999,0.0
04,12,1999,0.0
04,13,1999,0.0
04,14,1999,0.0
04,15,1999,0.0
04,16,1999,0.0
04,17,1999,0.0
04,18,1999,0.0
04,19,1999,0.0
04,20,1999,0.0
04,21,1999,0.0
04,22,1999,0.0
04,23,1999,0.0
04,24,1999,0.0
04,25,1999,0.0
04,26,1999,0.0
04,27,1999,0.0
04,28,1999,0.0
04,29,1999,0.0
04,30,1999,0.0
05,01,1999,0.0
05,02,1999,0.0
05,03,1999,0.0
05,04,1999,0.0
05,05,1999,0.0
05,06,1999,0.0
05,07,1999,0.0
05,08,1999,0.0
05,09,1999,0.0
05,10,1999,0.0
05,11,1999,0.0
05,12,1999,0.0
05,13,1999,0.0
05,14,1999,0.0
05,15,1999,0.0
05,16,1999,0.0
05,17,1999,0.0
05,18,1999,0.0
05,19,1999,0.0
05,20,1999,0.0
05,21,1999,0.0
05,22,1999,0.3
05,23,1999,0.0
05,24,1999,0.2
05,25,1999,0.0
05,26,1999,0.0
05,27,1999,0.5
05,28,1999,0.0
05,29,1999,0.0
05,30,1999,0.0
05,31,1999,0.0
06,01,1999,0.0
06,02,1999,0.0
06,03,1999,0.0
06,04,1999,0.0
06,05,1999,8.6
06,06,1999,13.5
06,07,1999,0.0
06,08,1999,0.0
06,09,1999,0.0
06,10,1999,0.0
06,11,1999,0.2
06,12,1999,0.0
06,13,1999,3.3
06,14,1999,29.6
06,15,1999,7.4
06,16,1999,0.0
06,17,1999,0.0
06,18,1999,2.9
06,19,1999,9.3
06,20,1999,27.5
06,21,1999,1.0
06,22,1999,2.5
06,23,1999,0.0
06,24,1999,1.7
06,25,1999,0.0
06,26,1999,34.0
06,27,1999,0.0
06,28,1999,0.0
06,29,1999,4.1
06,30,1999,0.0
07,01,1999,0.0
07,02,1999,7.3
07,03,1999,0.0
07,04,1999,1.0
07,05,1999,0.0
07,06,1999,1.5
07,07,1999,0.0
07,08,1999,0.0
07,09,1999,0.0
07,10,1999,32.3
07,11,1999,1.6
07,12,1999,0.2
07,13,1999,0.0
07,14,1999,0.0
07,15,1999,0.0
07,16,1999,0.0
07,17,1999,0.0
07,18,1999,0.0
07,19,1999,5.6
07,20,1999,0.0
07,21,1999,4.1
07,22,1999,0.0
07,23,1999,0.0
07,24,1999,0.0
07,25,1999,0.0
07,26,1999,0.0
07,27,1999,1.0
07,28,1999,1.6
07,29,1999,2.9
07,30,1999,0.0
07,31,1999,0.0
08,01,1999,1.5
08,02,1999,0.0
08,03,1999,0.0
08,04,1999,0.0
08,05,1999,0.4
08,06,1999,0.0
08,07,1999,0.0
08,08,1999,0.0
08,09,1999,0.0
08,10,1999,0.0
08,11,1999,0.0
08,12,1999,0.0
08,13,1999,0.0
08,14,1999,0.0
08,15,1999,0.0
08,16,1999,0.0
08,17,1999,0.0
08,18,1999,0.0
08,19,1999,0.0
08,20,1999,0.0
08,21,1999,0.0
08,22,1999,0.0
08,23,1999,0.0
08,24,1999,0.0
08,25,1999,3.1
08,26,1999,0.0
08,27,1999,0.0
08,28,1999,0.2
08,29,1999,0.0
08,30,1999,9.2
08,31,1999,0.0
09,01,1999,0.0
09,02,1999,0.0
09,03,1999,0.3
09,04,1999,2.8
09,05,1999,0.0
09,06,1999,2.9
09,07,1999,0.0
09,08,1999,0.0
09,09,1999,1.3
09,10,1999,0.0
09,11,1999,0.0
09,12,1999,0.0
09,13,1999,0.0
09,14,1999,0.0
09,15,1999,0.0
09,16,1999,0.0
09,17,1999,0.0
09,18,1999,0.0
09,19,1999,0.0
09,20,1999,0.0
09,21,1999,0.0
09,22,1999,0.0
09,23,1999,0.0
09,24,1999,0.0
09,25,1999,0.0
09,26,1999,0.0
09,27,1999,0.0
09,28,1999,0.0
09,29,1999,0.2
09,30,1999,0.0
10,01,1999,0.0
10,02,1999,0.0
10,03,1999,0.0
10,04,1999,0.0
10,05,1999,0.0
10,06,1999,0.0
10,07,1999,0.0
10,08,1999,0.0
10,09,1999,0.0
10,10,1999,0.0
10,11,1999,0.0
10,12,1999,0.0
10,13,1999,0.0
10,14,1999,0.0
10,15,1999,1.6
10,16,1999,0.0
10,17,1999,0.0
10,18,1999,0.0
10,19,1999,0.0
10,20,1999,0.0
10,21,1999,0.0
10,22,1999,0.0
10,23,1999,0.0
10,24,1999,0.0
10,25,1999,0.0
10,26,1999,0.0
10,27,1999,0.0
10,28,1999,0.0
10,29,1999,0.0
10,30,1999,0.0
10,31,1999,0.0
11,01,1999,0.0
11,02,1999,0.0
11,03,1999,0.0
11,04,1999,0.0
11,05,1999,0.0
11,06,1999,0.0
11,07,1999,0.0
11,08,1999,0.0
11,09,1999,0.0
11,10,1999,0.0
11,11,1999,0.0
11,12,1999,0.0
11,13,1999,0.0
11,14,1999,0.0
11,15,1999,0.0
11,16,1999,0.0
11,17,1999,0.0
11,18,1999,0.0
11,19,1999,0.0
11,20,1999,0.0
11,21,1999,0.0
11,22,1999,0.0
11,23,1999,0.0
11,24,1999,0.0
11,25,1999,0.0
11,26,1999,0.0
11,27,1999,0.0
11,28,1999,0.0
11,29,1999,0.0
11,30,1999,0.0
12,01,1999,0.0
12,02,1999,0.0
12,03,1999,0.0
12,04,1999,0.0
12,05,1999,0.0
12,06,1999,0.0
12,07,1999,0.0
12,08,1999,0.0
12,09,1999,0.0
12,10,1999,0.0
12,11,1999,0.0
12,12,1999,0.0
12,13,1999,0.0
12,14,1999,0.0
12,15,1999,0.0
12,16,1999,0.0
12,17,1999,0.0
12,18,1999,0.0
12,19,1999,0.0
12,20,1999,0.0
12,21,1999,0.0
12,22,1999,0.0
12,23,1999,0.0
12,24,1999,0.0
12,25,1999,2.5
12,26,1999,6.4
12,27,1999,0.0
12,28,1999,0.0
12,29,1999,0.0
12,30,1999,0.0
12,31,1999,0.0
01,01,2000,0.0
01,02,2000,0.0
01,03,2000,0.0
01,04,2000,0.0
01,05,2000,0.0
01,06,2000,0.0
01,07,2000,0.0
01,08,2000,0.0
01,09,2000,0.0
01,10,2000,0.0
01,11,2000,0.0
01,12,2000,0.0
01,13,2000,0.0
01,14,2000,0.0
01,15,2000,0.0
01,16,2000,0.0
01,17,2000,0.0
01,18,2000,0.0
01,19,2000,0.0
01,20,2000,0.0
01,21,2000,0.0
01,22,2000,0.0
01,23,2000,0.0
01,24,2000,0.0
01,25,2000,0.0
01,26,2000,0.0
01,27,2000,0.0
01,28,2000,0.0
01,29,2000,0.0
01,30,2000,0.0
01,31,2000,0.0
02,01,2000,0.0
02,02,2000,0.0
02,03,2000,0.0
02,04,2000,0.0
02,05,2000,0.0
02,06,2000,0.0
02,07,2000,0.0
02,08,2000,0.0
02,09,2000,0.0
02,10,2000,0.0
02,11,2000,0.0
02,12,2000,0.0
02,13,2000,0.0
02,14,2000,0.0
02,15,2000,0.0
02,16,2000,0.0
02,17,2000,0.0
02,18,2000,0.0
02,19,2000,0.0
02,20,2000,0.0
02,21,2000,0.0
02,22,2000,0.0
02,23,2000,0.0
02,24,2000,0.0
02,25,2000,0.0
02,26,2000,0.0
02,27,2000,0.0
02,28,2000,0.0
02,29,2000,0.0
03,01,2000,0.0
03,02,2000,0.0
03,03,2000,0.0
03,04,2000,0.0
03,05,2000,0.0
03,06,2000,0.0
03,07,2000,0.0
03,08,2000,0.0
03,09,2000,0.0
03,10,2000,0.0
03,11,2000,0.0
03,12,2000,0.0
03,13,2000,0.0
03,14,2000,0.0
03,15,2000,0.0
03,16,2000,0.0
03,17,2000,0.0
03,18,2000,0.0
03,19,2000,0.0
03,20,2000,0.0
03,21,2000,0.0
03,22,2000,0.0
03,23,2000,0.0
03,24,2000,0.0
03,25,2000,0.0
03,26,2000,0.0
03,27,2000,0.0
03,28,2000,0.0
03,29,2000,0.0
03,30,2000,0.0
03,31,2000,0.0
04,01,2000,0.0
04,02,2000,0.0
04,03,2000,0.0
04,04,2000,0.0
04,05,2000,0.0
04,06,2000,0.0
04,07,2000,0.0
04,08,2000,0.0
04,09,2000,0.0
04,10,2000,0.0
04,11,2000,0.0
04,12,2000,0.0
04,13,2000,0.0
04,14,2000,0.0
04,15,2000,0.0
04,16,2000,0.0
04,17,2000,0.0
04,18,2000,0.0
04,19,2000,0.0
04,20,2000,0.0
04,21,2000,0.0
04,22,2000,0.0
04,23,2000,0.0
04,24,2000,0.0
04,25,2000,0.0
04,26,2000,0.0
04,27,2000,0.3
04,28,2000,0.0
04,29,2000,0.0
04,30,2000,0.0
05,01,2000,0.0
05,02,2000,0.0
05,03,2000,0.0
05,04,2000,0.0
05,05,2000,0.0
05,06,2000,0.0
05,07,2000,0.4
05,08,2000,0.0
05,09,2000,0.0
05,10,2000,0.0
05,11,2000,0.0
05,12,2000,0.0
05,13,2000,0.0
05,14,2000,0.0
05,15,2000,0.0
05,16,2000,0.0
05,17,2000,0.0
05,18,2000,0.0
05,19,2000,0.0
05,20,2000,4.6
05,21,2000,10.4
05,22,2000,0.0
05,23,2000,0.0
05,24,2000,0.0
05,25,2000,0.2
05,26,2000,0.0
05,27,2000,31.5
05,28,2000,0.0
05,29,2000,0.0
05,30,2000,0.0
05,31,2000,3.3
06,01,2000,6.6
06,02,2000,0.0
06,03,2000,0.0
06,04,2000,0.0
06,05,2000,2.4
06,06,2000,1.4
06,07,2000,2.1
06,08,2000,0.4
06,09,2000,0.0
06,10,2000,0.0
06,11,2000,0.0
06,12,2000,0.0
06,13,2000,0.0
06,14,2000,0.0
06,15,2000,0.0
06,16,2000,0.0
06,17,2000,2.1
06,18,2000,6.5
06,19,2000,0.0
06,20,2000,0.0
06,21,2000,0.0
06,22,2000,0.0
06,23,2000,1.3
06,24,2000,null
06,25,2000,null
06,26,2000,null
06,27,2000,null
06,28,2000,null
06,29,2000,null
06,30,2000,null
07,01,2000,13.9
07,02,2000,0.0
07,03,2000,0.0
07,04,2000,0.0
07,05,2000,0.0
07,06,2000,3.0
07,07,2000,3.5
07,08,2000,6.2
07,09,2000,0.0
07,10,2000,5.1
07,11,2000,0.0
07,12,2000,0.0
07,13,2000,0.0
07,14,2000,1.5
07,15,2000,0.0
07,16,2000,0.0
07,17,2000,0.0
07,18,2000,0.0
07,19,2000,1.2
07,20,2000,0.0
07,21,2000,0.0
07,22,2000,0.5
07,23,2000,0.0
07,24,2000,0.0
07,25,2000,0.0
07,26,2000,0.0
07,27,2000,0.0
07,28,2000,2.7
07,29,2000,0.0
07,30,2000,15.2
07,31,2000,0.0
08,01,2000,14.0
08,02,2000,0.0
08,03,2000,28.6
08,04,2000,1.2
08,05,2000,1.4
08,06,2000,0.0
08,07,2000,0.0
08,08,2000,0.0
08,09,2000,1.0
08,10,2000,0.0
08,11,2000,0.0
08,12,2000,2.5
08,13,2000,0.0
08,14,2000,0.0
08,15,2000,2.1
08,16,2000,0.0
08,17,2000,0.0
08,18,2000,0.0
08,19,2000,0.0
08,20,2000,0.0
08,21,2000,0.0
08,22,2000,0.0
08,23,2000,3.4
08,24,2000,0.0
08,25,2000,0.0
08,26,2000,0.0
08,27,2000,0.0
08,28,2000,0.0
08,29,2000,0.0
08,30,2000,0.0
08,31,2000,0.0
09,01,2000,0.0
09,02,2000,0.0
09,03,2000,0.0
09,04,2000,0.0
09,05,2000,0.0
09,06,2000,0.0
09,07,2000,0.0
09,08,2000,0.0
09,09,2000,0.0
09,10,2000,0.0
09,11,2000,0.0
09,12,2000,0.0
09,13,2000,0.0
09,14,2000,0.0
09,15,2000,0.0
09,16,2000,0.0
09,17,2000,0.0
09,18,2000,0.0
09,19,2000,0.0
09,20,2000,0.0
09,21,2000,0.0
09,22,2000,1.4
09,23,2000,0.0
09,24,2000,2.6
09,25,2000,26.7
09,26,2000,0.0
09,27,2000,0.0
09,28,2000,0.0
09,29,2000,0.0
09,30,2000,0.0
10,01,2000,0.0
10,02,2000,0.0
10,03,2000,0.0
10,04,2000,0.0
10,05,2000,0.0
10,06,2000,0.0
10,07,2000,4.3
10,08,2000,0.0
10,09,2000,5.7
10,10,2000,0.0
10,11,2000,0.0
10,12,2000,0.0
10,13,2000,1.1
10,14,2000,1.8
10,15,2000,3.0
10,16,2000,0.0
10,17,2000,4.8
10,18,2000,0.6
10,19,2000,1.3
10,20,2000,1.2
10,21,2000,0.7
10,22,2000,0.3
10,23,2000,1.5
10,24,2000,0.0
10,25,2000,0.0
10,26,2000,0.0
10,27,2000,0.4
10,28,2000,0.0
10,29,2000,0.0
10,30,2000,0.0
10,31,2000,0.0
11,01,2000,0.0
11,02,2000,7.9
11,03,2000,1.3
11,04,2000,0.0
11,05,2000,0.0
11,06,2000,0.0
11,07,2000,0.0
11,08,2000,0.0
11,09,2000,0.0
11,10,2000,0.0
11,11,2000,0.0
11,12,2000,0.0
11,13,2000,0.0
11,14,2000,0.0
11,15,2000,0.0
11,16,2000,0.0
11,17,2000,0.4
11,18,2000,0.0
11,19,2000,0.0
11,20,2000,0.0
11,21,2000,0.0
11,22,2000,8.7
11,23,2000,0.0
11,24,2000,0.0
11,25,2000,0.0
11,26,2000,0.0
11,27,2000,0.0
11,28,2000,0.0
11,29,2000,0.0
11,30,2000,0.0
12,01,2000,0.0
12,02,2000,0.0
12,03,2000,0.3
12,04,2000,0.0
12,05,2000,0.0
12,06,2000,0.0
12,07,2000,0.0
12,08,2000,0.0
12,09,2000,0.0
12,10,2000,0.0
12,11,2000,0.0
12,12,2000,0.0
12,13,2000,0.0
12,14,2000,0.0
12,15,2000,0.0
12,16,2000,0.0
12,17,2000,0.0
12,18,2000,0.0
12,19,2000,0.0
12,20,2000,0.0
12,21,2000,0.0
12,22,2000,0.0
12,23,2000,0.0
12,24,2000,0.0
12,25,2000,0.0
12,26,2000,0.0
12,27,2000,0.0
12,28,2000,0.0
12,29,2000,0.0
12,30,2000,0.0
12,31,2000,0.0
01,01,2001,0.0
01,02,2001,0.0
01,03,2001,0.0
01,04,2001,0.0
01,05,2001,0.0
01,06,2001,0.0
01,07,2001,0.0
01,08,2001,0.0
01,09,2001,0.0
01,10,2001,0.0
01,11,2001,0.0
01,12,2001,0.0
01,13,2001,0.0
01,14,2001,0.0
01,15,2001,0.0
01,16,2001,0.0
01,17,2001,0.0
01,18,2001,0.0
01,19,2001,0.0
01,20,2001,0.0
01,21,2001,0.0
01,22,2001,0.0
01,23,2001,0.0
01,24,2001,0.0
01,25,2001,0.0
01,26,2001,0.0
01,27,2001,0.0
01,28,2001,0.0
01,29,2001,0.0
01,30,2001,0.0
01,31,2001,0.0
02,01,2001,0.0
02,02,2001,1.4
02,03,2001,0.0
02,04,2001,0.0
02,05,2001,0.0
02,06,2001,0.0
02,07,2001,0.0
02,08,2001,0.0
02,09,2001,0.0
02,10,2001,0.0
02,11,2001,0.0
02,12,2001,0.0
02,13,2001,0.0
02,14,2001,0.0
02,15,2001,0.0
02,16,2001,0.0
02,17,2001,0.0
02,18,2001,0.0
02,19,2001,0.0
02,20,2001,0.0
02,21,2001,0.0
02,22,2001,0.0
02,23,2001,0.0
02,24,2001,0.0
02,25,2001,0.0
02,26,2001,0.0
02,27,2001,0.0
02,28,2001,0.0
03,01,2001,12.8
03,02,2001,12.5
03,03,2001,0.0
03,04,2001,0.0
03,05,2001,0.0
03,06,2001,0.0
03,07,2001,0.0
03,08,2001,0.0
03,09,2001,0.0
03,10,2001,0.0
03,11,2001,0.0
03,12,2001,0.0
03,13,2001,0.0
03,14,2001,0.0
03,15,2001,0.0
03,16,2001,0.0
03,17,2001,0.0
03,18,2001,0.0
03,19,2001,0.0
03,20,2001,0.0
03,21,2001,0.0
03,22,2001,0.0
03,23,2001,0.0
03,24,2001,0.0
03,25,2001,0.0
03,26,2001,0.0
03,27,2001,0.0
03,28,2001,0.0
03,29,2001,0.0
03,30,2001,0.0
03,31,2001,0.0
04,01,2001,0.0
04,02,2001,0.0
04,03,2001,0.0
04,04,2001,0.0
04,05,2001,0.0
04,06,2001,0.0
04,07,2001,0.0
04,08,2001,0.0
04,09,2001,0.0
04,10,2001,0.0
04,11,2001,0.0
04,12,2001,0.0
04,13,2001,0.0
04,14,2001,0.0
04,15,2001,0.0
04,16,2001,0.0
04,17,2001,0.0
04,18,2001,0.0
04,19,2001,0.0
04,20,2001,0.0
04,21,2001,0.0
04,22,2001,0.0
04,23,2001,0.0
04,24,2001,1.2
04,25,2001,15.8
04,26,2001,2.9
04,27,2001,0.0
04,28,2001,0.0
04,29,2001,0.0
04,30,2001,0.0
05,01,2001,0.0
05,02,2001,0.0
05,03,2001,0.0
05,04,2001,0.0
05,05,2001,0.0
05,06,2001,0.0
05,07,2001,3.1
05,08,2001,0.0
05,09,2001,0.0
05,10,2001,0.0
05,11,2001,0.0
05,12,2001,6.1
05,13,2001,0.0
05,14,2001,0.0
05,15,2001,0.0
05,16,2001,0.0
05,17,2001,0.0
05,18,2001,0.2
05,19,2001,0.0
05,20,2001,0.0
05,21,2001,2.4
05,22,2001,1.2
05,23,2001,0.0
05,24,2001,0.0
05,25,2001,0.0
05,26,2001,0.0
05,27,2001,0.0
05,28,2001,0.0
05,29,2001,0.0
05,30,2001,0.0
05,31,2001,0.0
06,01,2001,0.0
06,02,2001,0.0
06,03,2001,0.0
06,04,2001,0.0
06,05,2001,0.0
06,06,2001,0.0
06,07,2001,0.0
06,08,2001,0.0
06,09,2001,0.0
06,10,2001,0.0
06,11,2001,0.0
06,12,2001,0.0
06,13,2001,0.0
06,14,2001,0.0
06,15,2001,0.0
06,16,2001,0.0
06,17,2001,2.0
06,18,2001,0.0
06,19,2001,0.0
06,20,2001,0.0
06,21,2001,1.3
06,22,2001,0.0
06,23,2001,0.0
06,24,2001,0.0
06,25,2001,0.0
06,26,2001,0.0
06,27,2001,0.0
06,28,2001,0.0
06,29,2001,0.0
06,30,2001,0.0
07,01,2001,0.0
07,02,2001,0.0
07,03,2001,0.0
07,04,2001,0.0
07,05,2001,0.0
07,06,2001,0.5
07,07,2001,0.5
07,08,2001,0.0
07,09,2001,0.0
07,10,2001,0.0
07,11,2001,0.0
07,12,2001,0.0
07,13,2001,0.0
07,14,2001,0.0
07,15,2001,0.0
07,16,2001,3.1
07,17,2001,0.5
07,18,2001,0.0
07,19,2001,0.7
07,20,2001,5.5
07,21,2001,0.0
07,22,2001,0.0
07,23,2001,0.0
07,24,2001,3.4
07,25,2001,0.0
07,26,2001,1.6
07,27,2001,5.2
07,28,2001,0.0
07,29,2001,0.0
07,30,2001,0.0
07,31,2001,0.0
08,01,2001,0.0
08,02,2001,0.0
08,03,2001,0.0
08,04,2001,0.3
08,05,2001,0.0
08,06,2001,0.0
08,07,2001,0.0
08,08,2001,0.0
08,09,2001,0.0
08,10,2001,0.0
08,11,2001,0.0
08,12,2001,3.8
08,13,2001,0.0
08,14,2001,0.0
08,15,2001,0.8
08,16,2001,0.0
08,17,2001,0.0
08,18,2001,0.0
08,19,2001,0.0
08,20,2001,0.0
08,21,2001,0.0
08,22,2001,0.0
08,23,2001,0.0
08,24,2001,0.0
08,25,2001,0.4
08,26,2001,3.9
08,27,2001,0.0
08,28,2001,0.3
08,29,2001,0.0
08,30,2001,0.0
08,31,2001,0.0
09,01,2001,0.0
09,02,2001,0.0
09,03,2001,0.0
09,04,2001,0.0
09,05,2001,1.7
09,06,2001,0.0
09,07,2001,0.0
09,08,2001,0.0
09,09,2001,19.5
09,10,2001,0.0
09,11,2001,0.0
09,12,2001,0.0
09,13,2001,0.0
09,14,2001,0.0
09,15,2001,0.0
09,16,2001,0.0
09,17,2001,0.0
09,18,2001,0.0
09,19,2001,0.0
09,20,2001,0.0
09,21,2001,0.0
09,22,2001,0.0
09,23,2001,0.0
09,24,2001,0.0
09,25,2001,0.2
09,26,2001,5.6
09,27,2001,1.2
09,28,2001,0.0
09,29,2001,0.0
09,30,2001,0.0
10,01,2001,0.0
10,02,2001,0.0
10,03,2001,0.4
10,04,2001,2.6
10,05,2001,0.0
10,06,2001,0.0
10,07,2001,0.0
10,08,2001,0.4
10,09,2001,0.2
10,10,2001,0.0
10,11,2001,0.0
10,12,2001,0.0
10,13,2001,0.0
10,14,2001,0.0
10,15,2001,0.0
10,16,2001,0.0
10,17,2001,0.0
10,18,2001,0.0
10,19,2001,0.0
10,20,2001,0.0
10,21,2001,0.0
10,22,2001,0.0
10,23,2001,0.0
10,24,2001,0.0
10,25,2001,0.0
10,26,2001,0.8
10,27,2001,0.0
10,28,2001,0.0
10,29,2001,0.0
10,30,2001,0.0
10,31,2001,0.0
11,01,2001,0.0
11,02,2001,0.0
11,03,2001,0.0
11,04,2001,0.0
11,05,2001,0.0
11,06,2001,0.0
11,07,2001,0.0
11,08,2001,0.0
11,09,2001,0.0
11,10,2001,0.0
11,11,2001,0.0
11,12,2001,0.0
11,13,2001,0.0
11,14,2001,0.0
11,15,2001,0.0
11,16,2001,0.0
11,17,2001,1.2
11,18,2001,0.0
11,19,2001,1.5
11,20,2001,6.2
11,21,2001,0.0
11,22,2001,0.0
11,23,2001,0.0
11,24,2001,0.0
11,25,2001,0.0
11,26,2001,0.0
11,27,2001,0.0
11,28,2001,0.0
11,29,2001,0.0
11,30,2001,0.0
12,01,2001,0.0
12,02,2001,0.0
12,03,2001,0.0
12,04,2001,0.0
12,05,2001,0.0
12,06,2001,0.0
12,07,2001,0.0
12,08,2001,0.0
12,09,2001,0.0
12,10,2001,0.7
12,11,2001,0.8
12,12,2001,0.0
12,13,2001,0.0
12,14,2001,0.0
12,15,2001,0.0
12,16,2001,0.0
12,17,2001,0.0
12,18,2001,0.0
12,19,2001,0.0
12,20,2001,0.0
12,21,2001,0.3
12,22,2001,0.0
12,23,2001,0.0
12,24,2001,0.0
12,25,2001,0.0
12,26,2001,0.0
12,27,2001,0.0
12,28,2001,0.0
12,29,2001,0.0
12,30,2001,0.0
12,31,2001,0.0
01,01,2002,0.0
01,02,2002,0.0
01,03,2002,0.0
01,04,2002,0.0
01,05,2002,0.0
01,06,2002,0.0
01,07,2002,0.0
01,08,2002,0.0
01,09,2002,0.0
01,10,2002,0.0
01,11,2002,0.0
01,12,2002,2.0
01,13,2002,0.0
01,14,2002,0.0
01,15,2002,0.0
01,16,2002,0.0
01,17,2002,0.0
01,18,2002,0.0
01,19,2002,0.0
01,20,2002,0.0
01,21,2002,0.0
01,22,2002,0.0
01,23,2002,0.0
01,24,2002,0.0
01,25,2002,0.0
01,26,2002,0.0
01,27,2002,0.0
01,28,2002,0.0
01,29,2002,0.0
01,30,2002,0.0
01,31,2002,0.0
02,01,2002,0.0
02,02,2002,0.0
02,03,2002,0.0
02,04,2002,0.0
02,05,2002,0.0
02,06,2002,0.0
02,07,2002,0.0
02,08,2002,0.0
02,09,2002,0.0
02,10,2002,0.0
02,11,2002,0.0
02,12,2002,8.4
02,13,2002,0.0
02,14,2002,0.0
02,15,2002,0.0
02,16,2002,0.0
02,17,2002,0.0
02,18,2002,0.0
02,19,2002,0.0
02,20,2002,0.0
02,21,2002,0.0
02,22,2002,0.0
02,23,2002,0.0
02,24,2002,0.0
02,25,2002,0.0
02,26,2002,0.0
02,27,2002,0.0
02,28,2002,0.0
03,01,2002,0.0
03,02,2002,0.0
03,03,2002,0.0
03,04,2002,0.0
03,05,2002,0.0
03,06,2002,0.0
03,07,2002,0.0
03,08,2002,0.0
03,09,2002,0.0
03,10,2002,0.0
03,11,2002,0.0
03,12,2002,0.0
03,13,2002,0.0
03,14,2002,0.0
03,15,2002,0.0
03,16,2002,0.0
03,17,2002,0.0
03,18,2002,0.0
03,19,2002,0.0
03,20,2002,0.0
03,21,2002,0.0
03,22,2002,0.0
03,23,2002,0.0
03,24,2002,0.0
03,25,2002,0.0
03,26,2002,0.0
03,27,2002,0.0
03,28,2002,0.0
03,29,2002,0.0
03,30,2002,0.0
03,31,2002,0.0
04,01,2002,0.0
04,02,2002,0.0
04,03,2002,0.0
04,04,2002,0.0
04,05,2002,2.1
04,06,2002,6.3
04,07,2002,0.0
04,08,2002,0.0
04,09,2002,0.0
04,10,2002,0.0
04,11,2002,0.0
04,12,2002,0.0
04,13,2002,0.0
04,14,2002,0.0
04,15,2002,0.0
04,16,2002,0.0
04,17,2002,0.0
04,18,2002,0.0
04,19,2002,0.0
04,20,2002,0.0
04,21,2002,0.0
04,22,2002,1.3
04,23,2002,0.0
04,24,2002,0.0
04,25,2002,0.0
04,26,2002,0.0
04,27,2002,0.0
04,28,2002,0.0
04,29,2002,0.0
04,30,2002,0.0
05,01,2002,0.0
05,02,2002,0.0
05,03,2002,0.0
05,04,2002,2.2
05,05,2002,0.0
05,06,2002,0.0
05,07,2002,0.5
05,08,2002,0.0
05,09,2002,0.0
05,10,2002,0.0
05,11,2002,0.0
05,12,2002,0.0
05,13,2002,18.5
05,14,2002,1.4
05,15,2002,0.0
05,16,2002,0.0
05,17,2002,0.0
05,18,2002,0.0
05,19,2002,0.3
05,20,2002,2.8
05,21,2002,0.0
05,22,2002,0.7
05,23,2002,0.0
05,24,2002,0.0
05,25,2002,0.0
05,26,2002,0.0
05,27,2002,0.0
05,28,2002,0.0
05,29,2002,0.0
05,30,2002,0.0
05,31,2002,0.0
06,01,2002,0.0
06,02,2002,0.0
06,03,2002,0.0
06,04,2002,0.0
06,05,2002,22.2
06,06,2002,6.2
06,07,2002,0.0
06,08,2002,7.8
06,09,2002,2.0
06,10,2002,12.5
06,11,2002,0.0
06,12,2002,0.0
06,13,2002,7.7
06,14,2002,0.0
06,15,2002,0.0
06,16,2002,0.0
06,17,2002,0.0
06,18,2002,0.0
06,19,2002,0.0
06,20,2002,0.0
06,21,2002,0.0
06,22,2002,0.0
06,23,2002,0.0
06,24,2002,0.0
06,25,2002,0.0
06,26,2002,0.0
06,27,2002,0.0
06,28,2002,0.0
06,29,2002,0.0
06,30,2002,0.0
07,01,2002,0.0
07,02,2002,0.0
07,03,2002,0.0
07,04,2002,0.0
07,05,2002,0.0
07,06,2002,0.6
07,07,2002,0.0
07,08,2002,0.0
07,09,2002,0.0
07,10,2002,12.9
07,11,2002,10.8
07,12,2002,3.6
07,13,2002,0.5
07,14,2002,0.0
07,15,2002,0.0
07,16,2002,8.3
07,17,2002,3.7
07,18,2002,0.0
07,19,2002,0.0
07,20,2002,0.0
07,21,2002,2.5
07,22,2002,0.4
07,23,2002,2.8
07,24,2002,0.0
07,25,2002,0.0
07,26,2002,0.0
07,27,2002,0.0
07,28,2002,0.0
07,29,2002,0.8
07,30,2002,0.0
07,31,2002,7.3
08,01,2002,0.0
08,02,2002,2.8
08,03,2002,0.0
08,04,2002,1.6
08,05,2002,0.4
08,06,2002,0.0
08,07,2002,0.0
08,08,2002,0.0
08,09,2002,0.0
08,10,2002,0.0
08,11,2002,0.0
08,12,2002,2.0
08,13,2002,0.0
08,14,2002,1.3
08,15,2002,0.0
08,16,2002,14.5
08,17,2002,0.0
08,18,2002,19.0
08,19,2002,0.0
08,20,2002,4.8
08,21,2002,0.0
08,22,2002,0.0
08,23,2002,0.0
08,24,2002,0.0
08,25,2002,0.0
08,26,2002,0.0
08,27,2002,0.0
08,28,2002,0.9
08,29,2002,3.8
08,30,2002,0.0
08,31,2002,0.0
09,01,2002,0.0
09,02,2002,0.0
09,03,2002,0.0
09,04,2002,0.0
09,05,2002,0.0
09,06,2002,0.0
09,07,2002,0.0
09,08,2002,0.0
09,09,2002,0.0
09,10,2002,0.5
09,11,2002,0.0
09,12,2002,0.0
09,13,2002,7.6
09,14,2002,2.5
09,15,2002,26.6
09,16,2002,8.7
09,17,2002,11.7
09,18,2002,0.4
09,19,2002,0.0
09,20,2002,0.0
09,21,2002,0.0
09,22,2002,0.0
09,23,2002,0.0
09,24,2002,0.0
09,25,2002,0.0
09,26,2002,0.0
09,27,2002,0.0
09,28,2002,0.0
09,29,2002,0.0
09,30,2002,0.0
10,01,2002,0.0
10,02,2002,0.0
10,03,2002,0.0
10,04,2002,0.0
10,05,2002,0.3
10,06,2002,0.0
10,07,2002,0.0
10,08,2002,6.7
10,09,2002,0.0
10,10,2002,0.0
10,11,2002,0.0
10,12,2002,0.0
10,13,2002,0.0
10,14,2002,0.4
10,15,2002,0.0
10,16,2002,0.0
10,17,2002,0.0
10,18,2002,0.0
10,19,2002,0.0
10,20,2002,0.0
10,21,2002,0.0
10,22,2002,0.0
10,23,2002,0.0
10,24,2002,16.7
10,25,2002,21.3
10,26,2002,0.0
10,27,2002,0.0
10,28,2002,0.0
10,29,2002,0.0
10,30,2002,0.0
10,31,2002,0.0
11,01,2002,0.0
11,02,2002,0.0
11,03,2002,3.0
11,04,2002,0.0
11,05,2002,0.0
11,06,2002,0.0
11,07,2002,0.0
11,08,2002,0.0
11,09,2002,0.0
11,10,2002,0.0
11,11,2002,0.0
11,12,2002,0.0
11,13,2002,0.0
11,14,2002,0.0
11,15,2002,0.0
11,16,2002,0.0
11,17,2002,0.0
11,18,2002,0.0
11,19,2002,0.0
11,20,2002,0.0
11,21,2002,0.0
11,22,2002,0.0
11,23,2002,0.0
11,24,2002,0.0
11,25,2002,0.0
11,26,2002,0.0
11,27,2002,8.0
11,28,2002,5.4
11,29,2002,2.0
11,30,2002,0.0
12,01,2002,0.0
12,02,2002,0.0
12,03,2002,0.0
12,04,2002,0.0
12,05,2002,0.0
12,06,2002,0.0
12,07,2002,0.0
12,08,2002,0.0
12,09,2002,0.0
12,10,2002,0.0
12,11,2002,0.0
12,12,2002,0.0
12,13,2002,0.0
12,14,2002,0.0
12,15,2002,0.0
12,16,2002,0.0
12,17,2002,0.0
12,18,2002,0.0
12,19,2002,0.0
12,20,2002,0.0
12,21,2002,0.0
12,22,2002,0.0
12,23,2002,0.0
12,24,2002,0.0
12,25,2002,0.0
12,26,2002,0.0
12,27,2002,0.0
12,28,2002,0.0
12,29,2002,0.0
12,30,2002,0.0
12,31,2002,0.0
01,01,2003,0.0
01,02,2003,0.0
01,03,2003,0.0
01,04,2003,0.0
01,05,2003,0.0
01,06,2003,1.0
01,07,2003,1.2
01,08,2003,0.0
01,09,2003,0.0
01,10,2003,0.3
01,11,2003,0.0
01,12,2003,0.0
01,13,2003,0.0
01,14,2003,0.0
01,15,2003,0.0
01,16,2003,0.0
01,17,2003,0.0
01,18,2003,0.0
01,19,2003,0.0
01,20,2003,0.0
01,21,2003,0.0
01,22,2003,0.0
01,23,2003,0.0
01,24,2003,0.0
01,25,2003,0.0
01,26,2003,0.0
01,27,2003,0.0
01,28,2003,0.0
01,29,2003,0.0
01,30,2003,0.0
01,31,2003,0.0
02,01,2003,0.0
02,02,2003,1.7
02,03,2003,0.0
02,04,2003,0.0
02,05,2003,0.0
02,06,2003,0.0
02,07,2003,6.2
02,08,2003,0.2
02,09,2003,0.0
02,10,2003,0.0
02,11,2003,0.0
02,12,2003,0.0
02,13,2003,0.0
02,14,2003,0.2
02,15,2003,0.0
02,16,2003,0.0
02,17,2003,0.0
02,18,2003,0.0
02,19,2003,0.0
02,20,2003,0.0
02,21,2003,0.0
02,22,2003,0.0
02,23,2003,0.0
02,24,2003,0.0
02,25,2003,0.0
02,26,2003,0.0
02,27,2003,0.0
02,28,2003,0.0
03,01,2003,0.0
03,02,2003,0.0
03,03,2003,0.0
03,04,2003,0.0
03,05,2003,0.0
03,06,2003,0.0
03,07,2003,0.0
03,08,2003,0.0
03,09,2003,0.0
03,10,2003,0.0
03,11,2003,0.0
03,12,2003,0.0
03,13,2003,0.0
03,14,2003,0.0
03,15,2003,0.0
03,16,2003,0.0
03,17,2003,0.0
03,18,2003,0.0
03,19,2003,0.0
03,20,2003,0.0
03,21,2003,0.0
03,22,2003,0.0
03,23,2003,0.0
03,24,2003,0.0
03,25,2003,0.0
03,26,2003,0.0
03,27,2003,0.0
03,28,2003,0.0
03,29,2003,0.0
03,30,2003,0.0
03,31,2003,0.0
04,01,2003,0.0
04,02,2003,0.0
04,03,2003,0.0
04,04,2003,0.0
04,05,2003,0.0
04,06,2003,0.0
04,07,2003,0.0
04,08,2003,0.0
04,09,2003,0.0
04,10,2003,1.0
04,11,2003,0.0
04,12,2003,0.0
04,13,2003,0.0
04,14,2003,0.0
04,15,2003,0.0
04,16,2003,0.0
04,17,2003,0.0
04,18,2003,0.0
04,19,2003,0.0
04,20,2003,0.0
04,21,2003,0.0
04,22,2003,0.0
04,23,2003,0.0
04,24,2003,0.0
04,25,2003,0.0
04,26,2003,0.0
04,27,2003,0.0
04,28,2003,0.0
04,29,2003,0.0
04,30,2003,0.0
05,01,2003,0.0
05,02,2003,0.0
05,03,2003,0.0
05,04,2003,0.0
05,05,2003,0.0
05,06,2003,0.0
05,07,2003,0.0
05,08,2003,0.0
05,09,2003,0.0
05,10,2003,0.0
05,11,2003,0.0
05,12,2003,0.0
05,13,2003,0.0
05,14,2003,0.0
05,15,2003,0.0
05,16,2003,0.0
05,17,2003,0.0
05,18,2003,0.0
05,19,2003,0.0
05,20,2003,0.0
05,21,2003,0.0
05,22,2003,0.0
05,23,2003,0.0
05,24,2003,0.0
05,25,2003,1.2
05,26,2003,0.0
05,27,2003,0.0
05,28,2003,0.0
05,29,2003,0.0
05,30,2003,0.0
05,31,2003,0.0
06,01,2003,4.8
06,02,2003,0.0
06,03,2003,3.8
06,04,2003,2.0
06,05,2003,0.0
06,06,2003,0.6
06,07,2003,0.0
06,08,2003,0.7
06,09,2003,3.7
06,10,2003,0.0
06,11,2003,0.0
06,12,2003,0.0
06,13,2003,9.4
06,14,2003,2.4
06,15,2003,0.0
06,16,2003,0.0
06,17,2003,0.0
06,18,2003,0.0
06,19,2003,0.0
06,20,2003,0.0
06,21,2003,0.0
06,22,2003,3.0
06,23,2003,0.0
06,24,2003,0.0
06,25,2003,2.4
06,26,2003,0.0
06,27,2003,0.0
06,28,2003,15.3
06,29,2003,19.5
06,30,2003,4.0
07,01,2003,0.6
07,02,2003,0.3
07,03,2003,0.0
07,04,2003,0.0
07,05,2003,0.0
07,06,2003,4.9
07,07,2003,6.8
07,08,2003,0.3
07,09,2003,0.0
07,10,2003,0.0
07,11,2003,0.0
07,12,2003,0.0
07,13,2003,0.0
07,14,2003,0.0
07,15,2003,0.0
07,16,2003,1.0
07,17,2003,3.7
07,18,2003,0.0
07,19,2003,1.3
07,20,2003,0.0
07,21,2003,0.0
07,22,2003,0.0
07,23,2003,3.6
07,24,2003,0.0
07,25,2003,3.8
07,26,2003,4.5
07,27,2003,0.0
07,28,2003,7.2
07,29,2003,7.1
07,30,2003,0.0
07,31,2003,5.2
08,01,2003,0.0
08,02,2003,0.0
08,03,2003,0.0
08,04,2003,0.0
08,05,2003,0.0
08,06,2003,0.0
08,07,2003,0.0
08,08,2003,0.0
08,09,2003,0.0
08,10,2003,0.0
08,11,2003,0.0
08,12,2003,0.0
08,13,2003,0.0
08,14,2003,0.0
08,15,2003,0.0
08,16,2003,3.0
08,17,2003,2.3
08,18,2003,0.0
08,19,2003,2.0
08,20,2003,0.0
08,21,2003,0.0
08,22,2003,0.0
08,23,2003,3.5
08,24,2003,26.1
08,25,2003,4.9
08,26,2003,0.0
08,27,2003,12.5
08,28,2003,12.6
08,29,2003,0.0
08,30,2003,0.0
08,31,2003,0.0
09,01,2003,10.0
09,02,2003,0.0
09,03,2003,0.0
09,04,2003,3.1
09,05,2003,0.0
09,06,2003,0.0
09,07,2003,0.0
09,08,2003,0.0
09,09,2003,0.2
09,10,2003,3.4
09,11,2003,0.0
09,12,2003,0.0
09,13,2003,0.0
09,14,2003,0.0
09,15,2003,0.0
09,16,2003,11.4
09,17,2003,0.0
09,18,2003,2.3
09,19,2003,2.1
09,20,2003,24.2
09,21,2003,5.9
09,22,2003,3.3
09,23,2003,0.0
09,24,2003,0.0
09,25,2003,3.3
09,26,2003,0.0
09,27,2003,0.0
09,28,2003,0.0
09,29,2003,0.0
09,30,2003,0.0
10,01,2003,0.0
10,02,2003,0.0
10,03,2003,0.0
10,04,2003,0.0
10,05,2003,0.0
10,06,2003,0.0
10,07,2003,0.5
10,08,2003,0.0
10,09,2003,0.0
10,10,2003,3.5
10,11,2003,68.2
10,12,2003,1.3
10,13,2003,2.4
10,14,2003,7.0
10,15,2003,2.2
10,16,2003,0.0
10,17,2003,0.0
10,18,2003,0.0
10,19,2003,0.0
10,20,2003,0.0
10,21,2003,0.0
10,22,2003,0.0
10,23,2003,0.0
10,24,2003,0.0
10,25,2003,0.2
10,26,2003,7.5
10,27,2003,0.0
10,28,2003,0.0
10,29,2003,0.0
10,30,2003,0.0
10,31,2003,0.0
11,01,2003,0.0
11,02,2003,0.0
11,03,2003,0.0
11,04,2003,0.0
11,05,2003,0.0
11,06,2003,0.0
11,07,2003,0.0
11,08,2003,0.0
11,09,2003,0.0
11,10,2003,0.0
11,11,2003,0.0
11,12,2003,0.0
11,13,2003,0.0
11,14,2003,0.0
11,15,2003,0.0
11,16,2003,0.0
11,17,2003,0.0
11,18,2003,0.0
11,19,2003,0.0
11,20,2003,0.0
11,21,2003,0.0
11,22,2003,0.0
11,23,2003,0.0
11,24,2003,0.0
11,25,2003,0.0
11,26,2003,0.0
11,27,2003,0.0
11,28,2003,0.0
11,29,2003,0.0
11,30,2003,0.0
12,01,2003,null
12,02,2003,null
12,03,2003,null
12,04,2003,null
12,05,2003,null
12,06,2003,null
12,07,2003,null
12,08,2003,null
12,09,2003,null
12,10,2003,null
12,11,2003,null
12,12,2003,null
12,13,2003,null
12,14,2003,null
12,15,2003,null
12,16,2003,null
12,17,2003,null
12,18,2003,null
12,19,2003,null
12,20,2003,null
12,21,2003,null
12,22,2003,null
12,23,2003,null
12,24,2003,null
12,25,2003,null
12,26,2003,null
12,27,2003,null
12,28,2003,null
12,29,2003,null
12,30,2003,null
12,31,2003,null
01,01,2004,0.0
01,02,2004,0.0
01,03,2004,0.0
01,04,2004,0.0
01,05,2004,0.0
01,06,2004,15.8
01,07,2004,4.1
01,08,2004,0.0
01,09,2004,0.0
01,10,2004,0.0
01,11,2004,0.0
01,12,2004,1.7
01,13,2004,2.3
01,14,2004,0.5
01,15,2004,0.2
01,16,2004,0.0
01,17,2004,0.0
01,18,2004,0.0
01,19,2004,0.0
01,20,2004,0.0
01,21,2004,0.0
01,22,2004,0.0
01,23,2004,0.0
01,24,2004,0.0
01,25,2004,0.0
01,26,2004,0.0
01,27,2004,0.0
01,28,2004,0.0
01,29,2004,0.0
01,30,2004,0.0
01,31,2004,0.0
02,01,2004,0.0
02,02,2004,0.0
02,03,2004,0.0
02,04,2004,0.0
02,05,2004,0.0
02,06,2004,0.0
02,07,2004,0.0
02,08,2004,0.0
02,09,2004,0.0
02,10,2004,0.0
02,11,2004,0.0
02,12,2004,5.6
02,13,2004,3.4
02,14,2004,0.0
02,15,2004,0.0
02,16,2004,0.0
02,17,2004,0.0
02,18,2004,0.0
02,19,2004,0.0
02,20,2004,0.0
02,21,2004,0.0
02,22,2004,0.0
02,23,2004,0.0
02,24,2004,0.0
02,25,2004,0.0
02,26,2004,0.0
02,27,2004,0.0
02,28,2004,0.0
02,29,2004,0.0
03,01,2004,0.0
03,02,2004,0.0
03,03,2004,0.0
03,04,2004,0.0
03,05,2004,0.0
03,06,2004,0.0
03,07,2004,0.0
03,08,2004,0.0
03,09,2004,0.0
03,10,2004,0.0
03,11,2004,1.8
03,12,2004,0.0
03,13,2004,0.0
03,14,2004,0.0
03,15,2004,0.0
03,16,2004,0.0
03,17,2004,0.0
03,18,2004,0.0
03,19,2004,0.0
03,20,2004,0.0
03,21,2004,15.8
03,22,2004,19.2
03,23,2004,0.0
03,24,2004,0.0
03,25,2004,0.0
03,26,2004,0.0
03,27,2004,0.0
03,28,2004,0.0
03,29,2004,0.0
03,30,2004,2.5
03,31,2004,0.0
04,01,2004,0.0
04,02,2004,0.0
04,03,2004,0.0
04,04,2004,0.0
04,05,2004,0.0
04,06,2004,0.0
04,07,2004,0.0
04,08,2004,0.0
04,09,2004,0.0
04,10,2004,0.0
04,11,2004,0.0
04,12,2004,0.0
04,13,2004,0.0
04,14,2004,0.0
04,15,2004,0.0
04,16,2004,0.0
04,17,2004,0.0
04,18,2004,0.0
04,19,2004,0.0
04,20,2004,0.0
04,21,2004,0.0
04,22,2004,0.0
04,23,2004,0.0
04,24,2004,0.0
04,25,2004,0.0
04,26,2004,3.0
04,27,2004,0.7
04,28,2004,0.0
04,29,2004,0.0
04,30,2004,0.0
05,01,2004,0.0
05,02,2004,0.0
05,03,2004,0.0
05,04,2004,0.0
05,05,2004,0.2
05,06,2004,0.0
05,07,2004,0.0
05,08,2004,0.0
05,09,2004,3.2
05,10,2004,0.0
05,11,2004,0.0
05,12,2004,0.0
05,13,2004,0.0
05,14,2004,0.0
05,15,2004,0.0
05,16,2004,13.4
05,17,2004,0.0
05,18,2004,0.0
05,19,2004,0.0
05,20,2004,0.0
05,21,2004,0.0
05,22,2004,0.0
05,23,2004,0.0
05,24,2004,0.0
05,25,2004,0.0
05,26,2004,0.0
05,27,2004,0.0
05,28,2004,0.0
05,29,2004,0.0
05,30,2004,0.0
05,31,2004,0.5
06,01,2004,null
06,02,2004,null
06,03,2004,null
06,04,2004,null
06,05,2004,null
06,06,2004,null
06,07,2004,null
06,08,2004,null
06,09,2004,null
06,10,2004,null
06,11,2004,null
06,12,2004,null
06,13,2004,null
06,14,2004,null
06,15,2004,null
06,16,2004,null
06,17,2004,null
06,18,2004,null
06,19,2004,null
06,20,2004,null
06,21,2004,null
06,22,2004,null
06,23,2004,null
06,24,2004,null
06,25,2004,null
06,26,2004,null
06,27,2004,null
06,28,2004,null
06,29,2004,null
06,30,2004,null
07,01,2004,null
07,02,2004,null
07,03,2004,null
07,04,2004,null
07,05,2004,null
07,06,2004,null
07,07,2004,null
07,08,2004,null
07,09,2004,null
07,10,2004,null
07,11,2004,null
07,12,2004,null
07,13,2004,null
07,14,2004,null
07,15,2004,null
07,16,2004,null
07,17,2004,null
07,18,2004,null
07,19,2004,null
07,20,2004,null
07,21,2004,null
07,22,2004,null
07,23,2004,null
07,24,2004,null
07,25,2004,null
07,26,2004,null
07,27,2004,null
07,28,2004,null
07,29,2004,null
07,30,2004,null
07,31,2004,null
08,01,2004,0.0
08,02,2004,0.0
08,03,2004,0.0
08,04,2004,0.0
08,05,2004,0.0
08,06,2004,0.6
08,07,2004,0.0
08,08,2004,0.0
08,09,2004,19.8
08,10,2004,0.0
08,11,2004,0.0
08,12,2004,0.0
08,13,2004,0.0
08,14,2004,0.0
08,15,2004,0.0
08,16,2004,0.0
08,17,2004,0.0
08,18,2004,3.3
08,19,2004,0.0
08,20,2004,3.4
08,21,2004,5.0
08,22,2004,0.3
08,23,2004,23.0
08,24,2004,23.0
08,25,2004,0.0
08,26,2004,0.0
08,27,2004,0.0
08,28,2004,0.0
08,29,2004,1.4
08,30,2004,0.0
08,31,2004,1.5
09,01,2004,null
09,02,2004,null
09,03,2004,null
09,04,2004,null
09,05,2004,null
09,06,2004,null
09,07,2004,null
09,08,2004,null
09,09,2004,null
09,10,2004,null
09,11,2004,null
09,12,2004,null
09,13,2004,null
09,14,2004,null
09,15,2004,null
09,16,2004,null
09,17,2004,null
09,18,2004,null
09,19,2004,null
09,20,2004,null
09,21,2004,null
09,22,2004,null
09,23,2004,null
09,24,2004,null
09,25,2004,null
09,26,2004,null
09,27,2004,null
09,28,2004,null
09,29,2004,null
09,30,2004,null
10,01,2004,null
10,02,2004,null
10,03,2004,null
10,04,2004,null
10,05,2004,null
10,06,2004,null
10,07,2004,null
10,08,2004,null
10,09,2004,null
10,10,2004,null
10,11,2004,null
10,12,2004,null
10,13,2004,null
10,14,2004,null
10,15,2004,null
10,16,2004,null
10,17,2004,null
10,18,2004,null
10,19,2004,null
10,20,2004,null
10,21,2004,null
10,22,2004,null
10,23,2004,null
10,24,2004,null
10,25,2004,null
10,26,2004,null
10,27,2004,null
10,28,2004,null
10,29,2004,null
10,30,2004,null
10,31,2004,null
11,01,2004,null
11,02,2004,null
11,03,2004,null
11,04,2004,null
11,05,2004,null
11,06,2004,null
11,07,2004,null
11,08,2004,null
11,09,2004,null
11,10,2004,null
11,11,2004,null
11,12,2004,null
11,13,2004,null
11,14,2004,null
11,15,2004,null
11,16,2004,null
11,17,2004,null
11,18,2004,null
11,19,2004,null
11,20,2004,null
11,21,2004,null
11,22,2004,null
11,23,2004,null
11,24,2004,null
11,25,2004,null
11,26,2004,null
11,27,2004,null
11,28,2004,null
11,29,2004,null
11,30,2004,null
12,01,2004,null
12,02,2004,null
12,03,2004,null
12,04,2004,null
12,05,2004,null
12,06,2004,null
12,07,2004,null
12,08,2004,null
12,09,2004,null
12,10,2004,null
12,11,2004,null
12,12,2004,null
12,13,2004,null
12,14,2004,null
12,15,2004,null
12,16,2004,null
12,17,2004,null
12,18,2004,null
12,19,2004,null
12,20,2004,null
12,21,2004,null
12,22,2004,null
12,23,2004,null
12,24,2004,null
12,25,2004,null
12,26,2004,null
12,27,2004,null
12,28,2004,null
12,29,2004,null
12,30,2004,null
12,31,2004,null
01,01,2005,0.0
01,02,2005,0.0
01,03,2005,0.0
01,04,2005,0.0
01,05,2005,0.0
01,06,2005,0.0
01,07,2005,0.0
01,08,2005,0.0
01,09,2005,0.0
01,10,2005,0.0
01,11,2005,0.0
01,12,2005,0.0
01,13,2005,0.0
01,14,2005,0.0
01,15,2005,0.0
01,16,2005,0.0
01,17,2005,0.0
01,18,2005,0.0
01,19,2005,0.0
01,20,2005,0.0
01,21,2005,0.0
01,22,2005,0.0
01,23,2005,0.0
01,24,2005,0.0
01,25,2005,0.0
01,26,2005,2.4
01,27,2005,0.0
01,28,2005,0.0
01,29,2005,0.0
01,30,2005,0.0
01,31,2005,0.0
02,01,2005,0.0
02,02,2005,8.0
02,03,2005,3.4
02,04,2005,4.0
02,05,2005,0.0
02,06,2005,0.0
02,07,2005,0.0
02,08,2005,0.0
02,09,2005,0.0
02,10,2005,0.0
02,11,2005,0.0
02,12,2005,0.0
02,13,2005,0.0
02,14,2005,0.0
02,15,2005,0.0
02,16,2005,0.0
02,17,2005,0.0
02,18,2005,0.0
02,19,2005,0.0
02,20,2005,0.0
02,21,2005,0.0
02,22,2005,0.0
02,23,2005,0.0
02,24,2005,0.0
02,25,2005,7.3
02,26,2005,0.4
02,27,2005,0.0
02,28,2005,0.0
03,01,2005,0.0
03,02,2005,1.0
03,03,2005,0.0
03,04,2005,0.0
03,05,2005,0.9
03,06,2005,0.0
03,07,2005,0.0
03,08,2005,0.0
03,09,2005,0.0
03,10,2005,0.0
03,11,2005,0.2
03,12,2005,0.0
03,13,2005,0.0
03,14,2005,0.0
03,15,2005,0.0
03,16,2005,0.0
03,17,2005,0.0
03,18,2005,0.0
03,19,2005,0.0
03,20,2005,0.0
03,21,2005,0.0
03,22,2005,0.0
03,23,2005,0.0
03,24,2005,0.0
03,25,2005,0.0
03,26,2005,0.0
03,27,2005,0.0
03,28,2005,0.0
03,29,2005,0.0
03,30,2005,0.0
03,31,2005,0.0
04,01,2005,0.0
04,02,2005,0.0
04,03,2005,0.0
04,04,2005,0.0
04,05,2005,0.0
04,06,2005,0.0
04,07,2005,0.0
04,08,2005,0.0
04,09,2005,0.0
04,10,2005,0.0
04,11,2005,0.0
04,12,2005,0.0
04,13,2005,0.0
04,14,2005,0.0
04,15,2005,0.0
04,16,2005,0.0
04,17,2005,0.0
04,18,2005,0.0
04,19,2005,0.0
04,20,2005,0.0
04,21,2005,0.0
04,22,2005,0.0
04,23,2005,0.0
04,24,2005,0.1
04,25,2005,0.0
04,26,2005,0.0
04,27,2005,0.0
04,28,2005,0.0
04,29,2005,0.0
04,30,2005,0.0
05,01,2005,0.0
05,02,2005,0.0
05,03,2005,0.0
05,04,2005,0.0
05,05,2005,0.0
05,06,2005,0.0
05,07,2005,0.0
05,08,2005,0.0
05,09,2005,0.0
05,10,2005,0.0
05,11,2005,0.0
05,12,2005,0.0
05,13,2005,0.0
05,14,2005,0.0
05,15,2005,2.0
05,16,2005,0.0
05,17,2005,0.0
05,18,2005,0.0
05,19,2005,0.0
05,20,2005,0.0
05,21,2005,0.0
05,22,2005,0.0
05,23,2005,0.0
05,24,2005,0.0
05,25,2005,0.0
05,26,2005,0.0
05,27,2005,0.0
05,28,2005,0.0
05,29,2005,0.0
05,30,2005,0.0
05,31,2005,0.0
06,01,2005,0.0
06,02,2005,0.6
06,03,2005,0.0
06,04,2005,0.0
06,05,2005,0.0
06,06,2005,0.0
06,07,2005,0.0
06,08,2005,0.0
06,09,2005,0.0
06,10,2005,0.0
06,11,2005,0.0
06,12,2005,0.0
06,13,2005,0.0
06,14,2005,0.0
06,15,2005,0.0
06,16,2005,0.0
06,17,2005,0.0
06,18,2005,0.0
06,19,2005,0.0
06,20,2005,0.0
06,21,2005,0.0
06,22,2005,0.0
06,23,2005,0.0
06,24,2005,0.0
06,25,2005,0.0
06,26,2005,0.0
06,27,2005,0.0
06,28,2005,0.0
06,29,2005,0.0
06,30,2005,2.4
07,01,2005,0.0
07,02,2005,1.2
07,03,2005,0.0
07,04,2005,0.0
07,05,2005,0.0
07,06,2005,0.0
07,07,2005,0.0
07,08,2005,0.0
07,09,2005,0.0
07,10,2005,0.0
07,11,2005,0.0
07,12,2005,0.0
07,13,2005,0.0
07,14,2005,0.0
07,15,2005,9.8
07,16,2005,1.4
07,17,2005,0.0
07,18,2005,0.0
07,19,2005,0.0
07,20,2005,20.8
07,21,2005,18.2
07,22,2005,2.3
07,23,2005,0.0
07,24,2005,0.0
07,25,2005,0.7
07,26,2005,22.7
07,27,2005,28.0
07,28,2005,1.0
07,29,2005,0.0
07,30,2005,0.0
07,31,2005,0.0
08,01,2005,1.4
08,02,2005,5.4
08,03,2005,0.2
08,04,2005,16.0
08,05,2005,0.0
08,06,2005,2.4
08,07,2005,0.0
08,08,2005,10.2
08,09,2005,0.0
08,10,2005,0.0
08,11,2005,1.5
08,12,2005,0.0
08,13,2005,1.9
08,14,2005,0.0
08,15,2005,1.1
08,16,2005,0.4
08,17,2005,0.0
08,18,2005,0.0
08,19,2005,4.4
08,20,2005,0.4
08,21,2005,0.0
08,22,2005,0.0
08,23,2005,0.0
08,24,2005,0.0
08,25,2005,0.0
08,26,2005,0.0
08,27,2005,0.0
08,28,2005,0.0
08,29,2005,0.0
08,30,2005,0.0
08,31,2005,0.0
09,01,2005,5.3
09,02,2005,2.5
09,03,2005,5.3
09,04,2005,2.7
09,05,2005,0.0
09,06,2005,0.0
09,07,2005,0.0
09,08,2005,1.8
09,09,2005,0.3
09,10,2005,5.4
09,11,2005,0.0
09,12,2005,0.6
09,13,2005,0.0
09,14,2005,0.0
09,15,2005,0.0
09,16,2005,0.0
09,17,2005,0.0
09,18,2005,0.0
09,19,2005,0.0
09,20,2005,0.0
09,21,2005,0.0
09,22,2005,0.0
09,23,2005,0.0
09,24,2005,0.0
09,25,2005,0.0
09,26,2005,0.0
09,27,2005,0.0
09,28,2005,0.0
09,29,2005,0.0
09,30,2005,0.6
10,01,2005,0.0
10,02,2005,0.0
10,03,2005,0.0
10,04,2005,0.0
10,05,2005,0.0
10,06,2005,12.3
10,07,2005,1.3
10,08,2005,0.0
10,09,2005,0.0
10,10,2005,0.0
10,11,2005,0.0
10,12,2005,6.8
10,13,2005,1.8
10,14,2005,17.8
10,15,2005,0.0
10,16,2005,0.6
10,17,2005,0.0
10,18,2005,0.0
10,19,2005,0.0
10,20,2005,0.0
10,21,2005,0.0
10,22,2005,0.0
10,23,2005,0.0
10,24,2005,0.0
10,25,2005,0.0
10,26,2005,0.0
10,27,2005,0.0
10,28,2005,0.0
10,29,2005,0.0
10,30,2005,0.0
10,31,2005,0.0
11,01,2005,0.0
11,02,2005,0.0
11,03,2005,0.0
11,04,2005,0.0
11,05,2005,0.0
11,06,2005,0.0
11,07,2005,0.0
11,08,2005,0.0
11,09,2005,0.0
11,10,2005,0.0
11,11,2005,0.0
11,12,2005,0.0
11,13,2005,0.0
11,14,2005,0.0
11,15,2005,0.0
11,16,2005,0.0
11,17,2005,0.0
11,18,2005,0.0
11,19,2005,0.0
11,20,2005,0.0
11,21,2005,0.0
11,22,2005,0.0
11,23,2005,0.0
11,24,2005,0.0
11,25,2005,0.0
11,26,2005,0.0
11,27,2005,0.0
11,28,2005,0.0
11,29,2005,0.0
11,30,2005,0.0
12,01,2005,null
12,02,2005,null
12,03,2005,null
12,04,2005,null
12,05,2005,null
12,06,2005,null
12,07,2005,null
12,08,2005,null
12,09,2005,null
12,10,2005,null
12,11,2005,null
12,12,2005,null
12,13,2005,null
12,14,2005,null
12,15,2005,null
12,16,2005,null
12,17,2005,null
12,18,2005,null
12,19,2005,null
12,20,2005,null
12,21,2005,null
12,22,2005,null
12,23,2005,null
12,24,2005,null
12,25,2005,null
12,26,2005,null
12,27,2005,null
12,28,2005,null
12,29,2005,null
12,30,2005,null
12,31,2005,null
01,01,2006,0.0
01,02,2006,0.0
01,03,2006,0.0
01,04,2006,0.0
01,05,2006,0.0
01,06,2006,0.0
01,07,2006,0.0
01,08,2006,0.0
01,09,2006,0.0
01,10,2006,0.0
01,11,2006,0.0
01,12,2006,0.0
01,13,2006,0.0
01,14,2006,0.0
01,15,2006,0.0
01,16,2006,0.0
01,17,2006,0.0
01,18,2006,0.0
01,19,2006,0.0
01,20,2006,0.0
01,21,2006,0.0
01,22,2006,0.0
01,23,2006,0.0
01,24,2006,9.3
01,25,2006,17.5
01,26,2006,0.0
01,27,2006,2.2
01,28,2006,2.7
01,29,2006,0.0
01,30,2006,0.0
01,31,2006,0.0
02,01,2006,0.0
02,02,2006,0.0
02,03,2006,0.0
02,04,2006,0.0
02,05,2006,0.0
02,06,2006,0.0
02,07,2006,0.0
02,08,2006,0.0
02,09,2006,0.0
02,10,2006,0.0
02,11,2006,0.0
02,12,2006,0.0
02,13,2006,0.0
02,14,2006,0.0
02,15,2006,0.0
02,16,2006,0.0
02,17,2006,0.0
02,18,2006,0.0
02,19,2006,0.0
02,20,2006,0.0
02,21,2006,0.0
02,22,2006,0.0
02,23,2006,0.0
02,24,2006,0.0
02,25,2006,0.0
02,26,2006,0.0
02,27,2006,0.0
02,28,2006,0.0
03,01,2006,0.0
03,02,2006,0.0
03,03,2006,0.0
03,04,2006,0.0
03,05,2006,0.0
03,06,2006,0.0
03,07,2006,0.0
03,08,2006,0.0
03,09,2006,0.0
03,10,2006,0.0
03,11,2006,0.0
03,12,2006,0.0
03,13,2006,0.0
03,14,2006,0.0
03,15,2006,0.0
03,16,2006,0.0
03,17,2006,0.0
03,18,2006,0.0
03,19,2006,0.0
03,20,2006,0.0
03,21,2006,0.0
03,22,2006,0.0
03,23,2006,0.0
03,24,2006,0.0
03,25,2006,0.0
03,26,2006,0.0
03,27,2006,0.0
03,28,2006,0.0
03,29,2006,0.0
03,30,2006,0.0
03,31,2006,0.0
04,01,2006,0.0
04,02,2006,0.0
04,03,2006,0.0
04,04,2006,0.0
04,05,2006,0.0
04,06,2006,0.0
04,07,2006,0.0
04,08,2006,0.0
04,09,2006,0.0
04,10,2006,0.0
04,11,2006,0.0
04,12,2006,0.0
04,13,2006,0.0
04,14,2006,0.0
04,15,2006,0.0
04,16,2006,0.0
04,17,2006,0.0
04,18,2006,0.0
04,19,2006,0.0
04,20,2006,0.0
04,21,2006,0.0
04,22,2006,0.0
04,23,2006,0.0
04,24,2006,0.0
04,25,2006,0.0
04,26,2006,0.0
04,27,2006,0.0
04,28,2006,0.0
04,29,2006,0.0
04,30,2006,0.0
05,01,2006,0.0
05,02,2006,0.0
05,03,2006,0.0
05,04,2006,0.0
05,05,2006,0.0
05,06,2006,0.0
05,07,2006,0.0
05,08,2006,0.0
05,09,2006,0.0
05,10,2006,0.0
05,11,2006,2.4
05,12,2006,0.0
05,13,2006,0.0
05,14,2006,0.0
05,15,2006,16.2
05,16,2006,0.0
05,17,2006,0.0
05,18,2006,0.0
05,19,2006,0.0
05,20,2006,0.0
05,21,2006,0.0
05,22,2006,0.0
05,23,2006,0.0
05,24,2006,0.0
05,25,2006,0.0
05,26,2006,0.0
05,27,2006,1.2
05,28,2006,0.0
05,29,2006,1.5
05,30,2006,0.0
05,31,2006,0.0
06,01,2006,0.0
06,02,2006,0.0
06,03,2006,0.0
06,04,2006,0.0
06,05,2006,0.0
06,06,2006,0.0
06,07,2006,0.0
06,08,2006,0.0
06,09,2006,0.0
06,10,2006,0.0
06,11,2006,0.0
06,12,2006,0.0
06,13,2006,0.0
06,14,2006,0.0
06,15,2006,0.0
06,16,2006,0.0
06,17,2006,0.0
06,18,2006,9.7
06,19,2006,0.0
06,20,2006,0.0
06,21,2006,0.0
06,22,2006,5.0
06,23,2006,0.0
06,24,2006,0.0
06,25,2006,1.3
06,26,2006,3.2
06,27,2006,7.7
06,28,2006,8.9
06,29,2006,6.0
06,30,2006,0.0
07,01,2006,19.0
07,02,2006,32.0
07,03,2006,0.0
07,04,2006,0.6
07,05,2006,0.0
07,06,2006,0.0
07,07,2006,0.0
07,08,2006,0.0
07,09,2006,0.0
07,10,2006,0.0
07,11,2006,0.0
07,12,2006,0.0
07,13,2006,0.0
07,14,2006,0.0
07,15,2006,0.0
07,16,2006,0.0
07,17,2006,0.0
07,18,2006,0.0
07,19,2006,0.0
07,20,2006,0.0
07,21,2006,0.0
07,22,2006,0.0
07,23,2006,0.0
07,24,2006,4.7
07,25,2006,0.8
07,26,2006,10.0
07,27,2006,0.0
07,28,2006,0.0
07,29,2006,0.0
07,30,2006,0.0
07,31,2006,7.0
08,01,2006,1.3
08,02,2006,7.2
08,03,2006,35.8
08,04,2006,17.6
08,05,2006,0.0
08,06,2006,1.8
08,07,2006,2.4
08,08,2006,0.0
08,09,2006,0.0
08,10,2006,0.0
08,11,2006,6.9
08,12,2006,15.0
08,13,2006,0.0
08,14,2006,0.0
08,15,2006,0.0
08,16,2006,0.0
08,17,2006,2.1
08,18,2006,0.0
08,19,2006,0.0
08,20,2006,0.0
08,21,2006,1.3
08,22,2006,0.0
08,23,2006,9.2
08,24,2006,0.0
08,25,2006,0.1
08,26,2006,4.1
08,27,2006,3.6
08,28,2006,0.0
08,29,2006,0.0
08,30,2006,0.0
08,31,2006,0.0
09,01,2006,0.0
09,02,2006,2.5
09,03,2006,0.0
09,04,2006,0.0
09,05,2006,0.0
09,06,2006,11.9
09,07,2006,6.8
09,08,2006,4.6
09,09,2006,0.0
09,10,2006,0.0
09,11,2006,0.0
09,12,2006,1.6
09,13,2006,1.3
09,14,2006,0.0
09,15,2006,14.9
09,16,2006,1.8
09,17,2006,0.0
09,18,2006,0.0
09,19,2006,0.0
09,20,2006,0.0
09,21,2006,0.0
09,22,2006,3.7
09,23,2006,0.0
09,24,2006,0.0
09,25,2006,0.5
09,26,2006,0.0
09,27,2006,0.0
09,28,2006,0.0
09,29,2006,0.0
09,30,2006,0.0
10,01,2006,0.0
10,02,2006,0.1
10,03,2006,0.0
10,04,2006,0.0
10,05,2006,0.0
10,06,2006,0.0
10,07,2006,0.0
10,08,2006,0.0
10,09,2006,3.4
10,10,2006,0.0
10,11,2006,0.0
10,12,2006,0.0
10,13,2006,0.0
10,14,2006,0.0
10,15,2006,1.2
10,16,2006,0.0
10,17,2006,0.0
10,18,2006,0.0
10,19,2006,0.0
10,20,2006,0.7
10,21,2006,0.0
10,22,2006,24.1
10,23,2006,17.5
10,24,2006,7.1
10,25,2006,5.2
10,26,2006,0.0
10,27,2006,0.0
10,28,2006,0.0
10,29,2006,0.0
10,30,2006,0.0
10,31,2006,0.0
11,01,2006,0.0
11,02,2006,0.0
11,03,2006,0.0
11,04,2006,0.0
11,05,2006,0.0
11,06,2006,0.0
11,07,2006,0.0
11,08,2006,0.0
11,09,2006,0.0
11,10,2006,0.0
11,11,2006,0.0
11,12,2006,0.0
11,13,2006,0.0
11,14,2006,0.0
11,15,2006,0.0
11,16,2006,0.0
11,17,2006,0.0
11,18,2006,0.0
11,19,2006,0.0
11,20,2006,0.0
11,21,2006,0.0
11,22,2006,0.0
11,23,2006,0.0
11,24,2006,0.0
11,25,2006,0.0
11,26,2006,0.0
11,27,2006,0.0
11,28,2006,0.0
11,29,2006,0.0
11,30,2006,0.0
12,01,2006,0.0
12,02,2006,0.0
12,03,2006,0.0
12,04,2006,0.0
12,05,2006,0.0
12,06,2006,0.0
12,07,2006,16.7
12,08,2006,4.6
12,09,2006,0.0
12,10,2006,0.0
12,11,2006,0.0
12,12,2006,0.0
12,13,2006,0.6
12,14,2006,0.0
12,15,2006,0.0
12,16,2006,0.0
12,17,2006,0.0
12,18,2006,0.0
12,19,2006,1.1
12,20,2006,0.0
12,21,2006,0.0
12,22,2006,0.0
12,23,2006,12.4
12,24,2006,0.0
12,25,2006,0.0
12,26,2006,0.0
12,27,2006,0.0
12,28,2006,0.0
12,29,2006,6.4
12,30,2006,0.0
12,31,2006,0.0
01,01,2007,null
01,02,2007,null
01,03,2007,null
01,04,2007,null
01,05,2007,null
01,06,2007,null
01,07,2007,null
01,08,2007,null
01,09,2007,null
01,10,2007,null
01,11,2007,null
01,12,2007,null
01,13,2007,null
01,14,2007,null
01,15,2007,null
01,16,2007,null
01,17,2007,null
01,18,2007,null
01,19,2007,null
01,20,2007,null
01,21,2007,null
01,22,2007,null
01,23,2007,null
01,24,2007,null
01,25,2007,null
01,26,2007,null
01,27,2007,null
01,28,2007,null
01,29,2007,null
01,30,2007,null
01,31,2007,null
02,01,2007,null
02,02,2007,null
02,03,2007,null
02,04,2007,null
02,05,2007,null
02,06,2007,null
02,07,2007,null
02,08,2007,null
02,09,2007,null
02,10,2007,null
02,11,2007,null
02,12,2007,null
02,13,2007,null
02,14,2007,null
02,15,2007,null
02,16,2007,null
02,17,2007,null
02,18,2007,null
02,19,2007,null
02,20,2007,null
02,21,2007,null
02,22,2007,null
02,23,2007,null
02,24,2007,null
02,25,2007,null
02,26,2007,null
02,27,2007,null
02,28,2007,null
03,01,2007,null
03,02,2007,null
03,03,2007,null
03,04,2007,null
03,05,2007,null
03,06,2007,null
03,07,2007,null
03,08,2007,null
03,09,2007,null
03,10,2007,null
03,11,2007,null
03,12,2007,null
03,13,2007,null
03,14,2007,null
03,15,2007,null
03,16,2007,null
03,17,2007,null
03,18,2007,null
03,19,2007,null
03,20,2007,null
03,21,2007,null
03,22,2007,null
03,23,2007,null
03,24,2007,null
03,25,2007,null
03,26,2007,null
03,27,2007,null
03,28,2007,null
03,29,2007,null
03,30,2007,null
03,31,2007,null
04,01,2007,null
04,02,2007,null
04,03,2007,null
04,04,2007,null
04,05,2007,null
04,06,2007,null
04,07,2007,null
04,08,2007,null
04,09,2007,null
04,10,2007,null
04,11,2007,null
04,12,2007,null
04,13,2007,null
04,14,2007,null
04,15,2007,null
04,16,2007,null
04,17,2007,null
04,18,2007,null
04,19,2007,null
04,20,2007,null
04,21,2007,null
04,22,2007,null
04,23,2007,null
04,24,2007,null
04,25,2007,null
04,26,2007,null
04,27,2007,null
04,28,2007,null
04,29,2007,null
04,30,2007,null
05,01,2007,null
05,02,2007,null
05,03,2007,null
05,04,2007,null
05,05,2007,null
05,06,2007,null
05,07,2007,null
05,08,2007,null
05,09,2007,null
05,10,2007,null
05,11,2007,null
05,12,2007,null
05,13,2007,null
05,14,2007,null
05,15,2007,null
05,16,2007,null
05,17,2007,null
05,18,2007,null
05,19,2007,null
05,20,2007,null
05,21,2007,null
05,22,2007,null
05,23,2007,null
05,24,2007,null
05,25,2007,null
05,26,2007,null
05,27,2007,null
05,28,2007,null
05,29,2007,null
05,30,2007,null
05,31,2007,null
06,01,2007,null
06,02,2007,null
06,03,2007,null
06,04,2007,null
06,05,2007,null
06,06,2007,null
06,07,2007,null
06,08,2007,null
06,09,2007,null
06,10,2007,null
06,11,2007,null
06,12,2007,null
06,13,2007,null
06,14,2007,null
06,15,2007,null
06,16,2007,null
06,17,2007,null
06,18,2007,null
06,19,2007,null
06,20,2007,null
06,21,2007,null
06,22,2007,null
06,23,2007,null
06,24,2007,null
06,25,2007,null
06,26,2007,null
06,27,2007,null
06,28,2007,null
06,29,2007,null
06,30,2007,null
07,01,2007,null
07,02,2007,null
07,03,2007,null
07,04,2007,null
07,05,2007,null
07,06,2007,null
07,07,2007,null
07,08,2007,null
07,09,2007,null
07,10,2007,null
07,11,2007,null
07,12,2007,null
07,13,2007,null
07,14,2007,null
07,15,2007,null
07,16,2007,null
07,17,2007,null
07,18,2007,null
07,19,2007,null
07,20,2007,null
07,21,2007,null
07,22,2007,null
07,23,2007,null
07,24,2007,null
07,25,2007,null
07,26,2007,null
07,27,2007,null
07,28,2007,null
07,29,2007,null
07,30,2007,null
07,31,2007,null
08,01,2007,null
08,02,2007,null
08,03,2007,null
08,04,2007,null
08,05,2007,null
08,06,2007,null
08,07,2007,null
08,08,2007,null
08,09,2007,null
08,10,2007,null
08,11,2007,null
08,12,2007,null
08,13,2007,null
08,14,2007,null
08,15,2007,null
08,16,2007,null
08,17,2007,null
08,18,2007,null
08,19,2007,null
08,20,2007,null
08,21,2007,null
08,22,2007,null
08,23,2007,null
08,24,2007,null
08,25,2007,null
08,26,2007,null
08,27,2007,null
08,28,2007,null
08,29,2007,null
08,30,2007,null
08,31,2007,null
09,01,2007,null
09,02,2007,null
09,03,2007,null
09,04,2007,null
09,05,2007,null
09,06,2007,null
09,07,2007,null
09,08,2007,null
09,09,2007,null
09,10,2007,null
09,11,2007,null
09,12,2007,null
09,13,2007,null
09,14,2007,null
09,15,2007,null
09,16,2007,null
09,17,2007,null
09,18,2007,null
09,19,2007,null
09,20,2007,null
09,21,2007,null
09,22,2007,null
09,23,2007,null
09,24,2007,null
09,25,2007,null
09,26,2007,null
09,27,2007,null
09,28,2007,null
09,29,2007,null
09,30,2007,null
10,01,2007,null
10,02,2007,null
10,03,2007,null
10,04,2007,null
10,05,2007,null
10,06,2007,null
10,07,2007,null
10,08,2007,null
10,09,2007,null
10,10,2007,null
10,11,2007,null
10,12,2007,null
10,13,2007,null
10,14,2007,null
10,15,2007,null
10,16,2007,null
10,17,2007,null
10,18,2007,null
10,19,2007,null
10,20,2007,null
10,21,2007,null
10,22,2007,null
10,23,2007,null
10,24,2007,null
10,25,2007,null
10,26,2007,null
10,27,2007,null
10,28,2007,null
10,29,2007,null
10,30,2007,null
10,31,2007,null
11,01,2007,null
11,02,2007,null
11,03,2007,null
11,04,2007,null
11,05,2007,null
11,06,2007,null
11,07,2007,null
11,08,2007,null
11,09,2007,null
11,10,2007,null
11,11,2007,null
11,12,2007,null
11,13,2007,null
11,14,2007,null
11,15,2007,null
11,16,2007,null
11,17,2007,null
11,18,2007,null
11,19,2007,null
11,20,2007,null
11,21,2007,null
11,22,2007,null
11,23,2007,null
11,24,2007,null
11,25,2007,null
11,26,2007,null
11,27,2007,null
11,28,2007,null
11,29,2007,null
11,30,2007,null
12,01,2007,null
12,02,2007,null
12,03,2007,null
12,04,2007,null
12,05,2007,null
12,06,2007,null
12,07,2007,null
12,08,2007,null
12,09,2007,null
12,10,2007,null
12,11,2007,null
12,12,2007,null
12,13,2007,null
12,14,2007,null
12,15,2007,null
12,16,2007,null
12,17,2007,null
12,18,2007,null
12,19,2007,null
12,20,2007,null
12,21,2007,null
12,22,2007,null
12,23,2007,null
12,24,2007,null
12,25,2007,null
12,26,2007,null
12,27,2007,null
12,28,2007,null
12,29,2007,null
12,30,2007,null
12,31,2007,null
01,01,2008,0.0
01,02,2008,0.0
01,03,2008,0.0
01,04,2008,0.0
01,05,2008,0.0
01,06,2008,0.0
01,07,2008,0.0
01,08,2008,0.0
01,09,2008,0.0
01,10,2008,0.0
01,11,2008,0.0
01,12,2008,0.0
01,13,2008,0.0
01,14,2008,0.0
01,15,2008,0.0
01,16,2008,0.0
01,17,2008,0.0
01,18,2008,0.0
01,19,2008,0.0
01,20,2008,0.0
01,21,2008,0.0
01,22,2008,0.0
01,23,2008,0.0
01,24,2008,0.0
01,25,2008,0.0
01,26,2008,0.0
01,27,2008,0.0
01,28,2008,0.0
01,29,2008,0.0
01,30,2008,0.0
01,31,2008,0.0
02,01,2008,null
02,02,2008,null
02,03,2008,null
02,04,2008,null
02,05,2008,null
02,06,2008,null
02,07,2008,null
02,08,2008,null
02,09,2008,null
02,10,2008,null
02,11,2008,null
02,12,2008,null
02,13,2008,null
02,14,2008,null
02,15,2008,null
02,16,2008,null
02,17,2008,null
02,18,2008,null
02,19,2008,null
02,20,2008,null
02,21,2008,null
02,22,2008,null
02,23,2008,null
02,24,2008,null
02,25,2008,null
02,26,2008,null
02,27,2008,null
02,28,2008,null
02,29,2008,null
03,01,2008,null
03,02,2008,null
03,03,2008,null
03,04,2008,null
03,05,2008,null
03,06,2008,null
03,07,2008,null
03,08,2008,null
03,09,2008,null
03,10,2008,null
03,11,2008,null
03,12,2008,null
03,13,2008,null
03,14,2008,null
03,15,2008,null
03,16,2008,null
03,17,2008,null
03,18,2008,null
03,19,2008,null
03,20,2008,null
03,21,2008,null
03,22,2008,null
03,23,2008,null
03,24,2008,null
03,25,2008,null
03,26,2008,null
03,27,2008,null
03,28,2008,null
03,29,2008,null
03,30,2008,null
03,31,2008,null
04,01,2008,null
04,02,2008,null
04,03,2008,null
04,04,2008,null
04,05,2008,null
04,06,2008,null
04,07,2008,null
04,08,2008,null
04,09,2008,null
04,10,2008,null
04,11,2008,null
04,12,2008,null
04,13,2008,null
04,14,2008,null
04,15,2008,null
04,16,2008,null
04,17,2008,null
04,18,2008,null
04,19,2008,null
04,20,2008,null
04,21,2008,null
04,22,2008,null
04,23,2008,null
04,24,2008,null
04,25,2008,null
04,26,2008,null
04,27,2008,null
04,28,2008,null
04,29,2008,null
04,30,2008,null
05,01,2008,null
05,02,2008,null
05,03,2008,null
05,04,2008,null
05,05,2008,null
05,06,2008,null
05,07,2008,null
05,08,2008,null
05,09,2008,null
05,10,2008,null
05,11,2008,null
05,12,2008,null
05,13,2008,null
05,14,2008,null
05,15,2008,null
05,16,2008,null
05,17,2008,null
05,18,2008,null
05,19,2008,null
05,20,2008,null
05,21,2008,null
05,22,2008,null
05,23,2008,null
05,24,2008,null
05,25,2008,null
05,26,2008,null
05,27,2008,null
05,28,2008,null
05,29,2008,null
05,30,2008,null
05,31,2008,null
06,01,2008,null
06,02,2008,null
06,03,2008,null
06,04,2008,null
06,05,2008,null
06,06,2008,null
06,07,2008,null
06,08,2008,null
06,09,2008,null
06,10,2008,null
06,11,2008,null
06,12,2008,null
06,13,2008,null
06,14,2008,null
06,15,2008,null
06,16,2008,null
06,17,2008,null
06,18,2008,null
06,19,2008,null
06,20,2008,null
06,21,2008,null
06,22,2008,null
06,23,2008,null
06,24,2008,null
06,25,2008,null
06,26,2008,null
06,27,2008,null
06,28,2008,null
06,29,2008,null
06,30,2008,null
07,01,2008,null
07,02,2008,null
07,03,2008,null
07,04,2008,null
07,05,2008,null
07,06,2008,null
07,07,2008,null
07,08,2008,null
07,09,2008,null
07,10,2008,null
07,11,2008,null
07,12,2008,null
07,13,2008,null
07,14,2008,null
07,15,2008,null
07,16,2008,null
07,17,2008,null
07,18,2008,null
07,19,2008,null
07,20,2008,null
07,21,2008,null
07,22,2008,null
07,23,2008,null
07,24,2008,null
07,25,2008,null
07,26,2008,null
07,27,2008,null
07,28,2008,null
07,29,2008,null
07,30,2008,null
07,31,2008,null
08,01,2008,null
08,02,2008,null
08,03,2008,null
08,04,2008,null
08,05,2008,null
08,06,2008,null
08,07,2008,null
08,08,2008,null
08,09,2008,null
08,10,2008,null
08,11,2008,null
08,12,2008,null
08,13,2008,null
08,14,2008,null
08,15,2008,null
08,16,2008,null
08,17,2008,null
08,18,2008,null
08,19,2008,null
08,20,2008,null
08,21,2008,null
08,22,2008,null
08,23,2008,null
08,24,2008,null
08,25,2008,null
08,26,2008,null
08,27,2008,null
08,28,2008,null
08,29,2008,null
08,30,2008,null
08,31,2008,null
09,01,2008,null
09,02,2008,null
09,03,2008,null
09,04,2008,null
09,05,2008,null
09,06,2008,null
09,07,2008,null
09,08,2008,null
09,09,2008,null
09,10,2008,null
09,11,2008,null
09,12,2008,null
09,13,2008,null
09,14,2008,null
09,15,2008,null
09,16,2008,null
09,17,2008,null
09,18,2008,null
09,19,2008,null
09,20,2008,null
09,21,2008,null
09,22,2008,null
09,23,2008,null
09,24,2008,null
09,25,2008,null
09,26,2008,null
09,27,2008,null
09,28,2008,null
09,29,2008,null
09,30,2008,null
10,01,2008,null
10,02,2008,null
10,03,2008,null
10,04,2008,null
10,05,2008,null
10,06,2008,null
10,07,2008,null
10,08,2008,null
10,09,2008,null
10,10,2008,null
10,11,2008,null
10,12,2008,null
10,13,2008,null
10,14,2008,null
10,15,2008,null
10,16,2008,null
10,17,2008,null
10,18,2008,null
10,19,2008,null
10,20,2008,null
10,21,2008,null
10,22,2008,null
10,23,2008,null
10,24,2008,null
10,25,2008,null
10,26,2008,null
10,27,2008,null
10,28,2008,null
10,29,2008,null
10,30,2008,null
10,31,2008,null
11,01,2008,null
11,02,2008,null
11,03,2008,null
11,04,2008,null
11,05,2008,null
11,06,2008,null
11,07,2008,null
11,08,2008,null
11,09,2008,null
11,10,2008,null
11,11,2008,null
11,12,2008,null
11,13,2008,null
11,14,2008,null
11,15,2008,null
11,16,2008,null
11,17,2008,null
11,18,2008,null
11,19,2008,null
11,20,2008,null
11,21,2008,null
11,22,2008,null
11,23,2008,null
11,24,2008,null
11,25,2008,null
11,26,2008,null
11,27,2008,null
11,28,2008,null
11,29,2008,null
11,30,2008,null
12,01,2008,null
12,02,2008,null
12,03,2008,null
12,04,2008,null
12,05,2008,null
12,06,2008,null
12,07,2008,null
12,08,2008,null
12,09,2008,null
12,10,2008,null
12,11,2008,null
12,12,2008,null
12,13,2008,null
12,14,2008,null
12,15,2008,null
12,16,2008,null
12,17,2008,null
12,18,2008,null
12,19,2008,null
12,20,2008,null
12,21,2008,null
12,22,2008,null
12,23,2008,null
12,24,2008,null
12,25,2008,null
12,26,2008,null
12,27,2008,null
12,28,2008,null
12,29,2008,null
12,30,2008,null
12,31,2008,null
01,01,2009,null
01,02,2009,null
01,03,2009,null
01,04,2009,null
01,05,2009,null
01,06,2009,null
01,07,2009,null
01,08,2009,null
01,09,2009,null
01,10,2009,null
01,11,2009,null
01,12,2009,null
01,13,2009,null
01,14,2009,null
01,15,2009,null
01,16,2009,null
01,17,2009,null
01,18,2009,0.0
01,19,2009,0.0
01,20,2009,0.0
01,21,2009,0.0
01,22,2009,0.0
01,23,2009,0.0
01,24,2009,0.0
01,25,2009,0.0
01,26,2009,0.0
01,27,2009,0.0
01,28,2009,0.0
01,29,2009,0.0
01,30,2009,0.0
01,31,2009,0.0
02,01,2009,0.0
02,02,2009,0.0
02,03,2009,0.0
02,04,2009,0.0
02,05,2009,0.0
02,06,2009,0.0
02,07,2009,0.0
02,08,2009,0.0
02,09,2009,0.0
02,10,2009,0.0
02,11,2009,0.0
02,12,2009,0.0
02,13,2009,0.0
02,14,2009,0.0
02,15,2009,0.0
02,16,2009,0.0
02,17,2009,0.0
02,18,2009,0.0
02,19,2009,0.0
02,20,2009,0.0
02,21,2009,0.0
02,22,2009,0.0
02,23,2009,0.0
02,24,2009,0.0
02,25,2009,0.0
02,26,2009,0.0
02,27,2009,0.0
02,28,2009,0.0
03,01,2009,0.0
03,02,2009,0.0
03,03,2009,0.0
03,04,2009,0.0
03,05,2009,0.0
03,06,2009,0.0
03,07,2009,0.0
03,08,2009,0.0
03,09,2009,0.0
03,10,2009,0.0
03,11,2009,0.0
03,12,2009,0.0
03,13,2009,0.0
03,14,2009,2.2
03,15,2009,0.0
03,16,2009,0.0
03,17,2009,0.0
03,18,2009,0.0
03,19,2009,0.0
03,20,2009,0.0
03,21,2009,0.0
03,22,2009,0.0
03,23,2009,0.0
03,24,2009,0.0
03,25,2009,0.0
03,26,2009,0.0
03,27,2009,0.0
03,28,2009,0.0
03,29,2009,0.0
03,30,2009,0.0
03,31,2009,0.0
04,01,2009,0.0
04,02,2009,0.0
04,03,2009,0.0
04,04,2009,0.0
04,05,2009,0.0
04,06,2009,0.0
04,07,2009,0.0
04,08,2009,0.0
04,09,2009,0.0
04,10,2009,0.0
04,11,2009,0.0
04,12,2009,0.0
04,13,2009,0.0
04,14,2009,0.0
04,15,2009,0.0
04,16,2009,0.0
04,17,2009,0.0
04,18,2009,0.0
04,19,2009,0.0
04,20,2009,0.0
04,21,2009,0.0
04,22,2009,0.0
04,23,2009,0.0
04,24,2009,0.0
04,25,2009,0.0
04,26,2009,0.0
04,27,2009,0.0
04,28,2009,0.0
04,29,2009,0.0
04,30,2009,0.0
05,01,2009,0.0
05,02,2009,0.0
05,03,2009,0.0
05,04,2009,0.0
05,05,2009,0.0
05,06,2009,0.0
05,07,2009,0.0
05,08,2009,0.0
05,09,2009,0.0
05,10,2009,0.0
05,11,2009,0.0
05,12,2009,3.1
05,13,2009,0.0
05,14,2009,1.0
05,15,2009,0.0
05,16,2009,0.6
05,17,2009,0.0
05,18,2009,0.0
05,19,2009,0.0
05,20,2009,10.8
05,21,2009,4.5
05,22,2009,1.2
05,23,2009,0.0
05,24,2009,0.0
05,25,2009,0.0
05,26,2009,0.0
05,27,2009,0.0
05,28,2009,1.1
05,29,2009,1.2
05,30,2009,0.0
05,31,2009,1.5
06,01,2009,null
06,02,2009,null
06,03,2009,null
06,04,2009,null
06,05,2009,null
06,06,2009,null
06,07,2009,null
06,08,2009,null
06,09,2009,null
06,10,2009,null
06,11,2009,null
06,12,2009,null
06,13,2009,null
06,14,2009,null
06,15,2009,null
06,16,2009,null
06,17,2009,null
06,18,2009,null
06,19,2009,null
06,20,2009,null
06,21,2009,null
06,22,2009,null
06,23,2009,null
06,24,2009,null
06,25,2009,14.2
06,26,2009,0.0
06,27,2009,0.0
06,28,2009,1.2
06,29,2009,0.0
06,30,2009,null
07,01,2009,0.0
07,02,2009,0.0
07,03,2009,5.3
07,04,2009,0.0
07,05,2009,0.0
07,06,2009,0.0
07,07,2009,0.0
07,08,2009,14.2
07,09,2009,0.0
07,10,2009,0.0
07,11,2009,0.0
07,12,2009,0.0
07,13,2009,0.0
07,14,2009,0.0
07,15,2009,0.0
07,16,2009,0.0
07,17,2009,0.0
07,18,2009,12.3
07,19,2009,0.0
07,20,2009,0.0
07,21,2009,0.0
07,22,2009,0.0
07,23,2009,0.0
07,24,2009,null
07,25,2009,null
07,26,2009,null
07,27,2009,0.0
07,28,2009,null
07,29,2009,null
07,30,2009,null
07,31,2009,null
08,01,2009,null
08,02,2009,null
08,03,2009,null
08,04,2009,null
08,05,2009,null
08,06,2009,null
08,07,2009,0.0
08,08,2009,11.5
08,09,2009,0.0
08,10,2009,3.9
08,11,2009,0.0
08,12,2009,0.0
08,13,2009,0.0
08,14,2009,0.0
08,15,2009,0.0
08,16,2009,0.0
08,17,2009,2.5
08,18,2009,null
08,19,2009,null
08,20,2009,null
08,21,2009,0.0
08,22,2009,1.8
08,23,2009,0.0
08,24,2009,null
08,25,2009,0.0
08,26,2009,0.0
08,27,2009,0.0
08,28,2009,0.0
08,29,2009,7.3
08,30,2009,13.2
08,31,2009,null
09,01,2009,0.7
09,02,2009,17.0
09,03,2009,null
09,04,2009,0.7
09,05,2009,0.0
09,06,2009,1.7
09,07,2009,1.1
09,08,2009,null
09,09,2009,0.0
09,10,2009,0.0
09,11,2009,2.3
09,12,2009,0.0
09,13,2009,0.0
09,14,2009,0.0
09,15,2009,null
09,16,2009,1.1
09,17,2009,8.9
09,18,2009,0.0
09,19,2009,12.0
09,20,2009,null
09,21,2009,1.3
09,22,2009,19.2
09,23,2009,0.3
09,24,2009,0.0
09,25,2009,0.0
09,26,2009,0.0
09,27,2009,0.0
09,28,2009,7.4
09,29,2009,0.4
09,30,2009,null
10,01,2009,0.0
10,02,2009,0.0
10,03,2009,0.0
10,04,2009,null
10,05,2009,0.0
10,06,2009,0.0
10,07,2009,0.0
10,08,2009,0.0
10,09,2009,0.0
10,10,2009,0.0
10,11,2009,0.3
10,12,2009,0.0
10,13,2009,0.0
10,14,2009,0.0
10,15,2009,0.0
10,16,2009,4.2
10,17,2009,9.1
10,18,2009,0.0
10,19,2009,0.0
10,20,2009,1.2
10,21,2009,1.0
10,22,2009,0.0
10,23,2009,0.0
10,24,2009,0.0
10,25,2009,0.0
10,26,2009,0.0
10,27,2009,0.0
10,28,2009,0.0
10,29,2009,0.0
10,30,2009,0.0
10,31,2009,0.0
11,01,2009,0.0
11,02,2009,0.0
11,03,2009,0.0
11,04,2009,0.0
11,05,2009,0.0
11,06,2009,0.0
11,07,2009,null
11,08,2009,null
11,09,2009,null
11,10,2009,0.0
11,11,2009,0.0
11,12,2009,0.0
11,13,2009,null
11,14,2009,0.0
11,15,2009,0.0
11,16,2009,0.0
11,17,2009,0.0
11,18,2009,0.0
11,19,2009,0.0
11,20,2009,0.0
11,21,2009,null
11,22,2009,null
11,23,2009,0.0
11,24,2009,0.0
11,25,2009,null
11,26,2009,6.6
11,27,2009,1.2
11,28,2009,0.0
11,29,2009,0.0
11,30,2009,null
12,01,2009,0.0
12,02,2009,0.0
12,03,2009,0.0
12,04,2009,0.0
12,05,2009,0.0
12,06,2009,0.0
12,07,2009,0.0
12,08,2009,0.0
12,09,2009,0.0
12,10,2009,0.0
12,11,2009,0.0
12,12,2009,0.0
12,13,2009,0.0
12,14,2009,0.0
12,15,2009,0.0
12,16,2009,0.0
12,17,2009,0.0
12,18,2009,0.0
12,19,2009,0.0
12,20,2009,0.0
12,21,2009,0.0
12,22,2009,0.0
12,23,2009,0.0
12,24,2009,0.0
12,25,2009,0.0
12,26,2009,null
12,27,2009,null
12,28,2009,6.0
12,29,2009,3.3
12,30,2009,0.0
12,31,2009,null
01,01,2010,0.0
01,02,2010,0.01
01,03,2010,0.0
01,04,2010,0.0
01,05,2010,0.0
01,06,2010,0.0
01,07,2010,0.0
01,08,2010,0.0
01,09,2010,0.0
01,10,2010,0.01
01,11,2010,1.8
01,12,2010,0.0
01,13,2010,0.6
01,14,2010,1.0
01,15,2010,0.0
01,16,2010,0.0
01,17,2010,0.0
01,18,2010,0.0
01,19,2010,0.0
01,20,2010,10.0
01,21,2010,0.0
01,22,2010,0.0
01,23,2010,0.0
01,24,2010,0.0
01,25,2010,0.0
01,26,2010,0.0
01,27,2010,0.0
01,28,2010,0.0
01,29,2010,0.0
01,30,2010,0.0
01,31,2010,0.0
02,01,2010,0.01
02,02,2010,17.1
02,03,2010,0.0
02,04,2010,0.0
02,05,2010,0.0
02,06,2010,0.0
02,07,2010,0.0
02,08,2010,0.0
02,09,2010,0.0
02,10,2010,0.0
02,11,2010,0.0
02,12,2010,0.0
02,13,2010,0.0
02,14,2010,0.0
02,15,2010,0.0
02,16,2010,0.0
02,17,2010,0.0
02,18,2010,0.3
02,19,2010,0.0
02,20,2010,0.0
02,21,2010,0.0
02,22,2010,0.0
02,23,2010,0.0
02,24,2010,0.0
02,25,2010,0.0
02,26,2010,0.0
02,27,2010,0.0
02,28,2010,0.0
03,01,2010,0.0
03,02,2010,0.0
03,03,2010,0.0
03,04,2010,0.0
03,05,2010,0.0
03,06,2010,1.2
03,07,2010,0.0
03,08,2010,0.0
03,09,2010,0.0
03,10,2010,0.0
03,11,2010,0.0
03,12,2010,0.0
03,13,2010,0.0
03,14,2010,0.0
03,15,2010,0.0
03,16,2010,0.0
03,17,2010,0.0
03,18,2010,0.0
03,19,2010,0.0
03,20,2010,0.0
03,21,2010,0.0
03,22,2010,0.0
03,23,2010,0.0
03,24,2010,0.0
03,25,2010,0.0
03,26,2010,0.0
03,27,2010,0.0
03,28,2010,0.0
03,29,2010,0.0
03,30,2010,0.0
03,31,2010,0.0
04,01,2010,0.0
04,02,2010,0.0
04,03,2010,0.0
04,04,2010,0.0
04,05,2010,0.01
04,06,2010,0.0
04,07,2010,0.0
04,08,2010,0.0
04,09,2010,0.01
04,10,2010,0.01
04,11,2010,17.1
04,12,2010,0.0
04,13,2010,0.0
04,14,2010,0.0
04,15,2010,0.0
04,16,2010,9.9
04,17,2010,9.9
04,18,2010,0.01
04,19,2010,0.01
04,20,2010,0.0
04,21,2010,0.0
04,22,2010,0.0
04,23,2010,0.0
04,24,2010,0.0
04,25,2010,0.0
04,26,2010,0.0
04,27,2010,0.0
04,28,2010,0.0
04,29,2010,0.0
04,30,2010,0.0
05,01,2010,0.0
05,02,2010,0.0
05,03,2010,0.0
05,04,2010,0.0
05,05,2010,0.0
05,06,2010,0.0
05,07,2010,0.0
05,08,2010,1.1
05,09,2010,0.0
05,10,2010,0.0
05,11,2010,0.0
05,12,2010,0.01
05,13,2010,0.0
05,14,2010,0.0
05,15,2010,0.0
05,16,2010,0.0
05,17,2010,0.0
05,18,2010,0.0
05,19,2010,0.0
05,20,2010,0.0
05,21,2010,0.0
05,22,2010,null
05,23,2010,null
05,24,2010,null
05,25,2010,null
05,26,2010,null
05,27,2010,null
05,28,2010,null
05,29,2010,null
05,30,2010,null
05,31,2010,null
06,01,2010,null
06,02,2010,null
06,03,2010,null
06,04,2010,null
06,05,2010,null
06,06,2010,0.0
06,07,2010,0.0
06,08,2010,2.3
06,09,2010,18.4
06,10,2010,5.3
06,11,2010,0.5
06,12,2010,0.0
06,13,2010,0.03
06,14,2010,null
06,15,2010,null
06,16,2010,8.0
06,17,2010,12.2
06,18,2010,0.0
06,19,2010,0.0
06,20,2010,0.03
06,21,2010,0.0
06,22,2010,0.0
06,23,2010,0.0
06,24,2010,0.03
06,25,2010,0.03
06,26,2010,0.03
06,27,2010,7.3
06,28,2010,0.7
06,29,2010,0.03
06,30,2010,3.1
07,01,2010,0.0
07,02,2010,0.0
07,03,2010,5.3
07,04,2010,0.0
07,05,2010,0.0
07,06,2010,0.0
07,07,2010,0.0
07,08,2010,14.2
07,09,2010,0.0
07,10,2010,0.0
07,11,2010,0.0
07,12,2010,3.0
07,13,2010,0.0
07,14,2010,0.0
07,15,2010,0.0
07,16,2010,0.0
07,17,2010,0.0
07,18,2010,12.3
07,19,2010,0.0
07,20,2010,0.0
07,21,2010,0.0
07,22,2010,null
07,23,2010,null
07,24,2010,null
07,25,2010,null
07,26,2010,null
07,27,2010,0.0
07,28,2010,null
07,29,2010,null
07,30,2010,null
07,31,2010,null
08,01,2010,0.0
08,02,2010,0.0
08,03,2010,0.0
08,04,2010,0.0
08,05,2010,0.0
08,06,2010,0.0
08,07,2010,1.6
08,08,2010,9.9
08,09,2010,0.03
08,10,2010,4.1
08,11,2010,3.6
08,12,2010,0.0
08,13,2010,0.03
08,14,2010,0.03
08,15,2010,5.7
08,16,2010,0.0
08,17,2010,0.0
08,18,2010,0.03
08,19,2010,0.0
08,20,2010,0.0
08,21,2010,0.0
08,22,2010,0.0
08,23,2010,0.0
08,24,2010,0.0
08,25,2010,0.0
08,26,2010,0.0
08,27,2010,0.0
08,28,2010,0.0
08,29,2010,2.6
08,30,2010,0.0
08,31,2010,0.8
09,01,2010,0.0
09,02,2010,0.0
09,03,2010,0.0
09,04,2010,2.0
09,05,2010,0.0
09,06,2010,29.2
09,07,2010,0.0
09,08,2010,0.0
09,09,2010,26.8
09,10,2010,0.03
09,11,2010,27.4
09,12,2010,0.0
09,13,2010,1.6
09,14,2010,0.0
09,15,2010,0.0
09,16,2010,0.0
09,17,2010,0.0
09,18,2010,0.0
09,19,2010,1.4
09,20,2010,54.5
09,21,2010,10.4
09,22,2010,0.0
09,23,2010,0.0
09,24,2010,31.6
09,25,2010,1.4
09,26,2010,3.5
09,27,2010,0.0
09,28,2010,0.0
09,29,2010,0.0
09,30,2010,0.0
10,01,2010,0.0
10,02,2010,0.0
10,03,2010,0.0
10,04,2010,0.0
10,05,2010,0.0
10,06,2010,0.0
10,07,2010,0.0
10,08,2010,null
10,09,2010,0.0
10,10,2010,9.0
10,11,2010,0.0
10,12,2010,0.03
10,13,2010,0.5
10,14,2010,0.0
10,15,2010,null
10,16,2010,0.03
10,17,2010,0.0
10,18,2010,0.0
10,19,2010,0.0
10,20,2010,0.0
10,21,2010,0.0
10,22,2010,0.0
10,23,2010,null
10,24,2010,null
10,25,2010,null
10,26,2010,null
10,27,2010,null
10,28,2010,null
10,29,2010,null
10,30,2010,null
10,31,2010,null
11,01,2010,0.0
11,02,2010,0.0
11,03,2010,0.0
11,04,2010,0.0
11,05,2010,0.0
11,06,2010,0.0
11,07,2010,0.0
11,08,2010,0.0
11,09,2010,4.0
11,10,2010,0.0
11,11,2010,0.0
11,12,2010,0.0
11,13,2010,0.0
11,14,2010,0.0
11,15,2010,0.0
11,16,2010,0.0
11,17,2010,0.0
11,18,2010,0.0
11,19,2010,0.0
11,20,2010,0.0
11,21,2010,0.0
11,22,2010,0.0
11,23,2010,0.0
11,24,2010,0.0
11,25,2010,0.0
11,26,2010,0.0
11,27,2010,0.0
11,28,2010,0.0
11,29,2010,0.0
11,30,2010,0.0
12,01,2010,0.0
12,02,2010,0.0
12,03,2010,0.0
12,04,2010,0.0
12,05,2010,0.0
12,06,2010,0.0
12,07,2010,0.0
12,08,2010,0.0
12,09,2010,0.0
12,10,2010,0.0
12,11,2010,0.0
12,12,2010,0.0
12,13,2010,0.0
12,14,2010,0.0
12,15,2010,0.0
12,16,2010,0.0
12,17,2010,0.0
12,18,2010,0.0
12,19,2010,0.0
12,20,2010,0.0
12,21,2010,null
12,22,2010,null
12,23,2010,null
12,24,2010,null
12,25,2010,null
12,26,2010,null
12,27,2010,null
12,28,2010,null
12,29,2010,null
12,30,2010,null
12,31,2010,null
01,01,2011,0.0
01,02,2011,0.0
01,03,2011,0.0
01,04,2011,0.0
01,05,2011,0.0
01,06,2011,0.0
01,07,2011,0.0
01,08,2011,0.0
01,09,2011,0.0
01,10,2011,0.0
01,11,2011,0.0
01,12,2011,0.0
01,13,2011,0.0
01,14,2011,0.0
01,15,2011,0.0
01,16,2011,0.0
01,17,2011,0.0
01,18,2011,0.0
01,19,2011,0.0
01,20,2011,0.0
01,21,2011,0.0
01,22,2011,0.0
01,23,2011,0.0
01,24,2011,0.0
01,25,2011,0.0
01,26,2011,0.0
01,27,2011,0.0
01,28,2011,0.0
01,29,2011,0.0
01,30,2011,0.0
01,31,2011,0.0
02,01,2011,0.0
02,02,2011,0.0
02,03,2011,0.0
02,04,2011,0.0
02,05,2011,0.0
02,06,2011,0.0
02,07,2011,0.0
02,08,2011,0.0
02,09,2011,0.0
02,10,2011,0.0
02,11,2011,0.0
02,12,2011,0.0
02,13,2011,0.0
02,14,2011,0.0
02,15,2011,0.0
02,16,2011,0.0
02,17,2011,0.0
02,18,2011,0.0
02,19,2011,0.0
02,20,2011,0.0
02,21,2011,0.0
02,22,2011,0.0
02,23,2011,0.0
02,24,2011,0.0
02,25,2011,0.0
02,26,2011,0.0
02,27,2011,0.0
02,28,2011,0.0
03,01,2011,0.0
03,02,2011,0.0
03,03,2011,0.0
03,04,2011,0.0
03,05,2011,0.0
03,06,2011,0.0
03,07,2011,0.0
03,08,2011,0.0
03,09,2011,0.0
03,10,2011,0.0
03,11,2011,0.0
03,12,2011,0.0
03,13,2011,0.0
03,14,2011,0.0
03,15,2011,0.0
03,16,2011,0.0
03,17,2011,0.0
03,18,2011,0.0
03,19,2011,0.0
03,20,2011,0.0
03,21,2011,0.0
03,22,2011,0.0
03,23,2011,0.0
03,24,2011,0.0
03,25,2011,0.0
03,26,2011,0.0
03,27,2011,0.0
03,28,2011,0.0
03,29,2011,0.0
03,30,2011,0.0
03,31,2011,0.0
04,01,2011,0.0
04,02,2011,0.0
04,03,2011,0.0
04,04,2011,0.0
04,05,2011,0.0
04,06,2011,0.0
04,07,2011,0.0
04,08,2011,0.0
04,09,2011,0.0
04,10,2011,0.0
04,11,2011,0.0
04,12,2011,0.0
04,13,2011,0.0
04,14,2011,null
04,15,2011,null
04,16,2011,null
04,17,2011,null
04,18,2011,null
04,19,2011,null
04,20,2011,null
04,21,2011,null
04,22,2011,0.0
04,23,2011,0.0
04,24,2011,0.0
04,25,2011,0.0
04,26,2011,0.0
04,27,2011,0.0
04,28,2011,0.0
04,29,2011,0.0
04,30,2011,0.0
05,01,2011,0.0
05,02,2011,0.0
05,03,2011,0.0
05,04,2011,0.0
05,05,2011,0.0
05,06,2011,0.0
05,07,2011,0.0
05,08,2011,0.0
05,09,2011,0.0
05,10,2011,0.0
05,11,2011,0.0
05,12,2011,0.0
05,13,2011,0.0
05,14,2011,0.0
05,15,2011,0.0
05,16,2011,0.0
05,17,2011,0.0
05,18,2011,0.0
05,19,2011,0.0
05,20,2011,0.0
05,21,2011,0.0
05,22,2011,0.0
05,23,2011,0.0
05,24,2011,0.0
05,25,2011,0.0
05,26,2011,0.0
05,27,2011,0.0
05,28,2011,0.0
05,29,2011,0.0
05,30,2011,1.3
05,31,2011,18.1
06,01,2011,0.0
06,02,2011,0.0
06,03,2011,0.0
06,04,2011,0.0
06,05,2011,0.0
06,06,2011,0.0
06,07,2011,0.0
06,08,2011,0.0
06,09,2011,0.0
06,10,2011,0.0
06,11,2011,0.0
06,12,2011,0.0
06,13,2011,0.0
06,14,2011,0.0
06,15,2011,0.0
06,16,2011,0.0
06,17,2011,0.0
06,18,2011,0.0
06,19,2011,0.0
06,20,2011,0.0
06,21,2011,0.0
06,22,2011,0.0
06,23,2011,0.0
06,24,2011,0.0
06,25,2011,0.0
06,26,2011,0.0
06,27,2011,0.0
06,28,2011,0.0
06,29,2011,0.0
06,30,2011,0.0
07,01,2011,0.0
07,02,2011,1.4
07,03,2011,1.9
07,04,2011,0.0
07,05,2011,0.0
07,06,2011,0.0
07,07,2011,0.0
07,08,2011,0.0
07,09,2011,3.9
07,10,2011,0.0
07,11,2011,7.9
07,12,2011,0.0
07,13,2011,0.0
07,14,2011,0.0
07,15,2011,0.0
07,16,2011,0.0
07,17,2011,0.0
07,18,2011,3.4
07,19,2011,0.0
07,20,2011,1.1
07,21,2011,6.7
07,22,2011,null
07,23,2011,null
07,24,2011,null
07,25,2011,null
07,26,2011,null
07,27,2011,null
07,28,2011,null
07,29,2011,null
07,30,2011,null
07,31,2011,0.0
08,01,2011,null
08,02,2011,null
08,03,2011,null
08,04,2011,1.6
08,05,2011,7.9
08,06,2011,0.0
08,07,2011,0.0
08,08,2011,0.0
08,09,2011,0.0
08,10,2011,4.6
08,11,2011,3.1
08,12,2011,0.0
08,13,2011,0.0
08,14,2011,0.0
08,15,2011,0.0
08,16,2011,0.0
08,17,2011,0.0
08,18,2011,0.0
08,19,2011,0.0
08,20,2011,0.0
08,21,2011,0.0
08,22,2011,0.0
08,23,2011,0.0
08,24,2011,0.0
08,25,2011,0.0
08,26,2011,0.0
08,27,2011,0.0
08,28,2011,0.0
08,29,2011,0.0
08,30,2011,0.0
08,31,2011,0.0
09,01,2011,0.0
09,02,2011,18.0
09,03,2011,37.7
09,04,2011,0.5
09,05,2011,0.0
09,06,2011,0.0
09,07,2011,0.0
09,08,2011,0.0
09,09,2011,0.0
09,10,2011,0.0
09,11,2011,0.0
09,12,2011,0.0
09,13,2011,0.0
09,14,2011,0.0
09,15,2011,14.3
09,16,2011,0.0
09,17,2011,0.0
09,18,2011,0.0
09,19,2011,0.0
09,20,2011,0.0
09,21,2011,0.0
09,22,2011,0.0
09,23,2011,0.0
09,24,2011,0.0
09,25,2011,0.0
09,26,2011,0.0
09,27,2011,0.0
09,28,2011,null
09,29,2011,null
09,30,2011,0.0
10,01,2011,null
10,02,2011,null
10,03,2011,null
10,04,2011,null
10,05,2011,null
10,06,2011,null
10,07,2011,null
10,08,2011,null
10,09,2011,null
10,10,2011,null
10,11,2011,null
10,12,2011,null
10,13,2011,null
10,14,2011,null
10,15,2011,null
10,16,2011,null
10,17,2011,null
10,18,2011,null
10,19,2011,null
10,20,2011,null
10,21,2011,null
10,22,2011,null
10,23,2011,null
10,24,2011,null
10,25,2011,null
10,26,2011,null
10,27,2011,null
10,28,2011,null
10,29,2011,null
10,30,2011,null
10,31,2011,null
11,01,2011,0.0
11,02,2011,0.0
11,03,2011,0.0
11,04,2011,0.0
11,05,2011,0.0
11,06,2011,0.0
11,07,2011,0.0
11,08,2011,0.0
11,09,2011,0.0
11,10,2011,0.0
11,11,2011,0.0
11,12,2011,0.0
11,13,2011,0.0
11,14,2011,0.0
11,15,2011,0.0
11,16,2011,0.0
11,17,2011,0.0
11,18,2011,0.0
11,19,2011,0.0
11,20,2011,0.0
11,21,2011,0.0
11,22,2011,0.0
11,23,2011,0.0
11,24,2011,0.0
11,25,2011,0.0
11,26,2011,0.0
11,27,2011,0.0
11,28,2011,0.0
11,29,2011,0.0
11,30,2011,0.0
12,01,2011,0.0
12,02,2011,0.0
12,03,2011,0.0
12,04,2011,0.0
12,05,2011,0.0
12,06,2011,0.0
12,07,2011,0.0
12,08,2011,0.0
12,09,2011,0.0
12,10,2011,0.0
12,11,2011,0.0
12,12,2011,0.0
12,13,2011,0.0
12,14,2011,0.0
12,15,2011,0.0
12,16,2011,0.0
12,17,2011,0.0
12,18,2011,0.0
12,19,2011,0.0
12,20,2011,0.0
12,21,2011,0.0
12,22,2011,0.0
12,23,2011,0.0
12,24,2011,0.0
12,25,2011,0.0
12,26,2011,0.0
12,27,2011,0.0
12,28,2011,0.0
12,29,2011,0.0
12,30,2011,0.0
12,31,2011,0.0
01,01,2012,0.0
01,02,2012,0.0
01,03,2012,0.0
01,04,2012,0.0
01,05,2012,0.0
01,06,2012,0.0
01,07,2012,0.0
01,08,2012,0.0
01,09,2012,0.0
01,10,2012,0.0
01,11,2012,0.0
01,12,2012,0.0
01,13,2012,0.0
01,14,2012,0.0
01,15,2012,0.0
01,16,2012,0.0
01,17,2012,0.0
01,18,2012,0.0
01,19,2012,0.0
01,20,2012,0.0
01,21,2012,0.0
01,22,2012,0.0
01,23,2012,0.0
01,24,2012,0.0
01,25,2012,0.0
01,26,2012,0.0
01,27,2012,0.0
01,28,2012,0.0
01,29,2012,21.6
01,30,2012,0.0
01,31,2012,0.0
02,01,2012,0.0
02,02,2012,0.0
02,03,2012,0.0
02,04,2012,0.0
02,05,2012,1.6
02,06,2012,0.0
02,07,2012,0.0
02,08,2012,9.2
02,09,2012,2.0
02,10,2012,0.0
02,11,2012,0.0
02,12,2012,0.0
02,13,2012,0.0
02,14,2012,0.0
02,15,2012,0.0
02,16,2012,0.0
02,17,2012,2.4
02,18,2012,0.0
02,19,2012,0.0
02,20,2012,0.0
02,21,2012,0.0
02,22,2012,0.0
02,23,2012,0.0
02,24,2012,0.0
02,25,2012,0.0
02,26,2012,0.0
02,27,2012,0.0
02,28,2012,0.0
02,29,2012,null
03,01,2012,0.0
03,02,2012,0.0
03,03,2012,0.0
03,04,2012,0.0
03,05,2012,0.0
03,06,2012,0.0
03,07,2012,0.0
03,08,2012,0.0
03,09,2012,0.0
03,10,2012,0.0
03,11,2012,0.0
03,12,2012,0.0
03,13,2012,0.0
03,14,2012,0.0
03,15,2012,0.0
03,16,2012,0.0
03,17,2012,0.0
03,18,2012,0.0
03,19,2012,0.0
03,20,2012,0.0
03,21,2012,0.0
03,22,2012,0.0
03,23,2012,0.0
03,24,2012,0.0
03,25,2012,0.0
03,26,2012,0.0
03,27,2012,0.0
03,28,2012,0.0
03,29,2012,0.0
03,30,2012,0.0
03,31,2012,0.0
04,01,2012,null
04,02,2012,null
04,03,2012,null
04,04,2012,0.0
04,05,2012,0.0
04,06,2012,0.0
04,07,2012,0.0
04,08,2012,0.0
04,09,2012,1.4
04,10,2012,0.0
04,11,2012,0.0
04,12,2012,0.0
04,13,2012,0.0
04,14,2012,0.0
04,15,2012,0.0
04,16,2012,0.0
04,17,2012,0.0
04,18,2012,1.4
04,19,2012,0.0
04,20,2012,0.0
04,21,2012,0.0
04,22,2012,0.0
04,23,2012,0.0
04,24,2012,0.0
04,25,2012,0.0
04,26,2012,0.0
04,27,2012,0.0
04,28,2012,0.0
04,29,2012,0.0
04,30,2012,0.0
05,01,2012,0.0
05,02,2012,0.0
05,03,2012,0.0
05,04,2012,0.0
05,05,2012,0.9
05,06,2012,0.0
05,07,2012,0.0
05,08,2012,0.0
05,09,2012,0.0
05,10,2012,0.0
05,11,2012,0.0
05,12,2012,0.0
05,13,2012,0.0
05,14,2012,0.0
05,15,2012,0.0
05,16,2012,0.0
05,17,2012,0.0
05,18,2012,0.0
05,19,2012,0.0
05,20,2012,0.0
05,21,2012,0.0
05,22,2012,0.0
05,23,2012,0.0
05,24,2012,0.0
05,25,2012,0.0
05,26,2012,0.0
05,27,2012,0.0
05,28,2012,0.0
05,29,2012,0.0
05,30,2012,0.0
05,31,2012,0.0
06,01,2012,3.5
06,02,2012,0.0
06,03,2012,0.0
06,04,2012,0.0
06,05,2012,0.0
06,06,2012,0.0
06,07,2012,0.0
06,08,2012,0.0
06,09,2012,0.0
06,10,2012,0.0
06,11,2012,0.0
06,12,2012,0.0
06,13,2012,0.7
06,14,2012,0.0
06,15,2012,0.0
06,16,2012,0.0
06,17,2012,0.0
06,18,2012,0.0
06,19,2012,0.0
06,20,2012,0.0
06,21,2012,0.0
06,22,2012,0.0
06,23,2012,0.0
06,24,2012,0.0
06,25,2012,0.0
06,26,2012,0.0
06,27,2012,0.0
06,28,2012,0.0
06,29,2012,0.0
06,30,2012,1.8
07,01,2012,0.0
07,02,2012,0.8
07,03,2012,0.0
07,04,2012,1.1
07,05,2012,0.0
07,06,2012,0.0
07,07,2012,0.0
07,08,2012,0.0
07,09,2012,0.0
07,10,2012,0.0
07,11,2012,1.3
07,12,2012,0.0
07,13,2012,0.0
07,14,2012,0.0
07,15,2012,0.0
07,16,2012,10.5
07,17,2012,1.0
07,18,2012,0.0
07,19,2012,2.6
07,20,2012,0.0
07,21,2012,0.0
07,22,2012,0.0
07,23,2012,10.3
07,24,2012,0.0
07,25,2012,1.3
07,26,2012,0.0
07,27,2012,0.3
07,28,2012,0.0
07,29,2012,1.4
07,30,2012,0.0
07,31,2012,0.0
08,01,2012,0.0
08,02,2012,0.0
08,03,2012,0.0
08,04,2012,0.0
08,05,2012,4.6
08,06,2012,5.5
08,07,2012,1.6
08,08,2012,3.7
08,09,2012,0.0
08,10,2012,0.0
08,11,2012,0.0
08,12,2012,0.0
08,13,2012,0.8
08,14,2012,0.0
08,15,2012,0.9
08,16,2012,0.0
08,17,2012,0.0
08,18,2012,0.0
08,19,2012,1.5
08,20,2012,0.0
08,21,2012,0.0
08,22,2012,0.0
08,23,2012,0.0
08,24,2012,0.0
08,25,2012,0.0
08,26,2012,19.3
08,27,2012,0.0
08,28,2012,0.0
08,29,2012,0.0
08,30,2012,0.0
08,31,2012,0.0
09,01,2012,0.0
09,02,2012,1.0
09,03,2012,9.1
09,04,2012,0.0
09,05,2012,0.0
09,06,2012,0.0
09,07,2012,0.0
09,08,2012,0.0
09,09,2012,8.2
09,10,2012,0.0
09,11,2012,0.0
09,12,2012,0.0
09,13,2012,43.7
09,14,2012,43.4
09,15,2012,22.4
09,16,2012,0.6
09,17,2012,0.0
09,18,2012,0.0
09,19,2012,0.0
09,20,2012,0.0
09,21,2012,0.0
09,22,2012,0.0
09,23,2012,0.0
09,24,2012,0.0
09,25,2012,0.0
09,26,2012,0.0
09,27,2012,0.0
09,28,2012,5.2
09,29,2012,0.0
09,30,2012,0.0
10,01,2012,0.0
10,02,2012,0.0
10,03,2012,0.0
10,04,2012,0.0
10,05,2012,0.0
10,06,2012,0.0
10,07,2012,0.0
10,08,2012,0.0
10,09,2012,0.0
10,10,2012,0.0
10,11,2012,0.0
10,12,2012,0.0
10,13,2012,8.8
10,14,2012,41.8
10,15,2012,9.0
10,16,2012,0.6
10,17,2012,0.0
10,18,2012,0.0
10,19,2012,0.0
10,20,2012,0.0
10,21,2012,0.0
10,22,2012,0.0
10,23,2012,0.0
10,24,2012,0.0
10,25,2012,0.0
10,26,2012,16.8
10,27,2012,1.6
10,28,2012,0.0
10,29,2012,0.0
10,30,2012,0.0
10,31,2012,0.0
11,01,2012,0.0
11,02,2012,0.0
11,03,2012,0.0
11,04,2012,null
11,05,2012,0.0
11,06,2012,0.0
11,07,2012,0.0
11,08,2012,0.0
11,09,2012,0.0
11,10,2012,0.0
11,11,2012,0.0
11,12,2012,0.0
11,13,2012,0.0
11,14,2012,0.0
11,15,2012,0.0
11,16,2012,0.0
11,17,2012,0.0
11,18,2012,0.0
11,19,2012,0.0
11,20,2012,0.0
11,21,2012,0.0
11,22,2012,2.9
11,23,2012,0.6
11,24,2012,0.0
11,25,2012,0.0
11,26,2012,0.0
11,27,2012,0.0
11,28,2012,0.0
11,29,2012,0.0
11,30,2012,0.0
12,01,2012,0.0
12,02,2012,0.0
12,03,2012,0.0
12,04,2012,0.0
12,05,2012,0.0
12,06,2012,0.0
12,07,2012,0.0
12,08,2012,0.0
12,09,2012,0.0
12,10,2012,0.0
12,11,2012,0.0
12,12,2012,0.0
12,13,2012,0.6
12,14,2012,0.0
12,15,2012,0.0
12,16,2012,0.0
12,17,2012,0.0
12,18,2012,0.0
12,19,2012,0.0
12,20,2012,0.0
12,21,2012,0.0
12,22,2012,0.0
12,23,2012,0.0
12,24,2012,0.0
12,25,2012,0.0
12,26,2012,0.0
12,27,2012,0.0
12,28,2012,0.0
12,29,2012,0.0
12,30,2012,0.0
12,31,2012,0.0
